label,text
spam,Congratulations! You have won a cash prize. Claim now. Ref3162
ham,Thank you for your email. I will review it. Ref1783
ham,Reminder: team meeting at 3 PM today. Ref1319
ham,Please find the project update attached. Ref3542
ham,Reminder: team meeting at 3 PM today. Ref3215
spam,Earn money fast from home. Click here now. Ref4964
spam,Limited time offer! Get free rewards today. Ref3279
ham,Thank you for your email. I will review it. Ref2552
spam,Congratulations! You have won a cash prize. Claim now. Ref3938
spam,Urgent: Verify your account and win a bonus. Ref4612
spam,Urgent: Verify your account and win a bonus. Ref134
spam,Congratulations! You have won a cash prize. Claim now. Ref1211
spam,Congratulations! You have won a cash prize. Claim now. Ref4838
spam,You have been selected for an exclusive gift card. Ref4615
spam,Limited time offer! Get free rewards today. Ref2850
ham,Please find the project update attached. Ref4247
spam,Limited time offer! Get free rewards today. Ref4425
ham,Reminder: team meeting at 3 PM today. Ref4255
spam,You have been selected for an exclusive gift card. Ref1827
spam,Earn money fast from home. Click here now. Ref285
spam,Earn money fast from home. Click here now. Ref4216
ham,Let's discuss the requirements in today's call. Ref510
spam,Earn money fast from home. Click here now. Ref2889
ham,Let's discuss the requirements in today's call. Ref2656
ham,Reminder: team meeting at 3 PM today. Ref1647
ham,Please find the project update attached. Ref1818
ham,"Hi, can we schedule a meeting for tomorrow? Ref4406"
spam,Limited time offer! Get free rewards today. Ref1568
spam,Limited time offer! Get free rewards today. Ref787
ham,Please find the project update attached. Ref1555
ham,Please find the project update attached. Ref2510
ham,Let's discuss the requirements in today's call. Ref1271
spam,Limited time offer! Get free rewards today. Ref1916
ham,Reminder: team meeting at 3 PM today. Ref2413
ham,"Hi, can we schedule a meeting for tomorrow? Ref1979"
ham,Reminder: team meeting at 3 PM today. Ref2039
ham,Please find the project update attached. Ref3847
ham,Please find the project update attached. Ref4098
ham,Thank you for your email. I will review it. Ref4407
ham,Let's discuss the requirements in today's call. Ref3344
spam,Earn money fast from home. Click here now. Ref2754
ham,"Hi, can we schedule a meeting for tomorrow? Ref2920"
ham,Let's discuss the requirements in today's call. Ref1117
spam,Earn money fast from home. Click here now. Ref1282
ham,Thank you for your email. I will review it. Ref3922
spam,Limited time offer! Get free rewards today. Ref3273
spam,Earn money fast from home. Click here now. Ref4457
ham,"Hi, can we schedule a meeting for tomorrow? Ref4431"
ham,Let's discuss the requirements in today's call. Ref1829
ham,Please find the project update attached. Ref3589
spam,Limited time offer! Get free rewards today. Ref2772
ham,Reminder: team meeting at 3 PM today. Ref1748
ham,"Hi, can we schedule a meeting for tomorrow? Ref2993"
ham,Please find the project update attached. Ref1732
spam,Urgent: Verify your account and win a bonus. Ref988
spam,Limited time offer! Get free rewards today. Ref2255
spam,Earn money fast from home. Click here now. Ref2242
ham,"Hi, can we schedule a meeting for tomorrow? Ref4265"
spam,You have been selected for an exclusive gift card. Ref506
spam,Limited time offer! Get free rewards today. Ref4379
ham,Reminder: team meeting at 3 PM today. Ref1549
spam,Earn money fast from home. Click here now. Ref1853
spam,Congratulations! You have won a cash prize. Claim now. Ref4694
spam,You have been selected for an exclusive gift card. Ref4576
ham,Thank you for your email. I will review it. Ref4676
ham,Let's discuss the requirements in today's call. Ref3204
ham,Let's discuss the requirements in today's call. Ref2105
ham,"Hi, can we schedule a meeting for tomorrow? Ref1047"
spam,Congratulations! You have won a cash prize. Claim now. Ref4312
spam,Congratulations! You have won a cash prize. Claim now. Ref3158
ham,Reminder: team meeting at 3 PM today. Ref247
spam,You have been selected for an exclusive gift card. Ref4346
ham,Please find the project update attached. Ref4372
ham,Please find the project update attached. Ref547
ham,Please find the project update attached. Ref1308
ham,Let's discuss the requirements in today's call. Ref3028
ham,"Hi, can we schedule a meeting for tomorrow? Ref1283"
spam,You have been selected for an exclusive gift card. Ref4869
ham,Reminder: team meeting at 3 PM today. Ref1433
spam,Earn money fast from home. Click here now. Ref1402
spam,Limited time offer! Get free rewards today. Ref688
ham,Please find the project update attached. Ref4054
spam,Earn money fast from home. Click here now. Ref2348
spam,Urgent: Verify your account and win a bonus. Ref2366
spam,Urgent: Verify your account and win a bonus. Ref3584
spam,You have been selected for an exclusive gift card. Ref258
ham,Thank you for your email. I will review it. Ref2040
spam,Congratulations! You have won a cash prize. Claim now. Ref3708
ham,Let's discuss the requirements in today's call. Ref1973
spam,You have been selected for an exclusive gift card. Ref41
spam,Limited time offer! Get free rewards today. Ref1836
spam,Congratulations! You have won a cash prize. Claim now. Ref674
ham,Thank you for your email. I will review it. Ref3580
ham,Reminder: team meeting at 3 PM today. Ref3522
spam,You have been selected for an exclusive gift card. Ref858
spam,Earn money fast from home. Click here now. Ref381
spam,Urgent: Verify your account and win a bonus. Ref4743
spam,Urgent: Verify your account and win a bonus. Ref4865
ham,"Hi, can we schedule a meeting for tomorrow? Ref4028"
spam,You have been selected for an exclusive gift card. Ref879
ham,Thank you for your email. I will review it. Ref1321
spam,Limited time offer! Get free rewards today. Ref1845
ham,"Hi, can we schedule a meeting for tomorrow? Ref4444"
ham,Let's discuss the requirements in today's call. Ref4686
spam,Limited time offer! Get free rewards today. Ref718
spam,Urgent: Verify your account and win a bonus. Ref1417
spam,Congratulations! You have won a cash prize. Claim now. Ref4630
ham,Please find the project update attached. Ref1511
spam,Urgent: Verify your account and win a bonus. Ref214
spam,You have been selected for an exclusive gift card. Ref2135
spam,Urgent: Verify your account and win a bonus. Ref4160
ham,"Hi, can we schedule a meeting for tomorrow? Ref4232"
spam,Limited time offer! Get free rewards today. Ref2114
spam,You have been selected for an exclusive gift card. Ref3196
spam,Limited time offer! Get free rewards today. Ref4352
spam,Limited time offer! Get free rewards today. Ref4848
spam,Urgent: Verify your account and win a bonus. Ref375
ham,"Hi, can we schedule a meeting for tomorrow? Ref3504"
ham,Let's discuss the requirements in today's call. Ref4538
spam,Congratulations! You have won a cash prize. Claim now. Ref3763
spam,Limited time offer! Get free rewards today. Ref3485
spam,Limited time offer! Get free rewards today. Ref3533
ham,Please find the project update attached. Ref374
spam,Earn money fast from home. Click here now. Ref2131
ham,Please find the project update attached. Ref2578
spam,Limited time offer! Get free rewards today. Ref4462
ham,Please find the project update attached. Ref2712
ham,Let's discuss the requirements in today's call. Ref1167
ham,Reminder: team meeting at 3 PM today. Ref4606
ham,Thank you for your email. I will review it. Ref4851
spam,Limited time offer! Get free rewards today. Ref1432
ham,Please find the project update attached. Ref3145
spam,Urgent: Verify your account and win a bonus. Ref1193
spam,Limited time offer! Get free rewards today. Ref2931
spam,You have been selected for an exclusive gift card. Ref3508
ham,Thank you for your email. I will review it. Ref1923
spam,Limited time offer! Get free rewards today. Ref1738
ham,"Hi, can we schedule a meeting for tomorrow? Ref4901"
spam,Limited time offer! Get free rewards today. Ref163
spam,Limited time offer! Get free rewards today. Ref4662
ham,Thank you for your email. I will review it. Ref729
spam,Limited time offer! Get free rewards today. Ref1660
spam,Limited time offer! Get free rewards today. Ref4563
ham,Please find the project update attached. Ref4119
spam,Limited time offer! Get free rewards today. Ref4119
ham,Let's discuss the requirements in today's call. Ref4690
spam,Congratulations! You have won a cash prize. Claim now. Ref4008
ham,Please find the project update attached. Ref990
spam,Earn money fast from home. Click here now. Ref4554
spam,You have been selected for an exclusive gift card. Ref540
spam,You have been selected for an exclusive gift card. Ref194
spam,You have been selected for an exclusive gift card. Ref1653
ham,"Hi, can we schedule a meeting for tomorrow? Ref431"
ham,Please find the project update attached. Ref345
spam,Earn money fast from home. Click here now. Ref661
spam,Congratulations! You have won a cash prize. Claim now. Ref4308
ham,Thank you for your email. I will review it. Ref1112
ham,Let's discuss the requirements in today's call. Ref4266
spam,Congratulations! You have won a cash prize. Claim now. Ref2357
spam,Congratulations! You have won a cash prize. Claim now. Ref3269
ham,Let's discuss the requirements in today's call. Ref2187
spam,Earn money fast from home. Click here now. Ref1100
spam,Limited time offer! Get free rewards today. Ref4521
ham,Thank you for your email. I will review it. Ref2184
ham,"Hi, can we schedule a meeting for tomorrow? Ref360"
ham,"Hi, can we schedule a meeting for tomorrow? Ref1088"
spam,Congratulations! You have won a cash prize. Claim now. Ref2402
ham,Thank you for your email. I will review it. Ref3175
ham,Reminder: team meeting at 3 PM today. Ref1231
ham,Reminder: team meeting at 3 PM today. Ref4705
spam,Urgent: Verify your account and win a bonus. Ref1726
ham,Please find the project update attached. Ref2454
spam,Earn money fast from home. Click here now. Ref2493
spam,Congratulations! You have won a cash prize. Claim now. Ref3751
ham,"Hi, can we schedule a meeting for tomorrow? Ref3381"
spam,Limited time offer! Get free rewards today. Ref4108
ham,"Hi, can we schedule a meeting for tomorrow? Ref268"
ham,Please find the project update attached. Ref2395
ham,Please find the project update attached. Ref2699
ham,Reminder: team meeting at 3 PM today. Ref3593
spam,You have been selected for an exclusive gift card. Ref897
spam,Limited time offer! Get free rewards today. Ref1422
ham,Thank you for your email. I will review it. Ref2494
ham,Let's discuss the requirements in today's call. Ref3127
spam,Congratulations! You have won a cash prize. Claim now. Ref4007
ham,Let's discuss the requirements in today's call. Ref3710
ham,Please find the project update attached. Ref2262
ham,Thank you for your email. I will review it. Ref2062
ham,Thank you for your email. I will review it. Ref3501
ham,Reminder: team meeting at 3 PM today. Ref3064
ham,Let's discuss the requirements in today's call. Ref2715
spam,You have been selected for an exclusive gift card. Ref3203
ham,Let's discuss the requirements in today's call. Ref1222
ham,Thank you for your email. I will review it. Ref396
ham,Let's discuss the requirements in today's call. Ref4740
spam,You have been selected for an exclusive gift card. Ref1001
ham,Thank you for your email. I will review it. Ref4766
ham,Thank you for your email. I will review it. Ref697
ham,Let's discuss the requirements in today's call. Ref2193
spam,You have been selected for an exclusive gift card. Ref1743
spam,Earn money fast from home. Click here now. Ref1578
ham,"Hi, can we schedule a meeting for tomorrow? Ref3020"
spam,Urgent: Verify your account and win a bonus. Ref4896
spam,Limited time offer! Get free rewards today. Ref265
spam,Congratulations! You have won a cash prize. Claim now. Ref3336
ham,"Hi, can we schedule a meeting for tomorrow? Ref4015"
spam,Earn money fast from home. Click here now. Ref4090
ham,"Hi, can we schedule a meeting for tomorrow? Ref1774"
ham,Thank you for your email. I will review it. Ref216
ham,Thank you for your email. I will review it. Ref4799
ham,Let's discuss the requirements in today's call. Ref1012
spam,Urgent: Verify your account and win a bonus. Ref2830
ham,Thank you for your email. I will review it. Ref103
spam,Congratulations! You have won a cash prize. Claim now. Ref4721
spam,Earn money fast from home. Click here now. Ref4628
ham,Let's discuss the requirements in today's call. Ref3328
spam,Limited time offer! Get free rewards today. Ref536
spam,Urgent: Verify your account and win a bonus. Ref2942
ham,Let's discuss the requirements in today's call. Ref318
ham,Reminder: team meeting at 3 PM today. Ref1085
spam,Limited time offer! Get free rewards today. Ref1370
spam,Earn money fast from home. Click here now. Ref4154
ham,Please find the project update attached. Ref2113
ham,"Hi, can we schedule a meeting for tomorrow? Ref2931"
spam,Earn money fast from home. Click here now. Ref181
ham,"Hi, can we schedule a meeting for tomorrow? Ref1044"
ham,Let's discuss the requirements in today's call. Ref539
ham,Please find the project update attached. Ref1267
spam,Earn money fast from home. Click here now. Ref2727
spam,You have been selected for an exclusive gift card. Ref840
ham,Reminder: team meeting at 3 PM today. Ref4501
spam,Limited time offer! Get free rewards today. Ref4931
ham,Thank you for your email. I will review it. Ref4287
spam,Limited time offer! Get free rewards today. Ref2838
ham,Let's discuss the requirements in today's call. Ref933
ham,"Hi, can we schedule a meeting for tomorrow? Ref3051"
ham,"Hi, can we schedule a meeting for tomorrow? Ref1895"
spam,Earn money fast from home. Click here now. Ref4578
ham,Let's discuss the requirements in today's call. Ref4125
spam,Congratulations! You have won a cash prize. Claim now. Ref833
spam,You have been selected for an exclusive gift card. Ref4709
ham,Let's discuss the requirements in today's call. Ref2596
spam,Earn money fast from home. Click here now. Ref4926
spam,Limited time offer! Get free rewards today. Ref188
ham,Thank you for your email. I will review it. Ref2116
ham,Let's discuss the requirements in today's call. Ref4435
ham,Please find the project update attached. Ref3645
spam,Congratulations! You have won a cash prize. Claim now. Ref252
spam,Earn money fast from home. Click here now. Ref4364
ham,Reminder: team meeting at 3 PM today. Ref2659
ham,"Hi, can we schedule a meeting for tomorrow? Ref3924"
ham,Thank you for your email. I will review it. Ref2328
ham,Please find the project update attached. Ref3436
spam,Earn money fast from home. Click here now. Ref1551
ham,Thank you for your email. I will review it. Ref4575
spam,Congratulations! You have won a cash prize. Claim now. Ref2949
spam,Limited time offer! Get free rewards today. Ref3951
spam,Limited time offer! Get free rewards today. Ref4728
spam,Congratulations! You have won a cash prize. Claim now. Ref482
ham,Please find the project update attached. Ref896
spam,Limited time offer! Get free rewards today. Ref3210
ham,Let's discuss the requirements in today's call. Ref555
ham,Please find the project update attached. Ref3649
spam,Congratulations! You have won a cash prize. Claim now. Ref2782
spam,Earn money fast from home. Click here now. Ref3429
spam,You have been selected for an exclusive gift card. Ref1729
ham,Thank you for your email. I will review it. Ref2959
spam,Limited time offer! Get free rewards today. Ref2500
spam,You have been selected for an exclusive gift card. Ref3615
spam,Limited time offer! Get free rewards today. Ref108
ham,Let's discuss the requirements in today's call. Ref4187
spam,Limited time offer! Get free rewards today. Ref2290
spam,Earn money fast from home. Click here now. Ref1909
spam,You have been selected for an exclusive gift card. Ref3442
spam,Earn money fast from home. Click here now. Ref4101
spam,You have been selected for an exclusive gift card. Ref4444
spam,Congratulations! You have won a cash prize. Claim now. Ref492
ham,Thank you for your email. I will review it. Ref2202
ham,Reminder: team meeting at 3 PM today. Ref1467
spam,You have been selected for an exclusive gift card. Ref2096
spam,Urgent: Verify your account and win a bonus. Ref2195
ham,Please find the project update attached. Ref3491
spam,Urgent: Verify your account and win a bonus. Ref2792
ham,Thank you for your email. I will review it. Ref4533
ham,Let's discuss the requirements in today's call. Ref711
ham,Reminder: team meeting at 3 PM today. Ref1442
ham,Please find the project update attached. Ref2876
ham,Let's discuss the requirements in today's call. Ref3057
ham,Let's discuss the requirements in today's call. Ref4996
ham,Reminder: team meeting at 3 PM today. Ref4809
spam,Earn money fast from home. Click here now. Ref908
spam,Limited time offer! Get free rewards today. Ref713
ham,"Hi, can we schedule a meeting for tomorrow? Ref3531"
ham,Reminder: team meeting at 3 PM today. Ref1562
spam,Congratulations! You have won a cash prize. Claim now. Ref240
ham,Reminder: team meeting at 3 PM today. Ref1539
ham,Thank you for your email. I will review it. Ref3611
spam,You have been selected for an exclusive gift card. Ref2900
ham,Please find the project update attached. Ref1106
spam,You have been selected for an exclusive gift card. Ref4520
spam,Earn money fast from home. Click here now. Ref48
spam,Earn money fast from home. Click here now. Ref2499
ham,Thank you for your email. I will review it. Ref4356
ham,Thank you for your email. I will review it. Ref2873
spam,Congratulations! You have won a cash prize. Claim now. Ref1506
spam,Earn money fast from home. Click here now. Ref1122
ham,Thank you for your email. I will review it. Ref3620
spam,Limited time offer! Get free rewards today. Ref2411
ham,"Hi, can we schedule a meeting for tomorrow? Ref92"
spam,You have been selected for an exclusive gift card. Ref1295
spam,Limited time offer! Get free rewards today. Ref4141
spam,Congratulations! You have won a cash prize. Claim now. Ref3029
ham,Please find the project update attached. Ref1143
ham,Please find the project update attached. Ref3495
spam,Limited time offer! Get free rewards today. Ref4070
spam,Urgent: Verify your account and win a bonus. Ref3167
spam,Limited time offer! Get free rewards today. Ref4434
ham,Thank you for your email. I will review it. Ref2059
spam,Urgent: Verify your account and win a bonus. Ref3570
spam,Congratulations! You have won a cash prize. Claim now. Ref3175
spam,Earn money fast from home. Click here now. Ref1957
spam,Congratulations! You have won a cash prize. Claim now. Ref3978
ham,Let's discuss the requirements in today's call. Ref3883
ham,Let's discuss the requirements in today's call. Ref4128
ham,"Hi, can we schedule a meeting for tomorrow? Ref3734"
spam,Urgent: Verify your account and win a bonus. Ref2360
ham,Let's discuss the requirements in today's call. Ref1357
ham,Reminder: team meeting at 3 PM today. Ref2731
ham,"Hi, can we schedule a meeting for tomorrow? Ref451"
ham,Please find the project update attached. Ref742
ham,Reminder: team meeting at 3 PM today. Ref198
ham,Please find the project update attached. Ref1931
ham,"Hi, can we schedule a meeting for tomorrow? Ref4833"
spam,You have been selected for an exclusive gift card. Ref4442
spam,Earn money fast from home. Click here now. Ref1354
spam,Earn money fast from home. Click here now. Ref2398
spam,Congratulations! You have won a cash prize. Claim now. Ref3571
spam,You have been selected for an exclusive gift card. Ref2275
ham,Thank you for your email. I will review it. Ref4023
ham,Reminder: team meeting at 3 PM today. Ref3104
ham,"Hi, can we schedule a meeting for tomorrow? Ref176"
spam,Limited time offer! Get free rewards today. Ref4445
ham,Reminder: team meeting at 3 PM today. Ref4674
spam,You have been selected for an exclusive gift card. Ref3923
ham,Thank you for your email. I will review it. Ref1264
ham,Let's discuss the requirements in today's call. Ref4066
ham,Let's discuss the requirements in today's call. Ref1292
spam,Congratulations! You have won a cash prize. Claim now. Ref4703
spam,Urgent: Verify your account and win a bonus. Ref433
spam,Limited time offer! Get free rewards today. Ref785
ham,Let's discuss the requirements in today's call. Ref1008
ham,Thank you for your email. I will review it. Ref2419
ham,"Hi, can we schedule a meeting for tomorrow? Ref1269"
spam,You have been selected for an exclusive gift card. Ref2897
ham,Please find the project update attached. Ref4779
ham,Please find the project update attached. Ref2820
spam,You have been selected for an exclusive gift card. Ref4979
spam,You have been selected for an exclusive gift card. Ref3413
spam,Limited time offer! Get free rewards today. Ref3785
spam,Urgent: Verify your account and win a bonus. Ref2800
spam,Limited time offer! Get free rewards today. Ref2315
spam,Limited time offer! Get free rewards today. Ref3349
spam,Earn money fast from home. Click here now. Ref277
ham,Thank you for your email. I will review it. Ref1187
spam,Congratulations! You have won a cash prize. Claim now. Ref428
ham,Let's discuss the requirements in today's call. Ref2231
spam,Urgent: Verify your account and win a bonus. Ref4396
ham,Let's discuss the requirements in today's call. Ref1447
ham,Thank you for your email. I will review it. Ref4963
ham,Let's discuss the requirements in today's call. Ref505
ham,"Hi, can we schedule a meeting for tomorrow? Ref920"
spam,Limited time offer! Get free rewards today. Ref1928
spam,Limited time offer! Get free rewards today. Ref1482
spam,Congratulations! You have won a cash prize. Claim now. Ref756
spam,Congratulations! You have won a cash prize. Claim now. Ref4467
spam,Limited time offer! Get free rewards today. Ref3193
spam,Congratulations! You have won a cash prize. Claim now. Ref2840
ham,Reminder: team meeting at 3 PM today. Ref4514
ham,"Hi, can we schedule a meeting for tomorrow? Ref88"
ham,Please find the project update attached. Ref3654
spam,You have been selected for an exclusive gift card. Ref60
spam,Earn money fast from home. Click here now. Ref2725
ham,Let's discuss the requirements in today's call. Ref545
ham,Let's discuss the requirements in today's call. Ref160
spam,Urgent: Verify your account and win a bonus. Ref968
ham,"Hi, can we schedule a meeting for tomorrow? Ref1778"
spam,Urgent: Verify your account and win a bonus. Ref3743
ham,Thank you for your email. I will review it. Ref4913
spam,Urgent: Verify your account and win a bonus. Ref2692
spam,You have been selected for an exclusive gift card. Ref1352
ham,Let's discuss the requirements in today's call. Ref1246
spam,Limited time offer! Get free rewards today. Ref36
ham,"Hi, can we schedule a meeting for tomorrow? Ref3702"
spam,Urgent: Verify your account and win a bonus. Ref1829
spam,You have been selected for an exclusive gift card. Ref2095
ham,Let's discuss the requirements in today's call. Ref1563
ham,Let's discuss the requirements in today's call. Ref1896
spam,You have been selected for an exclusive gift card. Ref427
spam,You have been selected for an exclusive gift card. Ref3492
spam,Urgent: Verify your account and win a bonus. Ref4957
spam,Limited time offer! Get free rewards today. Ref78
ham,Thank you for your email. I will review it. Ref3399
spam,Limited time offer! Get free rewards today. Ref3272
ham,Let's discuss the requirements in today's call. Ref3442
spam,Earn money fast from home. Click here now. Ref4487
spam,Limited time offer! Get free rewards today. Ref1994
ham,Reminder: team meeting at 3 PM today. Ref2441
spam,Limited time offer! Get free rewards today. Ref2284
spam,Urgent: Verify your account and win a bonus. Ref2891
spam,Congratulations! You have won a cash prize. Claim now. Ref2287
ham,Please find the project update attached. Ref2984
spam,Earn money fast from home. Click here now. Ref1634
ham,"Hi, can we schedule a meeting for tomorrow? Ref1285"
spam,Urgent: Verify your account and win a bonus. Ref2999
spam,Congratulations! You have won a cash prize. Claim now. Ref3912
ham,Please find the project update attached. Ref1018
ham,Let's discuss the requirements in today's call. Ref2359
spam,Earn money fast from home. Click here now. Ref267
ham,Please find the project update attached. Ref3790
ham,"Hi, can we schedule a meeting for tomorrow? Ref1048"
ham,Thank you for your email. I will review it. Ref838
spam,Earn money fast from home. Click here now. Ref4207
spam,Congratulations! You have won a cash prize. Claim now. Ref2967
spam,Congratulations! You have won a cash prize. Claim now. Ref3889
ham,"Hi, can we schedule a meeting for tomorrow? Ref4614"
ham,Reminder: team meeting at 3 PM today. Ref2383
spam,You have been selected for an exclusive gift card. Ref4024
ham,Thank you for your email. I will review it. Ref3743
spam,Urgent: Verify your account and win a bonus. Ref1950
ham,"Hi, can we schedule a meeting for tomorrow? Ref3406"
spam,Urgent: Verify your account and win a bonus. Ref4993
ham,Let's discuss the requirements in today's call. Ref2516
spam,Limited time offer! Get free rewards today. Ref1263
spam,Earn money fast from home. Click here now. Ref3063
spam,Earn money fast from home. Click here now. Ref3614
ham,Reminder: team meeting at 3 PM today. Ref2073
ham,Reminder: team meeting at 3 PM today. Ref4205
spam,You have been selected for an exclusive gift card. Ref4834
spam,You have been selected for an exclusive gift card. Ref4026
ham,"Hi, can we schedule a meeting for tomorrow? Ref4171"
spam,Earn money fast from home. Click here now. Ref1725
ham,Thank you for your email. I will review it. Ref4421
ham,Please find the project update attached. Ref221
spam,Earn money fast from home. Click here now. Ref509
ham,"Hi, can we schedule a meeting for tomorrow? Ref148"
ham,Let's discuss the requirements in today's call. Ref3967
ham,Let's discuss the requirements in today's call. Ref2243
spam,Earn money fast from home. Click here now. Ref4666
spam,You have been selected for an exclusive gift card. Ref79
ham,Please find the project update attached. Ref4396
spam,Urgent: Verify your account and win a bonus. Ref690
ham,Let's discuss the requirements in today's call. Ref1910
ham,"Hi, can we schedule a meeting for tomorrow? Ref4977"
spam,Limited time offer! Get free rewards today. Ref4258
ham,Reminder: team meeting at 3 PM today. Ref4791
ham,"Hi, can we schedule a meeting for tomorrow? Ref2011"
ham,Please find the project update attached. Ref4459
spam,Earn money fast from home. Click here now. Ref4300
ham,"Hi, can we schedule a meeting for tomorrow? Ref3740"
ham,Let's discuss the requirements in today's call. Ref2947
spam,Earn money fast from home. Click here now. Ref3098
spam,Limited time offer! Get free rewards today. Ref917
spam,Limited time offer! Get free rewards today. Ref76
spam,Earn money fast from home. Click here now. Ref2154
ham,Please find the project update attached. Ref4748
ham,Let's discuss the requirements in today's call. Ref4617
ham,Reminder: team meeting at 3 PM today. Ref274
spam,Urgent: Verify your account and win a bonus. Ref4510
spam,Urgent: Verify your account and win a bonus. Ref1511
spam,Limited time offer! Get free rewards today. Ref571
spam,Urgent: Verify your account and win a bonus. Ref3481
ham,Thank you for your email. I will review it. Ref4124
ham,Let's discuss the requirements in today's call. Ref3009
spam,Congratulations! You have won a cash prize. Claim now. Ref3099
ham,Please find the project update attached. Ref1526
spam,Earn money fast from home. Click here now. Ref3456
ham,Please find the project update attached. Ref1861
ham,"Hi, can we schedule a meeting for tomorrow? Ref316"
spam,Earn money fast from home. Click here now. Ref1226
ham,Thank you for your email. I will review it. Ref3061
spam,Earn money fast from home. Click here now. Ref1188
ham,Reminder: team meeting at 3 PM today. Ref2866
ham,"Hi, can we schedule a meeting for tomorrow? Ref2233"
ham,"Hi, can we schedule a meeting for tomorrow? Ref947"
ham,Let's discuss the requirements in today's call. Ref1635
ham,"Hi, can we schedule a meeting for tomorrow? Ref521"
spam,Congratulations! You have won a cash prize. Claim now. Ref2487
ham,Thank you for your email. I will review it. Ref4036
ham,Let's discuss the requirements in today's call. Ref4139
spam,Urgent: Verify your account and win a bonus. Ref1707
ham,Please find the project update attached. Ref2049
spam,You have been selected for an exclusive gift card. Ref4741
spam,You have been selected for an exclusive gift card. Ref4497
spam,Urgent: Verify your account and win a bonus. Ref2368
spam,You have been selected for an exclusive gift card. Ref2797
ham,Please find the project update attached. Ref3739
ham,Thank you for your email. I will review it. Ref4076
ham,Thank you for your email. I will review it. Ref2906
spam,Congratulations! You have won a cash prize. Claim now. Ref2163
spam,Limited time offer! Get free rewards today. Ref2354
spam,Earn money fast from home. Click here now. Ref3071
ham,Please find the project update attached. Ref3041
spam,You have been selected for an exclusive gift card. Ref4790
spam,Congratulations! You have won a cash prize. Claim now. Ref292
spam,Earn money fast from home. Click here now. Ref893
ham,Let's discuss the requirements in today's call. Ref1220
spam,Congratulations! You have won a cash prize. Claim now. Ref1690
ham,Thank you for your email. I will review it. Ref4641
ham,Reminder: team meeting at 3 PM today. Ref232
spam,Limited time offer! Get free rewards today. Ref1109
spam,Urgent: Verify your account and win a bonus. Ref4081
ham,Please find the project update attached. Ref1968
ham,Please find the project update attached. Ref1331
ham,Reminder: team meeting at 3 PM today. Ref3268
spam,Congratulations! You have won a cash prize. Claim now. Ref2361
spam,Urgent: Verify your account and win a bonus. Ref4292
ham,Reminder: team meeting at 3 PM today. Ref4812
ham,Please find the project update attached. Ref3661
ham,Please find the project update attached. Ref3169
spam,Congratulations! You have won a cash prize. Claim now. Ref2446
spam,Limited time offer! Get free rewards today. Ref3711
ham,"Hi, can we schedule a meeting for tomorrow? Ref4757"
spam,Earn money fast from home. Click here now. Ref165
spam,You have been selected for an exclusive gift card. Ref4038
spam,Congratulations! You have won a cash prize. Claim now. Ref735
spam,Limited time offer! Get free rewards today. Ref2003
ham,Thank you for your email. I will review it. Ref4145
spam,Earn money fast from home. Click here now. Ref4161
ham,"Hi, can we schedule a meeting for tomorrow? Ref1781"
spam,Limited time offer! Get free rewards today. Ref404
spam,You have been selected for an exclusive gift card. Ref128
spam,Urgent: Verify your account and win a bonus. Ref2766
ham,Thank you for your email. I will review it. Ref1355
ham,"Hi, can we schedule a meeting for tomorrow? Ref2008"
ham,Let's discuss the requirements in today's call. Ref1476
ham,Let's discuss the requirements in today's call. Ref4242
ham,"Hi, can we schedule a meeting for tomorrow? Ref493"
ham,Let's discuss the requirements in today's call. Ref4381
ham,Please find the project update attached. Ref4348
ham,Let's discuss the requirements in today's call. Ref3479
ham,"Hi, can we schedule a meeting for tomorrow? Ref2824"
spam,Limited time offer! Get free rewards today. Ref2814
ham,Let's discuss the requirements in today's call. Ref3929
ham,Please find the project update attached. Ref13
ham,Thank you for your email. I will review it. Ref1963
spam,Congratulations! You have won a cash prize. Claim now. Ref841
spam,Limited time offer! Get free rewards today. Ref4152
spam,Limited time offer! Get free rewards today. Ref790
ham,"Hi, can we schedule a meeting for tomorrow? Ref4954"
spam,Urgent: Verify your account and win a bonus. Ref782
spam,Limited time offer! Get free rewards today. Ref715
ham,Thank you for your email. I will review it. Ref626
ham,"Hi, can we schedule a meeting for tomorrow? Ref4713"
spam,Urgent: Verify your account and win a bonus. Ref4810
ham,Reminder: team meeting at 3 PM today. Ref1859
spam,Earn money fast from home. Click here now. Ref3458
spam,You have been selected for an exclusive gift card. Ref2311
spam,Urgent: Verify your account and win a bonus. Ref2593
ham,Please find the project update attached. Ref3227
spam,Limited time offer! Get free rewards today. Ref2151
ham,"Hi, can we schedule a meeting for tomorrow? Ref1881"
ham,Reminder: team meeting at 3 PM today. Ref3523
ham,Let's discuss the requirements in today's call. Ref1417
ham,Thank you for your email. I will review it. Ref4224
ham,Please find the project update attached. Ref2732
spam,Urgent: Verify your account and win a bonus. Ref4987
spam,Congratulations! You have won a cash prize. Claim now. Ref4569
spam,Limited time offer! Get free rewards today. Ref4947
spam,Congratulations! You have won a cash prize. Claim now. Ref584
spam,You have been selected for an exclusive gift card. Ref923
ham,"Hi, can we schedule a meeting for tomorrow? Ref4019"
ham,Reminder: team meeting at 3 PM today. Ref4196
ham,Thank you for your email. I will review it. Ref1411
spam,Limited time offer! Get free rewards today. Ref3774
spam,Limited time offer! Get free rewards today. Ref1048
ham,Please find the project update attached. Ref1479
spam,Congratulations! You have won a cash prize. Claim now. Ref110
spam,Congratulations! You have won a cash prize. Claim now. Ref1468
ham,Please find the project update attached. Ref1139
ham,"Hi, can we schedule a meeting for tomorrow? Ref4725"
spam,Limited time offer! Get free rewards today. Ref4693
ham,Reminder: team meeting at 3 PM today. Ref3838
ham,Please find the project update attached. Ref2220
spam,Earn money fast from home. Click here now. Ref1973
ham,Please find the project update attached. Ref1461
spam,Earn money fast from home. Click here now. Ref3414
ham,Please find the project update attached. Ref3516
ham,"Hi, can we schedule a meeting for tomorrow? Ref3369"
ham,Please find the project update attached. Ref1027
ham,Thank you for your email. I will review it. Ref186
spam,Urgent: Verify your account and win a bonus. Ref1133
ham,Reminder: team meeting at 3 PM today. Ref1601
spam,Urgent: Verify your account and win a bonus. Ref4208
ham,Thank you for your email. I will review it. Ref776
spam,Urgent: Verify your account and win a bonus. Ref1930
spam,Limited time offer! Get free rewards today. Ref4320
spam,Earn money fast from home. Click here now. Ref4091
spam,You have been selected for an exclusive gift card. Ref4133
spam,Urgent: Verify your account and win a bonus. Ref1705
spam,Earn money fast from home. Click here now. Ref2722
ham,Reminder: team meeting at 3 PM today. Ref3933
spam,You have been selected for an exclusive gift card. Ref951
spam,Earn money fast from home. Click here now. Ref2371
ham,Reminder: team meeting at 3 PM today. Ref1708
spam,Urgent: Verify your account and win a bonus. Ref1173
ham,Please find the project update attached. Ref4761
spam,Limited time offer! Get free rewards today. Ref3097
ham,Let's discuss the requirements in today's call. Ref4946
spam,Urgent: Verify your account and win a bonus. Ref4377
spam,You have been selected for an exclusive gift card. Ref2253
spam,Congratulations! You have won a cash prize. Claim now. Ref465
spam,Urgent: Verify your account and win a bonus. Ref725
spam,Congratulations! You have won a cash prize. Claim now. Ref2180
ham,Let's discuss the requirements in today's call. Ref1297
ham,Reminder: team meeting at 3 PM today. Ref692
spam,Earn money fast from home. Click here now. Ref4796
spam,Urgent: Verify your account and win a bonus. Ref800
spam,Urgent: Verify your account and win a bonus. Ref4213
spam,Urgent: Verify your account and win a bonus. Ref2679
ham,"Hi, can we schedule a meeting for tomorrow? Ref4660"
spam,Earn money fast from home. Click here now. Ref2471
ham,Please find the project update attached. Ref1217
spam,Limited time offer! Get free rewards today. Ref814
spam,Earn money fast from home. Click here now. Ref3091
ham,Please find the project update attached. Ref2871
ham,"Hi, can we schedule a meeting for tomorrow? Ref63"
spam,You have been selected for an exclusive gift card. Ref3767
spam,Congratulations! You have won a cash prize. Claim now. Ref2100
ham,Let's discuss the requirements in today's call. Ref4302
ham,Let's discuss the requirements in today's call. Ref3259
ham,Let's discuss the requirements in today's call. Ref718
spam,Limited time offer! Get free rewards today. Ref4933
ham,"Hi, can we schedule a meeting for tomorrow? Ref3882"
spam,You have been selected for an exclusive gift card. Ref3384
spam,You have been selected for an exclusive gift card. Ref4022
spam,Urgent: Verify your account and win a bonus. Ref2794
ham,Let's discuss the requirements in today's call. Ref4816
ham,Reminder: team meeting at 3 PM today. Ref1250
spam,Urgent: Verify your account and win a bonus. Ref2832
ham,Please find the project update attached. Ref4457
ham,Thank you for your email. I will review it. Ref1654
spam,Urgent: Verify your account and win a bonus. Ref1428
ham,"Hi, can we schedule a meeting for tomorrow? Ref1431"
spam,Limited time offer! Get free rewards today. Ref4051
ham,Please find the project update attached. Ref638
ham,"Hi, can we schedule a meeting for tomorrow? Ref4964"
spam,Earn money fast from home. Click here now. Ref298
spam,Earn money fast from home. Click here now. Ref1789
ham,Thank you for your email. I will review it. Ref3201
ham,Thank you for your email. I will review it. Ref856
spam,You have been selected for an exclusive gift card. Ref4556
ham,Thank you for your email. I will review it. Ref2651
spam,Limited time offer! Get free rewards today. Ref2630
ham,Reminder: team meeting at 3 PM today. Ref3190
ham,Thank you for your email. I will review it. Ref1389
ham,Reminder: team meeting at 3 PM today. Ref2244
ham,Reminder: team meeting at 3 PM today. Ref4101
ham,"Hi, can we schedule a meeting for tomorrow? Ref635"
spam,Urgent: Verify your account and win a bonus. Ref3894
ham,Reminder: team meeting at 3 PM today. Ref1765
spam,Urgent: Verify your account and win a bonus. Ref3611
ham,Reminder: team meeting at 3 PM today. Ref380
spam,Earn money fast from home. Click here now. Ref3405
spam,Congratulations! You have won a cash prize. Claim now. Ref2291
spam,You have been selected for an exclusive gift card. Ref3449
spam,Congratulations! You have won a cash prize. Claim now. Ref3084
spam,Congratulations! You have won a cash prize. Claim now. Ref2444
ham,Please find the project update attached. Ref1181
spam,Urgent: Verify your account and win a bonus. Ref2986
spam,You have been selected for an exclusive gift card. Ref1286
spam,Limited time offer! Get free rewards today. Ref1274
spam,Earn money fast from home. Click here now. Ref3797
spam,Limited time offer! Get free rewards today. Ref2420
ham,Let's discuss the requirements in today's call. Ref1456
ham,Thank you for your email. I will review it. Ref2812
ham,Let's discuss the requirements in today's call. Ref1469
ham,Reminder: team meeting at 3 PM today. Ref732
spam,Urgent: Verify your account and win a bonus. Ref4162
ham,Thank you for your email. I will review it. Ref4562
spam,Congratulations! You have won a cash prize. Claim now. Ref2930
ham,Reminder: team meeting at 3 PM today. Ref2247
ham,"Hi, can we schedule a meeting for tomorrow? Ref2343"
spam,Congratulations! You have won a cash prize. Claim now. Ref1766
ham,Thank you for your email. I will review it. Ref1793
ham,Let's discuss the requirements in today's call. Ref207
spam,Earn money fast from home. Click here now. Ref938
spam,Limited time offer! Get free rewards today. Ref1702
ham,Let's discuss the requirements in today's call. Ref4605
ham,Thank you for your email. I will review it. Ref436
spam,Limited time offer! Get free rewards today. Ref4241
spam,Limited time offer! Get free rewards today. Ref1922
spam,You have been selected for an exclusive gift card. Ref2502
spam,Congratulations! You have won a cash prize. Claim now. Ref4673
spam,Limited time offer! Get free rewards today. Ref408
spam,Urgent: Verify your account and win a bonus. Ref4471
spam,Earn money fast from home. Click here now. Ref111
ham,Reminder: team meeting at 3 PM today. Ref4843
spam,Urgent: Verify your account and win a bonus. Ref3733
spam,You have been selected for an exclusive gift card. Ref1642
spam,Limited time offer! Get free rewards today. Ref2887
ham,"Hi, can we schedule a meeting for tomorrow? Ref543"
spam,Limited time offer! Get free rewards today. Ref2329
spam,Urgent: Verify your account and win a bonus. Ref824
ham,"Hi, can we schedule a meeting for tomorrow? Ref513"
spam,You have been selected for an exclusive gift card. Ref91
ham,"Hi, can we schedule a meeting for tomorrow? Ref3689"
spam,Congratulations! You have won a cash prize. Claim now. Ref3069
spam,Urgent: Verify your account and win a bonus. Ref1448
spam,Congratulations! You have won a cash prize. Claim now. Ref352
spam,Earn money fast from home. Click here now. Ref2554
ham,Let's discuss the requirements in today's call. Ref602
ham,Please find the project update attached. Ref757
spam,Congratulations! You have won a cash prize. Claim now. Ref4844
spam,You have been selected for an exclusive gift card. Ref3410
ham,Thank you for your email. I will review it. Ref992
spam,Urgent: Verify your account and win a bonus. Ref379
ham,Thank you for your email. I will review it. Ref1287
ham,"Hi, can we schedule a meeting for tomorrow? Ref965"
ham,"Hi, can we schedule a meeting for tomorrow? Ref2025"
spam,Limited time offer! Get free rewards today. Ref950
spam,Limited time offer! Get free rewards today. Ref4946
spam,Limited time offer! Get free rewards today. Ref4271
ham,Thank you for your email. I will review it. Ref4213
ham,"Hi, can we schedule a meeting for tomorrow? Ref1288"
ham,"Hi, can we schedule a meeting for tomorrow? Ref3153"
ham,Reminder: team meeting at 3 PM today. Ref4665
spam,Urgent: Verify your account and win a bonus. Ref1164
ham,Reminder: team meeting at 3 PM today. Ref2278
spam,Congratulations! You have won a cash prize. Claim now. Ref3589
ham,Reminder: team meeting at 3 PM today. Ref4702
spam,Urgent: Verify your account and win a bonus. Ref1212
spam,Limited time offer! Get free rewards today. Ref4573
ham,"Hi, can we schedule a meeting for tomorrow? Ref3042"
ham,Let's discuss the requirements in today's call. Ref755
ham,Reminder: team meeting at 3 PM today. Ref3327
ham,Let's discuss the requirements in today's call. Ref3350
spam,Urgent: Verify your account and win a bonus. Ref424
ham,Reminder: team meeting at 3 PM today. Ref1770
ham,Thank you for your email. I will review it. Ref2921
spam,Limited time offer! Get free rewards today. Ref632
ham,Reminder: team meeting at 3 PM today. Ref4941
spam,You have been selected for an exclusive gift card. Ref2250
spam,Limited time offer! Get free rewards today. Ref3778
spam,Congratulations! You have won a cash prize. Claim now. Ref1010
spam,Limited time offer! Get free rewards today. Ref838
ham,"Hi, can we schedule a meeting for tomorrow? Ref3107"
ham,Please find the project update attached. Ref901
ham,"Hi, can we schedule a meeting for tomorrow? Ref822"
spam,Limited time offer! Get free rewards today. Ref1846
spam,Earn money fast from home. Click here now. Ref1969
spam,You have been selected for an exclusive gift card. Ref1985
spam,You have been selected for an exclusive gift card. Ref1283
spam,Limited time offer! Get free rewards today. Ref963
ham,Reminder: team meeting at 3 PM today. Ref4790
spam,You have been selected for an exclusive gift card. Ref4650
spam,Limited time offer! Get free rewards today. Ref331
ham,Please find the project update attached. Ref3858
ham,Reminder: team meeting at 3 PM today. Ref4841
spam,Urgent: Verify your account and win a bonus. Ref2577
spam,Congratulations! You have won a cash prize. Claim now. Ref3883
spam,Congratulations! You have won a cash prize. Claim now. Ref4570
spam,Congratulations! You have won a cash prize. Claim now. Ref3208
ham,Thank you for your email. I will review it. Ref589
spam,Limited time offer! Get free rewards today. Ref4557
ham,Please find the project update attached. Ref1180
ham,Reminder: team meeting at 3 PM today. Ref2405
ham,Let's discuss the requirements in today's call. Ref1138
spam,You have been selected for an exclusive gift card. Ref4769
ham,Reminder: team meeting at 3 PM today. Ref2524
spam,Urgent: Verify your account and win a bonus. Ref738
ham,Reminder: team meeting at 3 PM today. Ref2461
ham,Reminder: team meeting at 3 PM today. Ref3198
spam,Urgent: Verify your account and win a bonus. Ref1942
spam,Congratulations! You have won a cash prize. Claim now. Ref2670
spam,You have been selected for an exclusive gift card. Ref2632
spam,Urgent: Verify your account and win a bonus. Ref741
ham,Thank you for your email. I will review it. Ref2674
ham,Let's discuss the requirements in today's call. Ref2567
spam,You have been selected for an exclusive gift card. Ref3833
spam,Limited time offer! Get free rewards today. Ref3619
ham,Reminder: team meeting at 3 PM today. Ref4012
spam,Urgent: Verify your account and win a bonus. Ref2720
spam,Congratulations! You have won a cash prize. Claim now. Ref3217
spam,Limited time offer! Get free rewards today. Ref2230
ham,"Hi, can we schedule a meeting for tomorrow? Ref2013"
spam,Urgent: Verify your account and win a bonus. Ref2495
spam,You have been selected for an exclusive gift card. Ref2352
ham,Let's discuss the requirements in today's call. Ref2481
ham,"Hi, can we schedule a meeting for tomorrow? Ref3359"
ham,Thank you for your email. I will review it. Ref2388
spam,Earn money fast from home. Click here now. Ref1754
ham,Please find the project update attached. Ref661
ham,Reminder: team meeting at 3 PM today. Ref3466
ham,Let's discuss the requirements in today's call. Ref4818
ham,Reminder: team meeting at 3 PM today. Ref3886
ham,Reminder: team meeting at 3 PM today. Ref1185
spam,Earn money fast from home. Click here now. Ref3974
ham,"Hi, can we schedule a meeting for tomorrow? Ref4385"
ham,Please find the project update attached. Ref3216
ham,Thank you for your email. I will review it. Ref3754
spam,Limited time offer! Get free rewards today. Ref3521
spam,You have been selected for an exclusive gift card. Ref3277
spam,Congratulations! You have won a cash prize. Claim now. Ref1842
spam,Earn money fast from home. Click here now. Ref2683
ham,Please find the project update attached. Ref4246
ham,Reminder: team meeting at 3 PM today. Ref4855
ham,Thank you for your email. I will review it. Ref2337
ham,Thank you for your email. I will review it. Ref1786
ham,"Hi, can we schedule a meeting for tomorrow? Ref3199"
spam,Earn money fast from home. Click here now. Ref3517
ham,Reminder: team meeting at 3 PM today. Ref2667
spam,Limited time offer! Get free rewards today. Ref749
ham,Thank you for your email. I will review it. Ref2006
spam,You have been selected for an exclusive gift card. Ref4712
ham,Reminder: team meeting at 3 PM today. Ref1437
ham,Please find the project update attached. Ref981
ham,Thank you for your email. I will review it. Ref1079
spam,Urgent: Verify your account and win a bonus. Ref1899
spam,Earn money fast from home. Click here now. Ref3703
ham,Let's discuss the requirements in today's call. Ref1975
spam,You have been selected for an exclusive gift card. Ref759
spam,Congratulations! You have won a cash prize. Claim now. Ref4478
spam,Earn money fast from home. Click here now. Ref1475
spam,You have been selected for an exclusive gift card. Ref328
ham,Let's discuss the requirements in today's call. Ref3018
ham,"Hi, can we schedule a meeting for tomorrow? Ref93"
spam,Congratulations! You have won a cash prize. Claim now. Ref1920
spam,Congratulations! You have won a cash prize. Claim now. Ref4470
ham,Please find the project update attached. Ref3517
ham,Reminder: team meeting at 3 PM today. Ref2409
ham,Thank you for your email. I will review it. Ref4602
spam,Limited time offer! Get free rewards today. Ref567
spam,You have been selected for an exclusive gift card. Ref4209
ham,Let's discuss the requirements in today's call. Ref4263
spam,Urgent: Verify your account and win a bonus. Ref2103
spam,Earn money fast from home. Click here now. Ref1818
ham,Please find the project update attached. Ref3397
ham,Please find the project update attached. Ref2433
ham,Thank you for your email. I will review it. Ref166
spam,Urgent: Verify your account and win a bonus. Ref4981
ham,Please find the project update attached. Ref2801
ham,Thank you for your email. I will review it. Ref4001
spam,Earn money fast from home. Click here now. Ref3324
spam,Limited time offer! Get free rewards today. Ref2561
spam,Limited time offer! Get free rewards today. Ref2071
ham,Thank you for your email. I will review it. Ref2476
ham,Please find the project update attached. Ref1493
spam,Limited time offer! Get free rewards today. Ref1129
spam,You have been selected for an exclusive gift card. Ref1883
ham,"Hi, can we schedule a meeting for tomorrow? Ref4765"
ham,"Hi, can we schedule a meeting for tomorrow? Ref302"
ham,Thank you for your email. I will review it. Ref3979
ham,Let's discuss the requirements in today's call. Ref3821
ham,Please find the project update attached. Ref4147
spam,Limited time offer! Get free rewards today. Ref2011
ham,Reminder: team meeting at 3 PM today. Ref3934
ham,Please find the project update attached. Ref652
ham,Let's discuss the requirements in today's call. Ref841
spam,Urgent: Verify your account and win a bonus. Ref2731
ham,Reminder: team meeting at 3 PM today. Ref4382
ham,Please find the project update attached. Ref1602
spam,Limited time offer! Get free rewards today. Ref2896
ham,Let's discuss the requirements in today's call. Ref3852
spam,Earn money fast from home. Click here now. Ref1804
spam,Limited time offer! Get free rewards today. Ref4713
ham,Thank you for your email. I will review it. Ref4721
spam,Limited time offer! Get free rewards today. Ref3562
spam,Congratulations! You have won a cash prize. Claim now. Ref3121
spam,Urgent: Verify your account and win a bonus. Ref4635
spam,Urgent: Verify your account and win a bonus. Ref268
ham,Thank you for your email. I will review it. Ref2304
ham,Thank you for your email. I will review it. Ref179
ham,Reminder: team meeting at 3 PM today. Ref159
ham,Let's discuss the requirements in today's call. Ref3711
ham,Please find the project update attached. Ref4813
ham,Thank you for your email. I will review it. Ref4785
spam,You have been selected for an exclusive gift card. Ref1310
spam,Urgent: Verify your account and win a bonus. Ref2750
ham,Reminder: team meeting at 3 PM today. Ref2265
ham,Let's discuss the requirements in today's call. Ref388
ham,Thank you for your email. I will review it. Ref864
ham,Please find the project update attached. Ref2565
ham,"Hi, can we schedule a meeting for tomorrow? Ref420"
ham,Please find the project update attached. Ref3321
ham,Let's discuss the requirements in today's call. Ref2628
spam,Congratulations! You have won a cash prize. Claim now. Ref1000
spam,Congratulations! You have won a cash prize. Claim now. Ref2190
spam,Earn money fast from home. Click here now. Ref4176
ham,Let's discuss the requirements in today's call. Ref2349
ham,Let's discuss the requirements in today's call. Ref2563
ham,"Hi, can we schedule a meeting for tomorrow? Ref348"
ham,"Hi, can we schedule a meeting for tomorrow? Ref1616"
spam,Earn money fast from home. Click here now. Ref4871
ham,Thank you for your email. I will review it. Ref4039
spam,You have been selected for an exclusive gift card. Ref1016
ham,Please find the project update attached. Ref4589
spam,Urgent: Verify your account and win a bonus. Ref3542
ham,Thank you for your email. I will review it. Ref4918
spam,Limited time offer! Get free rewards today. Ref541
spam,Congratulations! You have won a cash prize. Claim now. Ref1540
spam,You have been selected for an exclusive gift card. Ref1659
ham,Let's discuss the requirements in today's call. Ref4476
ham,Thank you for your email. I will review it. Ref1282
spam,You have been selected for an exclusive gift card. Ref1024
spam,Earn money fast from home. Click here now. Ref1446
ham,Reminder: team meeting at 3 PM today. Ref964
ham,Reminder: team meeting at 3 PM today. Ref1663
spam,Congratulations! You have won a cash prize. Claim now. Ref1415
spam,Urgent: Verify your account and win a bonus. Ref2332
spam,You have been selected for an exclusive gift card. Ref4784
ham,Reminder: team meeting at 3 PM today. Ref4434
ham,Please find the project update attached. Ref4499
spam,Congratulations! You have won a cash prize. Claim now. Ref993
spam,You have been selected for an exclusive gift card. Ref388
spam,Limited time offer! Get free rewards today. Ref2504
spam,Limited time offer! Get free rewards today. Ref476
spam,You have been selected for an exclusive gift card. Ref1543
ham,"Hi, can we schedule a meeting for tomorrow? Ref1694"
spam,Earn money fast from home. Click here now. Ref1238
spam,Limited time offer! Get free rewards today. Ref51
spam,Earn money fast from home. Click here now. Ref3462
ham,Thank you for your email. I will review it. Ref1474
ham,Please find the project update attached. Ref4856
spam,You have been selected for an exclusive gift card. Ref2295
ham,"Hi, can we schedule a meeting for tomorrow? Ref3256"
ham,Let's discuss the requirements in today's call. Ref457
ham,Let's discuss the requirements in today's call. Ref2363
ham,Reminder: team meeting at 3 PM today. Ref4244
ham,Let's discuss the requirements in today's call. Ref1163
ham,Let's discuss the requirements in today's call. Ref1115
spam,Limited time offer! Get free rewards today. Ref3403
ham,Please find the project update attached. Ref3391
spam,Urgent: Verify your account and win a bonus. Ref1622
spam,You have been selected for an exclusive gift card. Ref3940
spam,Urgent: Verify your account and win a bonus. Ref4999
spam,You have been selected for an exclusive gift card. Ref3638
spam,Congratulations! You have won a cash prize. Claim now. Ref1565
spam,Limited time offer! Get free rewards today. Ref1762
spam,Limited time offer! Get free rewards today. Ref1545
spam,Earn money fast from home. Click here now. Ref1053
spam,You have been selected for an exclusive gift card. Ref3487
ham,Let's discuss the requirements in today's call. Ref4280
spam,You have been selected for an exclusive gift card. Ref4654
ham,Reminder: team meeting at 3 PM today. Ref1936
ham,Please find the project update attached. Ref3050
ham,Thank you for your email. I will review it. Ref1987
spam,Urgent: Verify your account and win a bonus. Ref2979
spam,Earn money fast from home. Click here now. Ref1704
ham,"Hi, can we schedule a meeting for tomorrow? Ref2790"
ham,Please find the project update attached. Ref1556
ham,Reminder: team meeting at 3 PM today. Ref3364
ham,Please find the project update attached. Ref1636
ham,"Hi, can we schedule a meeting for tomorrow? Ref4188"
ham,Thank you for your email. I will review it. Ref647
spam,Earn money fast from home. Click here now. Ref4450
ham,Let's discuss the requirements in today's call. Ref3634
spam,Urgent: Verify your account and win a bonus. Ref881
ham,"Hi, can we schedule a meeting for tomorrow? Ref2839"
spam,Congratulations! You have won a cash prize. Claim now. Ref631
ham,"Hi, can we schedule a meeting for tomorrow? Ref1414"
ham,"Hi, can we schedule a meeting for tomorrow? Ref210"
spam,Urgent: Verify your account and win a bonus. Ref3564
ham,Let's discuss the requirements in today's call. Ref3093
ham,Let's discuss the requirements in today's call. Ref3376
spam,Earn money fast from home. Click here now. Ref2779
spam,You have been selected for an exclusive gift card. Ref4191
ham,"Hi, can we schedule a meeting for tomorrow? Ref3815"
spam,Earn money fast from home. Click here now. Ref2795
ham,"Hi, can we schedule a meeting for tomorrow? Ref1332"
ham,Please find the project update attached. Ref813
ham,Reminder: team meeting at 3 PM today. Ref3577
spam,You have been selected for an exclusive gift card. Ref4522
ham,"Hi, can we schedule a meeting for tomorrow? Ref1226"
ham,"Hi, can we schedule a meeting for tomorrow? Ref78"
ham,Let's discuss the requirements in today's call. Ref3185
ham,Let's discuss the requirements in today's call. Ref4398
ham,Reminder: team meeting at 3 PM today. Ref3566
ham,Let's discuss the requirements in today's call. Ref453
ham,Let's discuss the requirements in today's call. Ref1949
spam,Urgent: Verify your account and win a bonus. Ref3012
ham,Please find the project update attached. Ref1928
spam,You have been selected for an exclusive gift card. Ref2252
spam,You have been selected for an exclusive gift card. Ref2963
spam,You have been selected for an exclusive gift card. Ref1208
spam,Urgent: Verify your account and win a bonus. Ref2707
ham,Please find the project update attached. Ref3576
spam,You have been selected for an exclusive gift card. Ref3999
spam,Earn money fast from home. Click here now. Ref4689
ham,Thank you for your email. I will review it. Ref1273
spam,Congratulations! You have won a cash prize. Claim now. Ref3653
spam,You have been selected for an exclusive gift card. Ref1960
ham,Thank you for your email. I will review it. Ref1154
spam,Congratulations! You have won a cash prize. Claim now. Ref2763
spam,Limited time offer! Get free rewards today. Ref4063
ham,Let's discuss the requirements in today's call. Ref1711
ham,Please find the project update attached. Ref367
spam,Limited time offer! Get free rewards today. Ref2051
ham,Let's discuss the requirements in today's call. Ref2394
ham,Reminder: team meeting at 3 PM today. Ref4472
spam,Congratulations! You have won a cash prize. Claim now. Ref2804
spam,Urgent: Verify your account and win a bonus. Ref4264
spam,You have been selected for an exclusive gift card. Ref485
ham,Please find the project update attached. Ref1137
spam,Urgent: Verify your account and win a bonus. Ref2574
spam,Congratulations! You have won a cash prize. Claim now. Ref3457
spam,Congratulations! You have won a cash prize. Claim now. Ref1775
spam,Earn money fast from home. Click here now. Ref1217
spam,You have been selected for an exclusive gift card. Ref3226
spam,Urgent: Verify your account and win a bonus. Ref4224
spam,You have been selected for an exclusive gift card. Ref3928
spam,Urgent: Verify your account and win a bonus. Ref1463
ham,Let's discuss the requirements in today's call. Ref2800
ham,Let's discuss the requirements in today's call. Ref4830
spam,Limited time offer! Get free rewards today. Ref4696
ham,Reminder: team meeting at 3 PM today. Ref3056
ham,Please find the project update attached. Ref622
ham,"Hi, can we schedule a meeting for tomorrow? Ref2091"
ham,Thank you for your email. I will review it. Ref3809
spam,Urgent: Verify your account and win a bonus. Ref2936
spam,You have been selected for an exclusive gift card. Ref2665
ham,Please find the project update attached. Ref1295
ham,Thank you for your email. I will review it. Ref3669
ham,Let's discuss the requirements in today's call. Ref500
spam,Limited time offer! Get free rewards today. Ref1609
spam,You have been selected for an exclusive gift card. Ref2761
ham,Let's discuss the requirements in today's call. Ref942
ham,Thank you for your email. I will review it. Ref2251
ham,"Hi, can we schedule a meeting for tomorrow? Ref4732"
spam,Congratulations! You have won a cash prize. Claim now. Ref1388
spam,You have been selected for an exclusive gift card. Ref3781
spam,Congratulations! You have won a cash prize. Claim now. Ref2698
ham,"Hi, can we schedule a meeting for tomorrow? Ref1925"
spam,Earn money fast from home. Click here now. Ref3183
spam,You have been selected for an exclusive gift card. Ref1477
ham,Reminder: team meeting at 3 PM today. Ref117
spam,Limited time offer! Get free rewards today. Ref3397
spam,Congratulations! You have won a cash prize. Claim now. Ref4232
ham,"Hi, can we schedule a meeting for tomorrow? Ref4576"
ham,Reminder: team meeting at 3 PM today. Ref2430
ham,"Hi, can we schedule a meeting for tomorrow? Ref2744"
ham,Reminder: team meeting at 3 PM today. Ref1760
ham,Please find the project update attached. Ref4627
spam,Limited time offer! Get free rewards today. Ref931
spam,Congratulations! You have won a cash prize. Claim now. Ref1921
ham,Please find the project update attached. Ref2459
ham,Reminder: team meeting at 3 PM today. Ref1741
ham,"Hi, can we schedule a meeting for tomorrow? Ref3232"
ham,"Hi, can we schedule a meeting for tomorrow? Ref999"
spam,Earn money fast from home. Click here now. Ref1385
spam,Urgent: Verify your account and win a bonus. Ref2386
ham,Thank you for your email. I will review it. Ref765
spam,Congratulations! You have won a cash prize. Claim now. Ref3110
spam,Earn money fast from home. Click here now. Ref4935
spam,Earn money fast from home. Click here now. Ref4532
spam,You have been selected for an exclusive gift card. Ref4852
spam,Earn money fast from home. Click here now. Ref2099
ham,Please find the project update attached. Ref1450
ham,"Hi, can we schedule a meeting for tomorrow? Ref4667"
spam,Urgent: Verify your account and win a bonus. Ref3658
spam,Limited time offer! Get free rewards today. Ref3066
ham,"Hi, can we schedule a meeting for tomorrow? Ref3753"
spam,Urgent: Verify your account and win a bonus. Ref2077
ham,Thank you for your email. I will review it. Ref601
ham,Reminder: team meeting at 3 PM today. Ref1587
spam,Urgent: Verify your account and win a bonus. Ref3901
ham,Let's discuss the requirements in today's call. Ref3221
spam,You have been selected for an exclusive gift card. Ref4822
ham,Reminder: team meeting at 3 PM today. Ref4940
ham,Reminder: team meeting at 3 PM today. Ref3974
ham,Let's discuss the requirements in today's call. Ref4553
ham,Reminder: team meeting at 3 PM today. Ref1358
ham,Let's discuss the requirements in today's call. Ref2412
spam,Earn money fast from home. Click here now. Ref4917
spam,Urgent: Verify your account and win a bonus. Ref2951
spam,Limited time offer! Get free rewards today. Ref1271
ham,"Hi, can we schedule a meeting for tomorrow? Ref2943"
spam,Earn money fast from home. Click here now. Ref537
ham,"Hi, can we schedule a meeting for tomorrow? Ref2594"
ham,"Hi, can we schedule a meeting for tomorrow? Ref414"
ham,"Hi, can we schedule a meeting for tomorrow? Ref2079"
spam,Limited time offer! Get free rewards today. Ref3754
ham,Reminder: team meeting at 3 PM today. Ref2917
spam,Congratulations! You have won a cash prize. Claim now. Ref3132
ham,Thank you for your email. I will review it. Ref877
spam,Limited time offer! Get free rewards today. Ref850
ham,Thank you for your email. I will review it. Ref4751
spam,Urgent: Verify your account and win a bonus. Ref4623
spam,Limited time offer! Get free rewards today. Ref1143
spam,You have been selected for an exclusive gift card. Ref1405
spam,Congratulations! You have won a cash prize. Claim now. Ref2443
spam,Urgent: Verify your account and win a bonus. Ref2434
ham,Please find the project update attached. Ref2258
ham,Let's discuss the requirements in today's call. Ref2736
spam,You have been selected for an exclusive gift card. Ref4513
spam,Congratulations! You have won a cash prize. Claim now. Ref3331
ham,Let's discuss the requirements in today's call. Ref1131
ham,Reminder: team meeting at 3 PM today. Ref3824
spam,You have been selected for an exclusive gift card. Ref2842
spam,You have been selected for an exclusive gift card. Ref499
spam,Earn money fast from home. Click here now. Ref1549
spam,Earn money fast from home. Click here now. Ref3074
spam,You have been selected for an exclusive gift card. Ref4362
ham,Please find the project update attached. Ref363
spam,You have been selected for an exclusive gift card. Ref4755
spam,Urgent: Verify your account and win a bonus. Ref4295
spam,Earn money fast from home. Click here now. Ref1945
ham,"Hi, can we schedule a meeting for tomorrow? Ref3991"
ham,Please find the project update attached. Ref3044
ham,Let's discuss the requirements in today's call. Ref3377
spam,Limited time offer! Get free rewards today. Ref366
spam,You have been selected for an exclusive gift card. Ref2686
spam,Limited time offer! Get free rewards today. Ref2966
ham,Let's discuss the requirements in today's call. Ref655
spam,Congratulations! You have won a cash prize. Claim now. Ref1029
ham,Let's discuss the requirements in today's call. Ref3490
ham,Thank you for your email. I will review it. Ref1995
spam,Earn money fast from home. Click here now. Ref1070
spam,Congratulations! You have won a cash prize. Claim now. Ref2770
spam,You have been selected for an exclusive gift card. Ref3181
ham,Please find the project update attached. Ref1753
ham,Reminder: team meeting at 3 PM today. Ref3483
ham,Thank you for your email. I will review it. Ref4330
spam,Earn money fast from home. Click here now. Ref4111
spam,Congratulations! You have won a cash prize. Claim now. Ref3145
spam,Congratulations! You have won a cash prize. Claim now. Ref2223
ham,Reminder: team meeting at 3 PM today. Ref1844
spam,Urgent: Verify your account and win a bonus. Ref3832
ham,Let's discuss the requirements in today's call. Ref4717
ham,"Hi, can we schedule a meeting for tomorrow? Ref1452"
ham,Please find the project update attached. Ref3340
ham,Please find the project update attached. Ref3445
spam,Urgent: Verify your account and win a bonus. Ref3416
spam,Congratulations! You have won a cash prize. Claim now. Ref3495
spam,Earn money fast from home. Click here now. Ref135
spam,Urgent: Verify your account and win a bonus. Ref155
spam,Congratulations! You have won a cash prize. Claim now. Ref3587
ham,Please find the project update attached. Ref1279
spam,Limited time offer! Get free rewards today. Ref1242
spam,Congratulations! You have won a cash prize. Claim now. Ref3853
spam,Urgent: Verify your account and win a bonus. Ref219
ham,Reminder: team meeting at 3 PM today. Ref1092
spam,Earn money fast from home. Click here now. Ref2680
ham,Reminder: team meeting at 3 PM today. Ref4983
ham,Please find the project update attached. Ref2048
ham,"Hi, can we schedule a meeting for tomorrow? Ref4460"
spam,You have been selected for an exclusive gift card. Ref1453
spam,Congratulations! You have won a cash prize. Claim now. Ref1539
ham,Let's discuss the requirements in today's call. Ref4595
ham,Please find the project update attached. Ref1686
ham,Please find the project update attached. Ref455
spam,Urgent: Verify your account and win a bonus. Ref1554
ham,Let's discuss the requirements in today's call. Ref1251
spam,Earn money fast from home. Click here now. Ref161
ham,Let's discuss the requirements in today's call. Ref792
spam,You have been selected for an exclusive gift card. Ref4035
ham,Let's discuss the requirements in today's call. Ref61
ham,Let's discuss the requirements in today's call. Ref3353
spam,Urgent: Verify your account and win a bonus. Ref4127
spam,You have been selected for an exclusive gift card. Ref3083
ham,Let's discuss the requirements in today's call. Ref2355
spam,You have been selected for an exclusive gift card. Ref4068
ham,Please find the project update attached. Ref3352
ham,Let's discuss the requirements in today's call. Ref573
ham,Reminder: team meeting at 3 PM today. Ref1670
ham,Thank you for your email. I will review it. Ref2576
ham,Reminder: team meeting at 3 PM today. Ref1129
ham,"Hi, can we schedule a meeting for tomorrow? Ref2713"
ham,Let's discuss the requirements in today's call. Ref2714
spam,Congratulations! You have won a cash prize. Claim now. Ref4724
spam,Earn money fast from home. Click here now. Ref1643
ham,Thank you for your email. I will review it. Ref2275
ham,"Hi, can we schedule a meeting for tomorrow? Ref2444"
ham,Please find the project update attached. Ref3837
ham,Let's discuss the requirements in today's call. Ref2213
ham,Please find the project update attached. Ref2704
spam,You have been selected for an exclusive gift card. Ref3498
spam,Earn money fast from home. Click here now. Ref109
spam,Earn money fast from home. Click here now. Ref1359
ham,Thank you for your email. I will review it. Ref1315
spam,You have been selected for an exclusive gift card. Ref1296
spam,Limited time offer! Get free rewards today. Ref1713
spam,Earn money fast from home. Click here now. Ref1779
ham,Reminder: team meeting at 3 PM today. Ref2283
spam,Congratulations! You have won a cash prize. Claim now. Ref334
ham,Let's discuss the requirements in today's call. Ref2655
spam,Earn money fast from home. Click here now. Ref3954
spam,Urgent: Verify your account and win a bonus. Ref3712
ham,Let's discuss the requirements in today's call. Ref3869
ham,Reminder: team meeting at 3 PM today. Ref4504
spam,You have been selected for an exclusive gift card. Ref125
spam,You have been selected for an exclusive gift card. Ref1247
ham,Thank you for your email. I will review it. Ref326
spam,Earn money fast from home. Click here now. Ref2316
spam,Urgent: Verify your account and win a bonus. Ref4315
spam,Earn money fast from home. Click here now. Ref4120
ham,Thank you for your email. I will review it. Ref1201
spam,Congratulations! You have won a cash prize. Claim now. Ref4870
ham,Reminder: team meeting at 3 PM today. Ref1091
spam,Urgent: Verify your account and win a bonus. Ref4338
spam,Urgent: Verify your account and win a bonus. Ref4188
ham,Please find the project update attached. Ref2134
spam,Earn money fast from home. Click here now. Ref3274
ham,Reminder: team meeting at 3 PM today. Ref3086
spam,Congratulations! You have won a cash prize. Claim now. Ref3013
ham,Please find the project update attached. Ref4065
spam,Limited time offer! Get free rewards today. Ref1005
ham,Let's discuss the requirements in today's call. Ref366
ham,Reminder: team meeting at 3 PM today. Ref3076
ham,Reminder: team meeting at 3 PM today. Ref191
spam,Urgent: Verify your account and win a bonus. Ref4310
spam,Urgent: Verify your account and win a bonus. Ref4465
spam,Urgent: Verify your account and win a bonus. Ref3989
spam,Earn money fast from home. Click here now. Ref709
ham,Please find the project update attached. Ref1260
ham,Reminder: team meeting at 3 PM today. Ref4134
spam,Urgent: Verify your account and win a bonus. Ref2703
spam,Congratulations! You have won a cash prize. Claim now. Ref2562
spam,Limited time offer! Get free rewards today. Ref2714
spam,Congratulations! You have won a cash prize. Claim now. Ref3107
ham,Thank you for your email. I will review it. Ref1615
spam,Earn money fast from home. Click here now. Ref3811
spam,You have been selected for an exclusive gift card. Ref1127
ham,"Hi, can we schedule a meeting for tomorrow? Ref3448"
ham,Reminder: team meeting at 3 PM today. Ref2818
spam,You have been selected for an exclusive gift card. Ref3678
spam,You have been selected for an exclusive gift card. Ref1447
ham,Let's discuss the requirements in today's call. Ref4212
ham,Reminder: team meeting at 3 PM today. Ref517
ham,Thank you for your email. I will review it. Ref219
ham,"Hi, can we schedule a meeting for tomorrow? Ref2400"
spam,Congratulations! You have won a cash prize. Claim now. Ref2735
spam,You have been selected for an exclusive gift card. Ref475
ham,Thank you for your email. I will review it. Ref228
spam,You have been selected for an exclusive gift card. Ref905
ham,Please find the project update attached. Ref3513
ham,Reminder: team meeting at 3 PM today. Ref2416
ham,Thank you for your email. I will review it. Ref2269
spam,Urgent: Verify your account and win a bonus. Ref2203
ham,Please find the project update attached. Ref4445
ham,Please find the project update attached. Ref3918
ham,Reminder: team meeting at 3 PM today. Ref4474
ham,"Hi, can we schedule a meeting for tomorrow? Ref2597"
spam,Congratulations! You have won a cash prize. Claim now. Ref4135
spam,Urgent: Verify your account and win a bonus. Ref819
spam,Limited time offer! Get free rewards today. Ref4992
spam,Earn money fast from home. Click here now. Ref4409
spam,Congratulations! You have won a cash prize. Claim now. Ref1442
ham,Reminder: team meeting at 3 PM today. Ref2875
spam,Limited time offer! Get free rewards today. Ref3723
spam,You have been selected for an exclusive gift card. Ref1292
spam,You have been selected for an exclusive gift card. Ref251
spam,Limited time offer! Get free rewards today. Ref959
spam,Congratulations! You have won a cash prize. Claim now. Ref794
ham,Let's discuss the requirements in today's call. Ref551
ham,Thank you for your email. I will review it. Ref4544
spam,You have been selected for an exclusive gift card. Ref1491
ham,"Hi, can we schedule a meeting for tomorrow? Ref4673"
ham,Reminder: team meeting at 3 PM today. Ref1093
ham,Let's discuss the requirements in today's call. Ref1528
ham,"Hi, can we schedule a meeting for tomorrow? Ref4743"
ham,Thank you for your email. I will review it. Ref677
spam,Earn money fast from home. Click here now. Ref4714
spam,Congratulations! You have won a cash prize. Claim now. Ref2017
spam,You have been selected for an exclusive gift card. Ref3825
ham,Let's discuss the requirements in today's call. Ref2226
ham,Let's discuss the requirements in today's call. Ref4847
ham,Thank you for your email. I will review it. Ref463
spam,Earn money fast from home. Click here now. Ref1163
ham,Please find the project update attached. Ref3915
spam,Limited time offer! Get free rewards today. Ref4925
spam,You have been selected for an exclusive gift card. Ref2856
spam,Urgent: Verify your account and win a bonus. Ref1513
spam,You have been selected for an exclusive gift card. Ref1009
ham,Please find the project update attached. Ref4557
ham,"Hi, can we schedule a meeting for tomorrow? Ref96"
ham,Let's discuss the requirements in today's call. Ref898
spam,You have been selected for an exclusive gift card. Ref1237
ham,Please find the project update attached. Ref4527
spam,Urgent: Verify your account and win a bonus. Ref2819
ham,Thank you for your email. I will review it. Ref2989
spam,Limited time offer! Get free rewards today. Ref1897
spam,Earn money fast from home. Click here now. Ref1719
ham,"Hi, can we schedule a meeting for tomorrow? Ref2300"
spam,Earn money fast from home. Click here now. Ref2909
spam,You have been selected for an exclusive gift card. Ref1881
spam,You have been selected for an exclusive gift card. Ref1720
ham,Please find the project update attached. Ref839
ham,Please find the project update attached. Ref2404
spam,Earn money fast from home. Click here now. Ref4763
ham,Let's discuss the requirements in today's call. Ref4652
spam,Earn money fast from home. Click here now. Ref1410
spam,You have been selected for an exclusive gift card. Ref1734
spam,You have been selected for an exclusive gift card. Ref4517
ham,Thank you for your email. I will review it. Ref3443
ham,Please find the project update attached. Ref2219
ham,"Hi, can we schedule a meeting for tomorrow? Ref956"
ham,Let's discuss the requirements in today's call. Ref31
spam,You have been selected for an exclusive gift card. Ref886
spam,Earn money fast from home. Click here now. Ref4186
ham,Please find the project update attached. Ref685
spam,Limited time offer! Get free rewards today. Ref2932
ham,Thank you for your email. I will review it. Ref1572
spam,Urgent: Verify your account and win a bonus. Ref899
ham,Let's discuss the requirements in today's call. Ref958
spam,Urgent: Verify your account and win a bonus. Ref3796
ham,"Hi, can we schedule a meeting for tomorrow? Ref4389"
spam,Earn money fast from home. Click here now. Ref4200
ham,Please find the project update attached. Ref4817
spam,Urgent: Verify your account and win a bonus. Ref437
ham,Let's discuss the requirements in today's call. Ref2375
ham,Reminder: team meeting at 3 PM today. Ref1005
ham,Please find the project update attached. Ref1934
spam,You have been selected for an exclusive gift card. Ref3131
ham,"Hi, can we schedule a meeting for tomorrow? Ref2174"
ham,Please find the project update attached. Ref1565
spam,You have been selected for an exclusive gift card. Ref3040
spam,You have been selected for an exclusive gift card. Ref3030
ham,Thank you for your email. I will review it. Ref3785
ham,Reminder: team meeting at 3 PM today. Ref6
spam,Congratulations! You have won a cash prize. Claim now. Ref1801
spam,Urgent: Verify your account and win a bonus. Ref2509
spam,Earn money fast from home. Click here now. Ref4437
spam,Urgent: Verify your account and win a bonus. Ref367
spam,Earn money fast from home. Click here now. Ref2453
ham,Reminder: team meeting at 3 PM today. Ref957
spam,Congratulations! You have won a cash prize. Claim now. Ref720
spam,Congratulations! You have won a cash prize. Claim now. Ref1151
spam,Limited time offer! Get free rewards today. Ref753
spam,Urgent: Verify your account and win a bonus. Ref2426
spam,Urgent: Verify your account and win a bonus. Ref4868
ham,"Hi, can we schedule a meeting for tomorrow? Ref4719"
spam,Limited time offer! Get free rewards today. Ref1863
ham,"Hi, can we schedule a meeting for tomorrow? Ref4327"
spam,Earn money fast from home. Click here now. Ref3982
spam,Congratulations! You have won a cash prize. Claim now. Ref2884
ham,Reminder: team meeting at 3 PM today. Ref4433
ham,Please find the project update attached. Ref3524
ham,Please find the project update attached. Ref1541
spam,Limited time offer! Get free rewards today. Ref1207
ham,"Hi, can we schedule a meeting for tomorrow? Ref494"
spam,Congratulations! You have won a cash prize. Claim now. Ref1245
spam,Earn money fast from home. Click here now. Ref1493
ham,Please find the project update attached. Ref4013
ham,"Hi, can we schedule a meeting for tomorrow? Ref3083"
ham,Let's discuss the requirements in today's call. Ref1514
spam,Earn money fast from home. Click here now. Ref4353
ham,Thank you for your email. I will review it. Ref1410
spam,Urgent: Verify your account and win a bonus. Ref766
spam,Earn money fast from home. Click here now. Ref4971
ham,"Hi, can we schedule a meeting for tomorrow? Ref3025"
ham,Thank you for your email. I will review it. Ref3210
ham,Reminder: team meeting at 3 PM today. Ref1566
spam,Limited time offer! Get free rewards today. Ref1492
ham,"Hi, can we schedule a meeting for tomorrow? Ref3168"
spam,You have been selected for an exclusive gift card. Ref3019
ham,Please find the project update attached. Ref4426
spam,Earn money fast from home. Click here now. Ref1113
ham,Reminder: team meeting at 3 PM today. Ref4216
ham,Thank you for your email. I will review it. Ref2569
ham,Thank you for your email. I will review it. Ref2032
spam,You have been selected for an exclusive gift card. Ref213
ham,Thank you for your email. I will review it. Ref278
ham,Let's discuss the requirements in today's call. Ref2479
ham,"Hi, can we schedule a meeting for tomorrow? Ref2689"
spam,Urgent: Verify your account and win a bonus. Ref2662
ham,"Hi, can we schedule a meeting for tomorrow? Ref2218"
spam,Limited time offer! Get free rewards today. Ref2301
ham,Thank you for your email. I will review it. Ref1667
spam,Limited time offer! Get free rewards today. Ref3860
spam,Limited time offer! Get free rewards today. Ref847
ham,"Hi, can we schedule a meeting for tomorrow? Ref1485"
ham,"Hi, can we schedule a meeting for tomorrow? Ref3945"
ham,Reminder: team meeting at 3 PM today. Ref2766
spam,You have been selected for an exclusive gift card. Ref278
ham,Reminder: team meeting at 3 PM today. Ref4443
spam,You have been selected for an exclusive gift card. Ref4633
ham,Let's discuss the requirements in today's call. Ref2969
ham,Let's discuss the requirements in today's call. Ref501
spam,Urgent: Verify your account and win a bonus. Ref710
spam,Limited time offer! Get free rewards today. Ref1933
ham,Let's discuss the requirements in today's call. Ref1868
spam,Congratulations! You have won a cash prize. Claim now. Ref4129
spam,Urgent: Verify your account and win a bonus. Ref1303
ham,"Hi, can we schedule a meeting for tomorrow? Ref69"
spam,You have been selected for an exclusive gift card. Ref2266
spam,Earn money fast from home. Click here now. Ref2376
spam,Urgent: Verify your account and win a bonus. Ref3808
ham,Let's discuss the requirements in today's call. Ref3446
ham,Thank you for your email. I will review it. Ref3171
spam,Earn money fast from home. Click here now. Ref4742
ham,Reminder: team meeting at 3 PM today. Ref2273
spam,Earn money fast from home. Click here now. Ref2462
ham,Thank you for your email. I will review it. Ref3462
ham,Thank you for your email. I will review it. Ref2499
ham,Please find the project update attached. Ref3235
spam,Congratulations! You have won a cash prize. Claim now. Ref4480
ham,Thank you for your email. I will review it. Ref4365
ham,Thank you for your email. I will review it. Ref4
spam,You have been selected for an exclusive gift card. Ref190
ham,Please find the project update attached. Ref3323
ham,Please find the project update attached. Ref1698
ham,Please find the project update attached. Ref2645
ham,Please find the project update attached. Ref2553
spam,Earn money fast from home. Click here now. Ref4553
spam,Earn money fast from home. Click here now. Ref2600
ham,Please find the project update attached. Ref2809
spam,Earn money fast from home. Click here now. Ref3287
spam,Urgent: Verify your account and win a bonus. Ref4980
spam,You have been selected for an exclusive gift card. Ref2267
spam,Earn money fast from home. Click here now. Ref969
ham,Let's discuss the requirements in today's call. Ref4635
ham,Reminder: team meeting at 3 PM today. Ref3264
spam,Limited time offer! Get free rewards today. Ref54
spam,Congratulations! You have won a cash prize. Claim now. Ref3507
ham,Thank you for your email. I will review it. Ref40
ham,Let's discuss the requirements in today's call. Ref1907
ham,Let's discuss the requirements in today's call. Ref4852
spam,Urgent: Verify your account and win a bonus. Ref2664
spam,Limited time offer! Get free rewards today. Ref4122
spam,Limited time offer! Get free rewards today. Ref1420
spam,Limited time offer! Get free rewards today. Ref1455
spam,Limited time offer! Get free rewards today. Ref4251
ham,Let's discuss the requirements in today's call. Ref2762
spam,Congratulations! You have won a cash prize. Claim now. Ref4692
spam,Limited time offer! Get free rewards today. Ref2613
spam,Urgent: Verify your account and win a bonus. Ref49
ham,Let's discuss the requirements in today's call. Ref321
spam,You have been selected for an exclusive gift card. Ref3321
spam,Earn money fast from home. Click here now. Ref3846
ham,Thank you for your email. I will review it. Ref269
spam,Congratulations! You have won a cash prize. Claim now. Ref4055
ham,Thank you for your email. I will review it. Ref4942
ham,"Hi, can we schedule a meeting for tomorrow? Ref2642"
ham,Reminder: team meeting at 3 PM today. Ref4452
spam,Limited time offer! Get free rewards today. Ref3657
ham,Please find the project update attached. Ref4074
spam,Congratulations! You have won a cash prize. Claim now. Ref3719
ham,Thank you for your email. I will review it. Ref603
ham,Reminder: team meeting at 3 PM today. Ref560
spam,Urgent: Verify your account and win a bonus. Ref4847
spam,Congratulations! You have won a cash prize. Claim now. Ref4594
spam,Urgent: Verify your account and win a bonus. Ref2757
ham,Please find the project update attached. Ref3647
ham,"Hi, can we schedule a meeting for tomorrow? Ref609"
ham,"Hi, can we schedule a meeting for tomorrow? Ref1453"
ham,Thank you for your email. I will review it. Ref4326
spam,Limited time offer! Get free rewards today. Ref1178
spam,You have been selected for an exclusive gift card. Ref2626
spam,Congratulations! You have won a cash prize. Claim now. Ref613
ham,Let's discuss the requirements in today's call. Ref4580
ham,Let's discuss the requirements in today's call. Ref4030
spam,Congratulations! You have won a cash prize. Claim now. Ref3664
spam,Urgent: Verify your account and win a bonus. Ref400
spam,Congratulations! You have won a cash prize. Claim now. Ref3399
spam,You have been selected for an exclusive gift card. Ref744
ham,Please find the project update attached. Ref4822
spam,You have been selected for an exclusive gift card. Ref955
spam,Earn money fast from home. Click here now. Ref4252
spam,Urgent: Verify your account and win a bonus. Ref4707
spam,You have been selected for an exclusive gift card. Ref3782
ham,Thank you for your email. I will review it. Ref4784
spam,Congratulations! You have won a cash prize. Claim now. Ref3830
ham,"Hi, can we schedule a meeting for tomorrow? Ref1610"
ham,Reminder: team meeting at 3 PM today. Ref1966
spam,Limited time offer! Get free rewards today. Ref1791
spam,Earn money fast from home. Click here now. Ref4394
ham,Thank you for your email. I will review it. Ref2692
spam,Congratulations! You have won a cash prize. Claim now. Ref2501
spam,Congratulations! You have won a cash prize. Claim now. Ref653
spam,Urgent: Verify your account and win a bonus. Ref2771
spam,You have been selected for an exclusive gift card. Ref2567
spam,Earn money fast from home. Click here now. Ref253
spam,Earn money fast from home. Click here now. Ref2755
ham,Let's discuss the requirements in today's call. Ref2346
spam,Urgent: Verify your account and win a bonus. Ref3988
spam,You have been selected for an exclusive gift card. Ref668
spam,Earn money fast from home. Click here now. Ref280
ham,Reminder: team meeting at 3 PM today. Ref2016
spam,Urgent: Verify your account and win a bonus. Ref3677
ham,Let's discuss the requirements in today's call. Ref1241
ham,Reminder: team meeting at 3 PM today. Ref4046
ham,"Hi, can we schedule a meeting for tomorrow? Ref1583"
ham,Please find the project update attached. Ref444
ham,Please find the project update attached. Ref1406
ham,Please find the project update attached. Ref1685
ham,Thank you for your email. I will review it. Ref2378
spam,Congratulations! You have won a cash prize. Claim now. Ref4316
ham,Reminder: team meeting at 3 PM today. Ref624
ham,Please find the project update attached. Ref4842
ham,Thank you for your email. I will review it. Ref1189
spam,You have been selected for an exclusive gift card. Ref2547
spam,Limited time offer! Get free rewards today. Ref1751
spam,Urgent: Verify your account and win a bonus. Ref1614
ham,Please find the project update attached. Ref707
ham,Let's discuss the requirements in today's call. Ref4437
spam,Congratulations! You have won a cash prize. Claim now. Ref2980
spam,Congratulations! You have won a cash prize. Claim now. Ref2780
ham,Reminder: team meeting at 3 PM today. Ref3106
ham,Reminder: team meeting at 3 PM today. Ref4664
spam,Congratulations! You have won a cash prize. Claim now. Ref1293
ham,Let's discuss the requirements in today's call. Ref1311
ham,Please find the project update attached. Ref1567
ham,Reminder: team meeting at 3 PM today. Ref2599
spam,You have been selected for an exclusive gift card. Ref4918
ham,"Hi, can we schedule a meeting for tomorrow? Ref1702"
spam,You have been selected for an exclusive gift card. Ref3200
ham,Thank you for your email. I will review it. Ref2922
spam,Limited time offer! Get free rewards today. Ref2217
spam,Urgent: Verify your account and win a bonus. Ref4131
spam,You have been selected for an exclusive gift card. Ref3367
spam,Urgent: Verify your account and win a bonus. Ref3073
ham,Reminder: team meeting at 3 PM today. Ref4531
spam,Congratulations! You have won a cash prize. Claim now. Ref4435
ham,Let's discuss the requirements in today's call. Ref3247
ham,"Hi, can we schedule a meeting for tomorrow? Ref619"
ham,Let's discuss the requirements in today's call. Ref542
spam,Congratulations! You have won a cash prize. Claim now. Ref634
spam,Earn money fast from home. Click here now. Ref815
spam,Urgent: Verify your account and win a bonus. Ref1044
ham,Let's discuss the requirements in today's call. Ref2191
spam,Congratulations! You have won a cash prize. Claim now. Ref2606
spam,Limited time offer! Get free rewards today. Ref2343
spam,Earn money fast from home. Click here now. Ref697
ham,Reminder: team meeting at 3 PM today. Ref1370
spam,Urgent: Verify your account and win a bonus. Ref4855
ham,Thank you for your email. I will review it. Ref448
spam,You have been selected for an exclusive gift card. Ref2516
ham,Please find the project update attached. Ref2207
spam,Limited time offer! Get free rewards today. Ref795
spam,Earn money fast from home. Click here now. Ref3559
ham,Thank you for your email. I will review it. Ref368
ham,Please find the project update attached. Ref4485
spam,Congratulations! You have won a cash prize. Claim now. Ref1871
ham,Please find the project update attached. Ref2391
ham,Please find the project update attached. Ref1127
ham,Please find the project update attached. Ref2539
spam,Urgent: Verify your account and win a bonus. Ref150
ham,"Hi, can we schedule a meeting for tomorrow? Ref2212"
spam,Earn money fast from home. Click here now. Ref1588
spam,Congratulations! You have won a cash prize. Claim now. Ref4676
spam,Congratulations! You have won a cash prize. Claim now. Ref1764
ham,"Hi, can we schedule a meeting for tomorrow? Ref705"
spam,Limited time offer! Get free rewards today. Ref3095
ham,Let's discuss the requirements in today's call. Ref3358
ham,Reminder: team meeting at 3 PM today. Ref2259
spam,Congratulations! You have won a cash prize. Claim now. Ref2879
ham,Please find the project update attached. Ref2197
spam,Limited time offer! Get free rewards today. Ref826
spam,Earn money fast from home. Click here now. Ref1006
ham,Let's discuss the requirements in today's call. Ref2436
ham,Let's discuss the requirements in today's call. Ref1333
ham,Reminder: team meeting at 3 PM today. Ref3345
spam,Earn money fast from home. Click here now. Ref2831
spam,You have been selected for an exclusive gift card. Ref3661
ham,Please find the project update attached. Ref826
spam,Limited time offer! Get free rewards today. Ref651
ham,Please find the project update attached. Ref378
spam,Urgent: Verify your account and win a bonus. Ref2506
spam,Earn money fast from home. Click here now. Ref1760
spam,Earn money fast from home. Click here now. Ref2328
spam,Urgent: Verify your account and win a bonus. Ref171
ham,Thank you for your email. I will review it. Ref2771
spam,Earn money fast from home. Click here now. Ref2422
ham,"Hi, can we schedule a meeting for tomorrow? Ref1040"
ham,"Hi, can we schedule a meeting for tomorrow? Ref2023"
spam,Congratulations! You have won a cash prize. Claim now. Ref1374
ham,Let's discuss the requirements in today's call. Ref3475
ham,Thank you for your email. I will review it. Ref2432
ham,Reminder: team meeting at 3 PM today. Ref4285
spam,Limited time offer! Get free rewards today. Ref4772
ham,Please find the project update attached. Ref1188
ham,Reminder: team meeting at 3 PM today. Ref2676
ham,Reminder: team meeting at 3 PM today. Ref2077
ham,Let's discuss the requirements in today's call. Ref4367
spam,Earn money fast from home. Click here now. Ref1984
ham,Please find the project update attached. Ref3348
ham,Reminder: team meeting at 3 PM today. Ref2323
spam,Congratulations! You have won a cash prize. Claim now. Ref4054
spam,Congratulations! You have won a cash prize. Claim now. Ref1139
spam,Limited time offer! Get free rewards today. Ref513
spam,Urgent: Verify your account and win a bonus. Ref582
ham,"Hi, can we schedule a meeting for tomorrow? Ref843"
ham,Please find the project update attached. Ref854
ham,"Hi, can we schedule a meeting for tomorrow? Ref1661"
spam,Earn money fast from home. Click here now. Ref2496
spam,Earn money fast from home. Click here now. Ref3586
spam,Earn money fast from home. Click here now. Ref1650
spam,Congratulations! You have won a cash prize. Claim now. Ref4181
spam,Urgent: Verify your account and win a bonus. Ref3690
ham,Please find the project update attached. Ref2792
ham,Please find the project update attached. Ref1009
spam,Limited time offer! Get free rewards today. Ref3299
spam,You have been selected for an exclusive gift card. Ref1234
ham,Reminder: team meeting at 3 PM today. Ref4176
ham,Please find the project update attached. Ref3832
ham,Reminder: team meeting at 3 PM today. Ref3863
spam,Urgent: Verify your account and win a bonus. Ref4589
spam,Earn money fast from home. Click here now. Ref3360
ham,"Hi, can we schedule a meeting for tomorrow? Ref4645"
ham,Thank you for your email. I will review it. Ref4483
spam,Urgent: Verify your account and win a bonus. Ref4552
spam,Earn money fast from home. Click here now. Ref3184
ham,Please find the project update attached. Ref3173
ham,Please find the project update attached. Ref385
ham,Thank you for your email. I will review it. Ref4971
spam,Urgent: Verify your account and win a bonus. Ref257
ham,Thank you for your email. I will review it. Ref4974
spam,Congratulations! You have won a cash prize. Claim now. Ref1505
spam,Earn money fast from home. Click here now. Ref3750
ham,Let's discuss the requirements in today's call. Ref1796
ham,"Hi, can we schedule a meeting for tomorrow? Ref3182"
ham,"Hi, can we schedule a meeting for tomorrow? Ref2554"
ham,Thank you for your email. I will review it. Ref1794
spam,Congratulations! You have won a cash prize. Claim now. Ref3888
ham,Please find the project update attached. Ref2414
spam,Limited time offer! Get free rewards today. Ref1932
spam,Earn money fast from home. Click here now. Ref2218
ham,"Hi, can we schedule a meeting for tomorrow? Ref3478"
spam,Earn money fast from home. Click here now. Ref2674
ham,"Hi, can we schedule a meeting for tomorrow? Ref1006"
spam,Congratulations! You have won a cash prize. Claim now. Ref2476
ham,Let's discuss the requirements in today's call. Ref2905
ham,Thank you for your email. I will review it. Ref3430
spam,Congratulations! You have won a cash prize. Claim now. Ref4643
spam,You have been selected for an exclusive gift card. Ref4858
spam,Earn money fast from home. Click here now. Ref2910
spam,Congratulations! You have won a cash prize. Claim now. Ref3539
ham,Let's discuss the requirements in today's call. Ref2112
ham,Let's discuss the requirements in today's call. Ref1487
ham,Thank you for your email. I will review it. Ref821
spam,Congratulations! You have won a cash prize. Claim now. Ref3843
ham,Thank you for your email. I will review it. Ref4708
ham,Reminder: team meeting at 3 PM today. Ref2089
spam,Earn money fast from home. Click here now. Ref1724
ham,Let's discuss the requirements in today's call. Ref3499
spam,Limited time offer! Get free rewards today. Ref3626
spam,Urgent: Verify your account and win a bonus. Ref1612
spam,Limited time offer! Get free rewards today. Ref4648
spam,You have been selected for an exclusive gift card. Ref4705
spam,You have been selected for an exclusive gift card. Ref4560
spam,Limited time offer! Get free rewards today. Ref2079
spam,Limited time offer! Get free rewards today. Ref3959
spam,You have been selected for an exclusive gift card. Ref2915
spam,Urgent: Verify your account and win a bonus. Ref1096
spam,You have been selected for an exclusive gift card. Ref4178
spam,Earn money fast from home. Click here now. Ref4065
spam,Limited time offer! Get free rewards today. Ref3524
spam,Urgent: Verify your account and win a bonus. Ref4719
ham,Thank you for your email. I will review it. Ref4092
spam,Congratulations! You have won a cash prize. Claim now. Ref4549
spam,Urgent: Verify your account and win a bonus. Ref2115
spam,You have been selected for an exclusive gift card. Ref3296
spam,Urgent: Verify your account and win a bonus. Ref3111
spam,You have been selected for an exclusive gift card. Ref1486
ham,Reminder: team meeting at 3 PM today. Ref4850
ham,"Hi, can we schedule a meeting for tomorrow? Ref756"
ham,Reminder: team meeting at 3 PM today. Ref3964
spam,You have been selected for an exclusive gift card. Ref3308
ham,"Hi, can we schedule a meeting for tomorrow? Ref2401"
ham,Please find the project update attached. Ref1927
spam,Limited time offer! Get free rewards today. Ref4373
spam,Congratulations! You have won a cash prize. Claim now. Ref2560
ham,Thank you for your email. I will review it. Ref4797
spam,You have been selected for an exclusive gift card. Ref4142
spam,Congratulations! You have won a cash prize. Claim now. Ref1887
ham,Thank you for your email. I will review it. Ref2821
ham,Reminder: team meeting at 3 PM today. Ref1737
ham,Thank you for your email. I will review it. Ref682
ham,Reminder: team meeting at 3 PM today. Ref41
spam,You have been selected for an exclusive gift card. Ref1108
spam,Earn money fast from home. Click here now. Ref330
ham,Thank you for your email. I will review it. Ref3250
ham,Thank you for your email. I will review it. Ref4057
ham,Please find the project update attached. Ref497
spam,Congratulations! You have won a cash prize. Claim now. Ref4328
ham,"Hi, can we schedule a meeting for tomorrow? Ref612"
ham,Please find the project update attached. Ref1629
ham,Reminder: team meeting at 3 PM today. Ref3432
spam,Urgent: Verify your account and win a bonus. Ref2064
spam,Urgent: Verify your account and win a bonus. Ref2245
ham,Please find the project update attached. Ref937
ham,Thank you for your email. I will review it. Ref3986
ham,Thank you for your email. I will review it. Ref3724
spam,Limited time offer! Get free rewards today. Ref4591
spam,Earn money fast from home. Click here now. Ref3351
spam,You have been selected for an exclusive gift card. Ref3746
spam,Congratulations! You have won a cash prize. Claim now. Ref1601
ham,Thank you for your email. I will review it. Ref3334
ham,Let's discuss the requirements in today's call. Ref138
spam,You have been selected for an exclusive gift card. Ref3216
spam,You have been selected for an exclusive gift card. Ref3576
ham,Let's discuss the requirements in today's call. Ref2446
spam,Urgent: Verify your account and win a bonus. Ref1277
ham,Please find the project update attached. Ref1080
spam,Urgent: Verify your account and win a bonus. Ref4907
ham,Thank you for your email. I will review it. Ref3351
ham,Thank you for your email. I will review it. Ref4579
spam,Urgent: Verify your account and win a bonus. Ref4929
spam,Congratulations! You have won a cash prize. Claim now. Ref4407
ham,Please find the project update attached. Ref4309
ham,Please find the project update attached. Ref3273
spam,You have been selected for an exclusive gift card. Ref1884
ham,Reminder: team meeting at 3 PM today. Ref280
ham,Let's discuss the requirements in today's call. Ref1463
ham,Let's discuss the requirements in today's call. Ref492
spam,You have been selected for an exclusive gift card. Ref2002
spam,Congratulations! You have won a cash prize. Claim now. Ref4136
ham,"Hi, can we schedule a meeting for tomorrow? Ref3798"
ham,Thank you for your email. I will review it. Ref427
spam,You have been selected for an exclusive gift card. Ref1249
ham,Let's discuss the requirements in today's call. Ref3099
spam,You have been selected for an exclusive gift card. Ref179
spam,Earn money fast from home. Click here now. Ref2382
ham,Reminder: team meeting at 3 PM today. Ref145
ham,Reminder: team meeting at 3 PM today. Ref4698
ham,Please find the project update attached. Ref1116
ham,Thank you for your email. I will review it. Ref2826
spam,Urgent: Verify your account and win a bonus. Ref226
spam,You have been selected for an exclusive gift card. Ref324
spam,Congratulations! You have won a cash prize. Claim now. Ref2798
ham,"Hi, can we schedule a meeting for tomorrow? Ref1386"
ham,Reminder: team meeting at 3 PM today. Ref2256
ham,Let's discuss the requirements in today's call. Ref4608
ham,Please find the project update attached. Ref285
spam,Congratulations! You have won a cash prize. Claim now. Ref2274
ham,Reminder: team meeting at 3 PM today. Ref1230
spam,You have been selected for an exclusive gift card. Ref761
ham,"Hi, can we schedule a meeting for tomorrow? Ref3082"
spam,Urgent: Verify your account and win a bonus. Ref2578
ham,Thank you for your email. I will review it. Ref810
spam,Limited time offer! Get free rewards today. Ref1313
ham,Let's discuss the requirements in today's call. Ref869
ham,Reminder: team meeting at 3 PM today. Ref4430
ham,"Hi, can we schedule a meeting for tomorrow? Ref26"
ham,Let's discuss the requirements in today's call. Ref2515
spam,Congratulations! You have won a cash prize. Claim now. Ref3233
spam,Congratulations! You have won a cash prize. Claim now. Ref4087
spam,Congratulations! You have won a cash prize. Claim now. Ref606
ham,"Hi, can we schedule a meeting for tomorrow? Ref165"
ham,Please find the project update attached. Ref1519
ham,Reminder: team meeting at 3 PM today. Ref2232
ham,Let's discuss the requirements in today's call. Ref1010
spam,You have been selected for an exclusive gift card. Ref2732
spam,Congratulations! You have won a cash prize. Claim now. Ref4752
spam,Limited time offer! Get free rewards today. Ref3438
spam,Earn money fast from home. Click here now. Ref2659
ham,Reminder: team meeting at 3 PM today. Ref233
ham,Reminder: team meeting at 3 PM today. Ref3207
ham,"Hi, can we schedule a meeting for tomorrow? Ref169"
ham,Thank you for your email. I will review it. Ref1046
ham,Let's discuss the requirements in today's call. Ref1327
spam,You have been selected for an exclusive gift card. Ref2436
spam,You have been selected for an exclusive gift card. Ref4767
ham,Reminder: team meeting at 3 PM today. Ref4668
ham,Please find the project update attached. Ref192
spam,You have been selected for an exclusive gift card. Ref4029
spam,You have been selected for an exclusive gift card. Ref3275
ham,Thank you for your email. I will review it. Ref4401
spam,Congratulations! You have won a cash prize. Claim now. Ref4321
spam,Urgent: Verify your account and win a bonus. Ref1826
spam,You have been selected for an exclusive gift card. Ref4214
ham,Reminder: team meeting at 3 PM today. Ref2319
spam,Limited time offer! Get free rewards today. Ref1498
ham,"Hi, can we schedule a meeting for tomorrow? Ref3940"
ham,Thank you for your email. I will review it. Ref2003
spam,Limited time offer! Get free rewards today. Ref2869
ham,Please find the project update attached. Ref4801
spam,Earn money fast from home. Click here now. Ref1476
spam,Congratulations! You have won a cash prize. Claim now. Ref4104
spam,Urgent: Verify your account and win a bonus. Ref1051
spam,Urgent: Verify your account and win a bonus. Ref859
spam,You have been selected for an exclusive gift card. Ref1675
ham,Please find the project update attached. Ref3980
ham,Reminder: team meeting at 3 PM today. Ref2814
spam,Congratulations! You have won a cash prize. Claim now. Ref1718
spam,You have been selected for an exclusive gift card. Ref2880
ham,Thank you for your email. I will review it. Ref2164
spam,You have been selected for an exclusive gift card. Ref3303
spam,Urgent: Verify your account and win a bonus. Ref1769
spam,Limited time offer! Get free rewards today. Ref3357
ham,Let's discuss the requirements in today's call. Ref4959
spam,Limited time offer! Get free rewards today. Ref1954
spam,You have been selected for an exclusive gift card. Ref3261
spam,Urgent: Verify your account and win a bonus. Ref217
spam,Urgent: Verify your account and win a bonus. Ref1894
spam,Earn money fast from home. Click here now. Ref3720
ham,Reminder: team meeting at 3 PM today. Ref1988
ham,"Hi, can we schedule a meeting for tomorrow? Ref1186"
spam,Urgent: Verify your account and win a bonus. Ref2527
ham,Reminder: team meeting at 3 PM today. Ref3184
ham,Please find the project update attached. Ref1275
spam,You have been selected for an exclusive gift card. Ref235
ham,Reminder: team meeting at 3 PM today. Ref908
spam,Urgent: Verify your account and win a bonus. Ref599
spam,Congratulations! You have won a cash prize. Claim now. Ref2778
ham,Please find the project update attached. Ref1769
spam,You have been selected for an exclusive gift card. Ref641
ham,"Hi, can we schedule a meeting for tomorrow? Ref4949"
ham,"Hi, can we schedule a meeting for tomorrow? Ref2966"
spam,You have been selected for an exclusive gift card. Ref605
spam,Limited time offer! Get free rewards today. Ref4193
spam,Earn money fast from home. Click here now. Ref2038
spam,Limited time offer! Get free rewards today. Ref4867
ham,Let's discuss the requirements in today's call. Ref582
ham,"Hi, can we schedule a meeting for tomorrow? Ref2791"
spam,Limited time offer! Get free rewards today. Ref3668
ham,Let's discuss the requirements in today's call. Ref77
spam,Earn money fast from home. Click here now. Ref2057
spam,You have been selected for an exclusive gift card. Ref708
spam,You have been selected for an exclusive gift card. Ref3173
spam,Urgent: Verify your account and win a bonus. Ref2075
spam,You have been selected for an exclusive gift card. Ref517
ham,Let's discuss the requirements in today's call. Ref173
ham,Please find the project update attached. Ref4979
ham,Thank you for your email. I will review it. Ref1713
spam,You have been selected for an exclusive gift card. Ref231
spam,You have been selected for an exclusive gift card. Ref707
ham,Reminder: team meeting at 3 PM today. Ref4135
ham,"Hi, can we schedule a meeting for tomorrow? Ref1022"
ham,Let's discuss the requirements in today's call. Ref4685
ham,Reminder: team meeting at 3 PM today. Ref3006
ham,Let's discuss the requirements in today's call. Ref1947
ham,Reminder: team meeting at 3 PM today. Ref4059
spam,Congratulations! You have won a cash prize. Claim now. Ref1472
spam,Urgent: Verify your account and win a bonus. Ref1632
spam,Congratulations! You have won a cash prize. Claim now. Ref3544
spam,Limited time offer! Get free rewards today. Ref1167
ham,Thank you for your email. I will review it. Ref9
spam,You have been selected for an exclusive gift card. Ref2635
spam,Limited time offer! Get free rewards today. Ref4420
ham,Thank you for your email. I will review it. Ref4599
ham,Thank you for your email. I will review it. Ref1664
ham,Thank you for your email. I will review it. Ref1960
ham,"Hi, can we schedule a meeting for tomorrow? Ref719"
ham,Please find the project update attached. Ref2609
ham,"Hi, can we schedule a meeting for tomorrow? Ref879"
ham,Please find the project update attached. Ref3400
spam,You have been selected for an exclusive gift card. Ref717
ham,"Hi, can we schedule a meeting for tomorrow? Ref104"
ham,Please find the project update attached. Ref4292
spam,Congratulations! You have won a cash prize. Claim now. Ref4387
spam,Earn money fast from home. Click here now. Ref4764
ham,Reminder: team meeting at 3 PM today. Ref1853
spam,Congratulations! You have won a cash prize. Claim now. Ref1373
spam,Limited time offer! Get free rewards today. Ref206
ham,Reminder: team meeting at 3 PM today. Ref3784
spam,Congratulations! You have won a cash prize. Claim now. Ref2904
spam,You have been selected for an exclusive gift card. Ref1042
ham,Reminder: team meeting at 3 PM today. Ref848
spam,Urgent: Verify your account and win a bonus. Ref1553
spam,Urgent: Verify your account and win a bonus. Ref4037
spam,Congratulations! You have won a cash prize. Claim now. Ref1527
ham,Reminder: team meeting at 3 PM today. Ref351
spam,Earn money fast from home. Click here now. Ref1328
ham,Let's discuss the requirements in today's call. Ref3916
spam,Urgent: Verify your account and win a bonus. Ref2575
spam,Urgent: Verify your account and win a bonus. Ref1155
spam,Limited time offer! Get free rewards today. Ref1593
spam,Earn money fast from home. Click here now. Ref3816
ham,"Hi, can we schedule a meeting for tomorrow? Ref578"
spam,You have been selected for an exclusive gift card. Ref2119
spam,Congratulations! You have won a cash prize. Claim now. Ref878
spam,Earn money fast from home. Click here now. Ref4655
ham,Let's discuss the requirements in today's call. Ref2972
spam,Limited time offer! Get free rewards today. Ref2622
ham,Reminder: team meeting at 3 PM today. Ref2264
spam,Congratulations! You have won a cash prize. Claim now. Ref3389
ham,Let's discuss the requirements in today's call. Ref3597
spam,Congratulations! You have won a cash prize. Claim now. Ref570
ham,Reminder: team meeting at 3 PM today. Ref3944
spam,Earn money fast from home. Click here now. Ref4276
spam,Earn money fast from home. Click here now. Ref3634
spam,You have been selected for an exclusive gift card. Ref3713
ham,Thank you for your email. I will review it. Ref4400
ham,"Hi, can we schedule a meeting for tomorrow? Ref2496"
ham,Thank you for your email. I will review it. Ref3953
spam,Urgent: Verify your account and win a bonus. Ref2322
ham,"Hi, can we schedule a meeting for tomorrow? Ref3808"
spam,Congratulations! You have won a cash prize. Claim now. Ref158
spam,Limited time offer! Get free rewards today. Ref4039
ham,"Hi, can we schedule a meeting for tomorrow? Ref1268"
spam,Limited time offer! Get free rewards today. Ref1179
ham,Let's discuss the requirements in today's call. Ref1754
spam,Congratulations! You have won a cash prize. Claim now. Ref4793
ham,Let's discuss the requirements in today's call. Ref4063
spam,Congratulations! You have won a cash prize. Claim now. Ref1681
ham,Thank you for your email. I will review it. Ref4424
spam,Congratulations! You have won a cash prize. Claim now. Ref2943
spam,Urgent: Verify your account and win a bonus. Ref4699
spam,You have been selected for an exclusive gift card. Ref1452
ham,"Hi, can we schedule a meeting for tomorrow? Ref461"
spam,Earn money fast from home. Click here now. Ref4537
ham,Reminder: team meeting at 3 PM today. Ref4283
ham,Thank you for your email. I will review it. Ref3085
ham,Let's discuss the requirements in today's call. Ref3249
ham,Please find the project update attached. Ref4986
ham,Let's discuss the requirements in today's call. Ref1430
ham,Reminder: team meeting at 3 PM today. Ref1789
spam,Congratulations! You have won a cash prize. Claim now. Ref443
spam,Urgent: Verify your account and win a bonus. Ref1926
spam,Urgent: Verify your account and win a bonus. Ref2924
spam,Congratulations! You have won a cash prize. Claim now. Ref928
ham,Let's discuss the requirements in today's call. Ref1561
spam,Congratulations! You have won a cash prize. Claim now. Ref2653
ham,Reminder: team meeting at 3 PM today. Ref2053
ham,Reminder: team meeting at 3 PM today. Ref2299
ham,Please find the project update attached. Ref3879
ham,Thank you for your email. I will review it. Ref1296
ham,"Hi, can we schedule a meeting for tomorrow? Ref745"
spam,Urgent: Verify your account and win a bonus. Ref4599
ham,Thank you for your email. I will review it. Ref2991
spam,Congratulations! You have won a cash prize. Claim now. Ref4586
spam,Earn money fast from home. Click here now. Ref210
spam,Urgent: Verify your account and win a bonus. Ref4475
spam,Congratulations! You have won a cash prize. Claim now. Ref3404
ham,Reminder: team meeting at 3 PM today. Ref3844
ham,Reminder: team meeting at 3 PM today. Ref2750
spam,Limited time offer! Get free rewards today. Ref398
spam,Limited time offer! Get free rewards today. Ref3616
spam,Earn money fast from home. Click here now. Ref3718
ham,Let's discuss the requirements in today's call. Ref1067
spam,You have been selected for an exclusive gift card. Ref431
spam,Urgent: Verify your account and win a bonus. Ref1918
spam,Urgent: Verify your account and win a bonus. Ref2694
spam,Limited time offer! Get free rewards today. Ref1332
ham,Please find the project update attached. Ref1168
ham,Reminder: team meeting at 3 PM today. Ref875
spam,Limited time offer! Get free rewards today. Ref4098
ham,Reminder: team meeting at 3 PM today. Ref1750
ham,Thank you for your email. I will review it. Ref3729
spam,Limited time offer! Get free rewards today. Ref4002
ham,Let's discuss the requirements in today's call. Ref672
spam,You have been selected for an exclusive gift card. Ref2173
spam,Urgent: Verify your account and win a bonus. Ref1514
spam,Congratulations! You have won a cash prize. Claim now. Ref3380
spam,Urgent: Verify your account and win a bonus. Ref3330
spam,Earn money fast from home. Click here now. Ref2441
spam,Limited time offer! Get free rewards today. Ref2126
spam,Limited time offer! Get free rewards today. Ref538
ham,Thank you for your email. I will review it. Ref815
spam,Earn money fast from home. Click here now. Ref1126
ham,Let's discuss the requirements in today's call. Ref2994
spam,Congratulations! You have won a cash prize. Claim now. Ref4157
ham,Please find the project update attached. Ref2847
spam,Congratulations! You have won a cash prize. Claim now. Ref4459
ham,"Hi, can we schedule a meeting for tomorrow? Ref2372"
ham,"Hi, can we schedule a meeting for tomorrow? Ref67"
spam,You have been selected for an exclusive gift card. Ref3880
ham,Thank you for your email. I will review it. Ref180
spam,Limited time offer! Get free rewards today. Ref2118
spam,Limited time offer! Get free rewards today. Ref3415
ham,Let's discuss the requirements in today's call. Ref3682
spam,Earn money fast from home. Click here now. Ref936
spam,Urgent: Verify your account and win a bonus. Ref2272
spam,Limited time offer! Get free rewards today. Ref4179
ham,Please find the project update attached. Ref3302
ham,Please find the project update attached. Ref4955
ham,"Hi, can we schedule a meeting for tomorrow? Ref3482"
ham,Let's discuss the requirements in today's call. Ref2624
ham,"Hi, can we schedule a meeting for tomorrow? Ref1425"
spam,Urgent: Verify your account and win a bonus. Ref473
spam,Congratulations! You have won a cash prize. Claim now. Ref3740
spam,You have been selected for an exclusive gift card. Ref4860
ham,Thank you for your email. I will review it. Ref1464
ham,Please find the project update attached. Ref2018
spam,Urgent: Verify your account and win a bonus. Ref1800
ham,Reminder: team meeting at 3 PM today. Ref21
ham,Please find the project update attached. Ref4049
spam,Urgent: Verify your account and win a bonus. Ref397
spam,Congratulations! You have won a cash prize. Claim now. Ref556
spam,Earn money fast from home. Click here now. Ref1055
ham,Please find the project update attached. Ref4525
ham,Please find the project update attached. Ref3752
ham,Please find the project update attached. Ref4190
ham,Thank you for your email. I will review it. Ref4714
spam,Limited time offer! Get free rewards today. Ref4206
spam,Limited time offer! Get free rewards today. Ref1509
spam,Congratulations! You have won a cash prize. Claim now. Ref3840
spam,You have been selected for an exclusive gift card. Ref490
spam,Congratulations! You have won a cash prize. Claim now. Ref962
ham,"Hi, can we schedule a meeting for tomorrow? Ref2051"
ham,Reminder: team meeting at 3 PM today. Ref3605
ham,"Hi, can we schedule a meeting for tomorrow? Ref824"
ham,Let's discuss the requirements in today's call. Ref2952
ham,Please find the project update attached. Ref1329
spam,You have been selected for an exclusive gift card. Ref2738
ham,"Hi, can we schedule a meeting for tomorrow? Ref2175"
spam,Earn money fast from home. Click here now. Ref1517
ham,Reminder: team meeting at 3 PM today. Ref3656
spam,You have been selected for an exclusive gift card. Ref4873
ham,Let's discuss the requirements in today's call. Ref1775
spam,You have been selected for an exclusive gift card. Ref296
ham,Please find the project update attached. Ref4819
ham,Please find the project update attached. Ref4189
spam,You have been selected for an exclusive gift card. Ref914
ham,Let's discuss the requirements in today's call. Ref3409
spam,Urgent: Verify your account and win a bonus. Ref4254
spam,Earn money fast from home. Click here now. Ref2047
spam,Limited time offer! Get free rewards today. Ref2216
ham,Please find the project update attached. Ref1984
spam,Limited time offer! Get free rewards today. Ref4641
spam,Limited time offer! Get free rewards today. Ref380
ham,Please find the project update attached. Ref516
ham,Please find the project update attached. Ref1392
spam,You have been selected for an exclusive gift card. Ref1485
ham,Please find the project update attached. Ref2583
ham,Let's discuss the requirements in today's call. Ref509
ham,Let's discuss the requirements in today's call. Ref2356
ham,Please find the project update attached. Ref4493
spam,Limited time offer! Get free rewards today. Ref2498
spam,Congratulations! You have won a cash prize. Claim now. Ref2752
ham,Reminder: team meeting at 3 PM today. Ref1878
ham,Let's discuss the requirements in today's call. Ref3875
spam,Earn money fast from home. Click here now. Ref3933
ham,Please find the project update attached. Ref85
spam,Earn money fast from home. Click here now. Ref1875
spam,Limited time offer! Get free rewards today. Ref2166
ham,Reminder: team meeting at 3 PM today. Ref4800
ham,"Hi, can we schedule a meeting for tomorrow? Ref3027"
spam,Limited time offer! Get free rewards today. Ref3127
ham,"Hi, can we schedule a meeting for tomorrow? Ref2396"
spam,You have been selected for an exclusive gift card. Ref4382
ham,Reminder: team meeting at 3 PM today. Ref796
ham,Thank you for your email. I will review it. Ref2869
ham,Reminder: team meeting at 3 PM today. Ref4355
ham,Thank you for your email. I will review it. Ref1982
spam,Earn money fast from home. Click here now. Ref2926
ham,"Hi, can we schedule a meeting for tomorrow? Ref616"
spam,Earn money fast from home. Click here now. Ref4939
ham,Let's discuss the requirements in today's call. Ref1911
spam,You have been selected for an exclusive gift card. Ref1732
spam,Limited time offer! Get free rewards today. Ref621
spam,Earn money fast from home. Click here now. Ref3311
ham,Let's discuss the requirements in today's call. Ref3694
spam,You have been selected for an exclusive gift card. Ref3290
ham,Thank you for your email. I will review it. Ref1617
spam,You have been selected for an exclusive gift card. Ref2293
spam,Congratulations! You have won a cash prize. Claim now. Ref1635
ham,Let's discuss the requirements in today's call. Ref1727
ham,"Hi, can we schedule a meeting for tomorrow? Ref4628"
ham,Let's discuss the requirements in today's call. Ref1324
ham,"Hi, can we schedule a meeting for tomorrow? Ref3458"
ham,Thank you for your email. I will review it. Ref1265
spam,Limited time offer! Get free rewards today. Ref496
spam,Urgent: Verify your account and win a bonus. Ref3930
spam,You have been selected for an exclusive gift card. Ref3628
spam,Earn money fast from home. Click here now. Ref820
ham,Reminder: team meeting at 3 PM today. Ref2150
ham,Thank you for your email. I will review it. Ref3058
ham,Thank you for your email. I will review it. Ref1026
ham,Please find the project update attached. Ref3629
ham,Let's discuss the requirements in today's call. Ref1885
spam,Congratulations! You have won a cash prize. Claim now. Ref864
spam,Urgent: Verify your account and win a bonus. Ref4853
ham,Please find the project update attached. Ref766
spam,Limited time offer! Get free rewards today. Ref3764
ham,Let's discuss the requirements in today's call. Ref2805
ham,Thank you for your email. I will review it. Ref3266
spam,You have been selected for an exclusive gift card. Ref365
spam,Congratulations! You have won a cash prize. Claim now. Ref3244
ham,Please find the project update attached. Ref3738
ham,Thank you for your email. I will review it. Ref664
spam,Limited time offer! Get free rewards today. Ref3309
ham,Please find the project update attached. Ref1649
ham,"Hi, can we schedule a meeting for tomorrow? Ref2543"
ham,Please find the project update attached. Ref4998
ham,Thank you for your email. I will review it. Ref1871
ham,Let's discuss the requirements in today's call. Ref3269
ham,Let's discuss the requirements in today's call. Ref2860
spam,Urgent: Verify your account and win a bonus. Ref3857
ham,Let's discuss the requirements in today's call. Ref2066
ham,"Hi, can we schedule a meeting for tomorrow? Ref2571"
spam,Limited time offer! Get free rewards today. Ref1956
spam,You have been selected for an exclusive gift card. Ref3558
spam,Congratulations! You have won a cash prize. Claim now. Ref2709
ham,Thank you for your email. I will review it. Ref913
ham,Please find the project update attached. Ref541
ham,Thank you for your email. I will review it. Ref4141
spam,Congratulations! You have won a cash prize. Claim now. Ref2619
spam,Urgent: Verify your account and win a bonus. Ref1768
spam,Earn money fast from home. Click here now. Ref2888
ham,Let's discuss the requirements in today's call. Ref1059
ham,Please find the project update attached. Ref4811
ham,Please find the project update attached. Ref263
spam,You have been selected for an exclusive gift card. Ref2377
ham,Let's discuss the requirements in today's call. Ref1032
spam,Urgent: Verify your account and win a bonus. Ref3850
spam,Earn money fast from home. Click here now. Ref3599
spam,Urgent: Verify your account and win a bonus. Ref3890
ham,"Hi, can we schedule a meeting for tomorrow? Ref798"
spam,Urgent: Verify your account and win a bonus. Ref377
spam,Earn money fast from home. Click here now. Ref4959
spam,Urgent: Verify your account and win a bonus. Ref932
ham,"Hi, can we schedule a meeting for tomorrow? Ref4048"
spam,Urgent: Verify your account and win a bonus. Ref2042
spam,Congratulations! You have won a cash prize. Claim now. Ref336
spam,Congratulations! You have won a cash prize. Claim now. Ref3984
ham,"Hi, can we schedule a meeting for tomorrow? Ref2107"
ham,Let's discuss the requirements in today's call. Ref1776
spam,You have been selected for an exclusive gift card. Ref3150
spam,Earn money fast from home. Click here now. Ref3588
ham,Reminder: team meeting at 3 PM today. Ref2785
spam,Limited time offer! Get free rewards today. Ref3080
ham,Let's discuss the requirements in today's call. Ref2103
spam,Earn money fast from home. Click here now. Ref2026
ham,Thank you for your email. I will review it. Ref2331
ham,Let's discuss the requirements in today's call. Ref2657
ham,"Hi, can we schedule a meeting for tomorrow? Ref2001"
spam,You have been selected for an exclusive gift card. Ref1077
spam,Urgent: Verify your account and win a bonus. Ref2589
ham,Reminder: team meeting at 3 PM today. Ref1052
ham,Reminder: team meeting at 3 PM today. Ref3362
spam,Earn money fast from home. Click here now. Ref2536
ham,"Hi, can we schedule a meeting for tomorrow? Ref38"
ham,Thank you for your email. I will review it. Ref4495
spam,You have been selected for an exclusive gift card. Ref2155
ham,Let's discuss the requirements in today's call. Ref1660
ham,Reminder: team meeting at 3 PM today. Ref644
spam,Congratulations! You have won a cash prize. Claim now. Ref3952
spam,Urgent: Verify your account and win a bonus. Ref2152
ham,Please find the project update attached. Ref1209
spam,You have been selected for an exclusive gift card. Ref4329
ham,Let's discuss the requirements in today's call. Ref837
spam,You have been selected for an exclusive gift card. Ref2885
spam,Urgent: Verify your account and win a bonus. Ref3026
spam,Earn money fast from home. Click here now. Ref2144
ham,"Hi, can we schedule a meeting for tomorrow? Ref259"
spam,Congratulations! You have won a cash prize. Claim now. Ref675
ham,Reminder: team meeting at 3 PM today. Ref823
spam,Congratulations! You have won a cash prize. Claim now. Ref4577
ham,Please find the project update attached. Ref2463
spam,Earn money fast from home. Click here now. Ref1952
ham,Please find the project update attached. Ref335
ham,Reminder: team meeting at 3 PM today. Ref4473
ham,Please find the project update attached. Ref1445
spam,Congratulations! You have won a cash prize. Claim now. Ref2005
spam,Earn money fast from home. Click here now. Ref4386
ham,Please find the project update attached. Ref4108
ham,Reminder: team meeting at 3 PM today. Ref2442
ham,Reminder: team meeting at 3 PM today. Ref1522
ham,Please find the project update attached. Ref515
ham,Thank you for your email. I will review it. Ref4463
ham,"Hi, can we schedule a meeting for tomorrow? Ref3860"
ham,Reminder: team meeting at 3 PM today. Ref4750
spam,Urgent: Verify your account and win a bonus. Ref1986
spam,Urgent: Verify your account and win a bonus. Ref4945
spam,Urgent: Verify your account and win a bonus. Ref2091
spam,Earn money fast from home. Click here now. Ref1017
spam,Congratulations! You have won a cash prize. Claim now. Ref1831
ham,Let's discuss the requirements in today's call. Ref2443
spam,Limited time offer! Get free rewards today. Ref585
spam,Limited time offer! Get free rewards today. Ref4149
spam,Congratulations! You have won a cash prize. Claim now. Ref1890
spam,Urgent: Verify your account and win a bonus. Ref208
spam,Earn money fast from home. Click here now. Ref3206
spam,Congratulations! You have won a cash prize. Claim now. Ref3044
spam,Earn money fast from home. Click here now. Ref2414
spam,You have been selected for an exclusive gift card. Ref3650
spam,Earn money fast from home. Click here now. Ref4323
ham,Please find the project update attached. Ref3502
spam,Earn money fast from home. Click here now. Ref2705
ham,"Hi, can we schedule a meeting for tomorrow? Ref4241"
spam,You have been selected for an exclusive gift card. Ref333
ham,Please find the project update attached. Ref4168
spam,Earn money fast from home. Click here now. Ref4285
ham,Please find the project update attached. Ref4058
ham,Reminder: team meeting at 3 PM today. Ref3422
ham,Let's discuss the requirements in today's call. Ref880
spam,Urgent: Verify your account and win a bonus. Ref2206
spam,Limited time offer! Get free rewards today. Ref805
spam,Earn money fast from home. Click here now. Ref1358
ham,Let's discuss the requirements in today's call. Ref2965
spam,Urgent: Verify your account and win a bonus. Ref1597
spam,You have been selected for an exclusive gift card. Ref4832
ham,Please find the project update attached. Ref1976
spam,You have been selected for an exclusive gift card. Ref3504
ham,Thank you for your email. I will review it. Ref98
ham,Thank you for your email. I will review it. Ref260
ham,Thank you for your email. I will review it. Ref1683
spam,Urgent: Verify your account and win a bonus. Ref1629
spam,You have been selected for an exclusive gift card. Ref3334
spam,You have been selected for an exclusive gift card. Ref1376
ham,"Hi, can we schedule a meeting for tomorrow? Ref689"
spam,You have been selected for an exclusive gift card. Ref3378
ham,"Hi, can we schedule a meeting for tomorrow? Ref1338"
spam,Congratulations! You have won a cash prize. Claim now. Ref1621
ham,Thank you for your email. I will review it. Ref3984
ham,"Hi, can we schedule a meeting for tomorrow? Ref530"
ham,Thank you for your email. I will review it. Ref3135
ham,Please find the project update attached. Ref4594
spam,Urgent: Verify your account and win a bonus. Ref4602
spam,You have been selected for an exclusive gift card. Ref294
ham,"Hi, can we schedule a meeting for tomorrow? Ref2190"
ham,"Hi, can we schedule a meeting for tomorrow? Ref1718"
ham,Thank you for your email. I will review it. Ref4973
spam,Congratulations! You have won a cash prize. Claim now. Ref242
spam,Urgent: Verify your account and win a bonus. Ref3569
ham,Please find the project update attached. Ref4289
ham,Thank you for your email. I will review it. Ref1245
ham,Let's discuss the requirements in today's call. Ref2090
spam,You have been selected for an exclusive gift card. Ref201
spam,Earn money fast from home. Click here now. Ref1600
spam,Congratulations! You have won a cash prize. Claim now. Ref4818
ham,Please find the project update attached. Ref3200
spam,Congratulations! You have won a cash prize. Claim now. Ref2424
ham,Let's discuss the requirements in today's call. Ref3950
spam,Urgent: Verify your account and win a bonus. Ref1663
spam,Limited time offer! Get free rewards today. Ref3761
spam,Limited time offer! Get free rewards today. Ref2198
spam,Congratulations! You have won a cash prize. Claim now. Ref2027
ham,Thank you for your email. I will review it. Ref394
ham,Reminder: team meeting at 3 PM today. Ref3840
ham,"Hi, can we schedule a meeting for tomorrow? Ref2034"
spam,Urgent: Verify your account and win a bonus. Ref586
spam,Urgent: Verify your account and win a bonus. Ref4505
spam,Urgent: Verify your account and win a bonus. Ref2621
ham,Thank you for your email. I will review it. Ref1913
spam,Urgent: Verify your account and win a bonus. Ref2768
spam,You have been selected for an exclusive gift card. Ref4151
ham,Reminder: team meeting at 3 PM today. Ref2749
ham,Please find the project update attached. Ref2830
ham,Please find the project update attached. Ref2138
spam,Earn money fast from home. Click here now. Ref1528
ham,Let's discuss the requirements in today's call. Ref662
spam,Congratulations! You have won a cash prize. Claim now. Ref2742
spam,You have been selected for an exclusive gift card. Ref2647
spam,You have been selected for an exclusive gift card. Ref802
spam,Earn money fast from home. Click here now. Ref3042
spam,You have been selected for an exclusive gift card. Ref1147
ham,Thank you for your email. I will review it. Ref3820
spam,You have been selected for an exclusive gift card. Ref1152
ham,Thank you for your email. I will review it. Ref1076
ham,Let's discuss the requirements in today's call. Ref1035
spam,Earn money fast from home. Click here now. Ref2226
ham,Reminder: team meeting at 3 PM today. Ref4953
spam,Congratulations! You have won a cash prize. Claim now. Ref2049
ham,Please find the project update attached. Ref2340
spam,Congratulations! You have won a cash prize. Claim now. Ref4413
spam,Limited time offer! Get free rewards today. Ref2087
ham,Let's discuss the requirements in today's call. Ref4453
ham,Let's discuss the requirements in today's call. Ref4767
spam,Congratulations! You have won a cash prize. Claim now. Ref3604
ham,"Hi, can we schedule a meeting for tomorrow? Ref1784"
ham,Let's discuss the requirements in today's call. Ref3927
spam,You have been selected for an exclusive gift card. Ref2612
ham,"Hi, can we schedule a meeting for tomorrow? Ref2549"
ham,Please find the project update attached. Ref1140
spam,Urgent: Verify your account and win a bonus. Ref2061
ham,Let's discuss the requirements in today's call. Ref1367
spam,Earn money fast from home. Click here now. Ref1851
spam,Limited time offer! Get free rewards today. Ref3348
spam,Limited time offer! Get free rewards today. Ref4904
ham,Please find the project update attached. Ref4423
ham,Reminder: team meeting at 3 PM today. Ref568
spam,Earn money fast from home. Click here now. Ref1915
spam,Urgent: Verify your account and win a bonus. Ref4494
spam,Congratulations! You have won a cash prize. Claim now. Ref1813
spam,Limited time offer! Get free rewards today. Ref3070
spam,Congratulations! You have won a cash prize. Claim now. Ref757
spam,Congratulations! You have won a cash prize. Claim now. Ref3189
spam,Congratulations! You have won a cash prize. Claim now. Ref3077
ham,Reminder: team meeting at 3 PM today. Ref2385
ham,Thank you for your email. I will review it. Ref4987
spam,Congratulations! You have won a cash prize. Claim now. Ref1581
spam,Urgent: Verify your account and win a bonus. Ref2583
spam,Congratulations! You have won a cash prize. Claim now. Ref342
ham,Thank you for your email. I will review it. Ref4936
ham,"Hi, can we schedule a meeting for tomorrow? Ref3262"
ham,Please find the project update attached. Ref3317
ham,Please find the project update attached. Ref3977
ham,Thank you for your email. I will review it. Ref4082
spam,You have been selected for an exclusive gift card. Ref774
ham,"Hi, can we schedule a meeting for tomorrow? Ref1880"
ham,Thank you for your email. I will review it. Ref4571
spam,Urgent: Verify your account and win a bonus. Ref2955
spam,Limited time offer! Get free rewards today. Ref2921
spam,You have been selected for an exclusive gift card. Ref3602
spam,You have been selected for an exclusive gift card. Ref4854
spam,Earn money fast from home. Click here now. Ref4291
spam,Congratulations! You have won a cash prize. Claim now. Ref557
spam,Congratulations! You have won a cash prize. Claim now. Ref2573
ham,Let's discuss the requirements in today's call. Ref3978
ham,"Hi, can we schedule a meeting for tomorrow? Ref914"
ham,Thank you for your email. I will review it. Ref2145
ham,Please find the project update attached. Ref4222
ham,Reminder: team meeting at 3 PM today. Ref1944
ham,Thank you for your email. I will review it. Ref4291
ham,Thank you for your email. I will review it. Ref2438
spam,Urgent: Verify your account and win a bonus. Ref1523
spam,Limited time offer! Get free rewards today. Ref3149
spam,Congratulations! You have won a cash prize. Claim now. Ref2843
spam,You have been selected for an exclusive gift card. Ref2790
ham,"Hi, can we schedule a meeting for tomorrow? Ref944"
ham,Reminder: team meeting at 3 PM today. Ref3507
spam,Limited time offer! Get free rewards today. Ref1054
spam,You have been selected for an exclusive gift card. Ref4298
spam,Urgent: Verify your account and win a bonus. Ref3581
ham,Let's discuss the requirements in today's call. Ref548
ham,Please find the project update attached. Ref659
ham,Let's discuss the requirements in today's call. Ref2086
spam,Earn money fast from home. Click here now. Ref390
spam,You have been selected for an exclusive gift card. Ref602
ham,Thank you for your email. I will review it. Ref921
ham,"Hi, can we schedule a meeting for tomorrow? Ref584"
ham,Thank you for your email. I will review it. Ref1620
spam,Congratulations! You have won a cash prize. Claim now. Ref678
ham,Please find the project update attached. Ref4739
ham,Reminder: team meeting at 3 PM today. Ref4450
spam,You have been selected for an exclusive gift card. Ref1840
spam,Congratulations! You have won a cash prize. Claim now. Ref4695
ham,Please find the project update attached. Ref2945
spam,Congratulations! You have won a cash prize. Claim now. Ref1913
ham,Reminder: team meeting at 3 PM today. Ref1533
ham,Thank you for your email. I will review it. Ref1545
spam,Earn money fast from home. Click here now. Ref1334
ham,Thank you for your email. I will review it. Ref2131
spam,Congratulations! You have won a cash prize. Claim now. Ref523
spam,Limited time offer! Get free rewards today. Ref4561
ham,Please find the project update attached. Ref2199
ham,"Hi, can we schedule a meeting for tomorrow? Ref4366"
ham,Please find the project update attached. Ref1779
ham,Please find the project update attached. Ref281
spam,Congratulations! You have won a cash prize. Claim now. Ref746
spam,You have been selected for an exclusive gift card. Ref882
spam,You have been selected for an exclusive gift card. Ref3525
spam,Urgent: Verify your account and win a bonus. Ref2412
ham,Thank you for your email. I will review it. Ref3843
spam,Earn money fast from home. Click here now. Ref1013
ham,"Hi, can we schedule a meeting for tomorrow? Ref4384"
spam,Urgent: Verify your account and win a bonus. Ref3144
spam,Congratulations! You have won a cash prize. Claim now. Ref1182
ham,Please find the project update attached. Ref556
ham,Reminder: team meeting at 3 PM today. Ref4950
spam,Urgent: Verify your account and win a bonus. Ref4351
ham,Please find the project update attached. Ref1446
spam,Urgent: Verify your account and win a bonus. Ref153
ham,Let's discuss the requirements in today's call. Ref467
spam,Congratulations! You have won a cash prize. Claim now. Ref21
ham,Please find the project update attached. Ref1328
ham,"Hi, can we schedule a meeting for tomorrow? Ref2566"
spam,Earn money fast from home. Click here now. Ref16
ham,Reminder: team meeting at 3 PM today. Ref2455
spam,Congratulations! You have won a cash prize. Claim now. Ref4503
ham,Thank you for your email. I will review it. Ref3868
ham,Reminder: team meeting at 3 PM today. Ref71
ham,Let's discuss the requirements in today's call. Ref1749
ham,Please find the project update attached. Ref2725
spam,Urgent: Verify your account and win a bonus. Ref3267
spam,Limited time offer! Get free rewards today. Ref3729
ham,Please find the project update attached. Ref2717
spam,Urgent: Verify your account and win a bonus. Ref3452
ham,Please find the project update attached. Ref491
ham,Please find the project update attached. Ref2883
spam,Congratulations! You have won a cash prize. Claim now. Ref597
spam,Earn money fast from home. Click here now. Ref4903
spam,Earn money fast from home. Click here now. Ref2379
spam,Congratulations! You have won a cash prize. Claim now. Ref2066
spam,Urgent: Verify your account and win a bonus. Ref1548
spam,Limited time offer! Get free rewards today. Ref2890
spam,Limited time offer! Get free rewards today. Ref2592
ham,Reminder: team meeting at 3 PM today. Ref951
ham,Please find the project update attached. Ref4363
ham,Please find the project update attached. Ref3898
spam,Limited time offer! Get free rewards today. Ref1256
spam,You have been selected for an exclusive gift card. Ref3681
ham,"Hi, can we schedule a meeting for tomorrow? Ref1403"
spam,Earn money fast from home. Click here now. Ref4094
spam,Congratulations! You have won a cash prize. Claim now. Ref2294
spam,Earn money fast from home. Click here now. Ref1158
ham,Please find the project update attached. Ref425
spam,Urgent: Verify your account and win a bonus. Ref306
ham,Reminder: team meeting at 3 PM today. Ref1631
ham,Let's discuss the requirements in today's call. Ref2981
ham,Reminder: team meeting at 3 PM today. Ref1478
spam,Urgent: Verify your account and win a bonus. Ref1335
ham,Reminder: team meeting at 3 PM today. Ref3623
ham,Reminder: team meeting at 3 PM today. Ref4540
spam,Congratulations! You have won a cash prize. Claim now. Ref588
spam,Urgent: Verify your account and win a bonus. Ref3055
spam,You have been selected for an exclusive gift card. Ref64
spam,Limited time offer! Get free rewards today. Ref62
spam,You have been selected for an exclusive gift card. Ref825
spam,Urgent: Verify your account and win a bonus. Ref4862
spam,Earn money fast from home. Click here now. Ref525
ham,Thank you for your email. I will review it. Ref759
ham,Thank you for your email. I will review it. Ref831
ham,Please find the project update attached. Ref1761
spam,You have been selected for an exclusive gift card. Ref1192
spam,You have been selected for an exclusive gift card. Ref3058
ham,Please find the project update attached. Ref1527
spam,Congratulations! You have won a cash prize. Claim now. Ref4580
ham,Reminder: team meeting at 3 PM today. Ref1985
spam,Urgent: Verify your account and win a bonus. Ref4439
ham,Please find the project update attached. Ref2808
ham,Let's discuss the requirements in today's call. Ref2491
ham,"Hi, can we schedule a meeting for tomorrow? Ref4939"
spam,Urgent: Verify your account and win a bonus. Ref1837
ham,Let's discuss the requirements in today's call. Ref3792
ham,Reminder: team meeting at 3 PM today. Ref225
ham,"Hi, can we schedule a meeting for tomorrow? Ref1596"
ham,"Hi, can we schedule a meeting for tomorrow? Ref3331"
ham,"Hi, can we schedule a meeting for tomorrow? Ref2893"
ham,Reminder: team meeting at 3 PM today. Ref2478
ham,Let's discuss the requirements in today's call. Ref4706
ham,Reminder: team meeting at 3 PM today. Ref2632
ham,Reminder: team meeting at 3 PM today. Ref1681
spam,You have been selected for an exclusive gift card. Ref4479
spam,Urgent: Verify your account and win a bonus. Ref2439
ham,"Hi, can we schedule a meeting for tomorrow? Ref980"
spam,Urgent: Verify your account and win a bonus. Ref212
ham,Please find the project update attached. Ref2927
ham,Please find the project update attached. Ref4563
spam,You have been selected for an exclusive gift card. Ref576
spam,You have been selected for an exclusive gift card. Ref2928
spam,Earn money fast from home. Click here now. Ref4449
spam,Urgent: Verify your account and win a bonus. Ref4611
ham,"Hi, can we schedule a meeting for tomorrow? Ref4764"
ham,Thank you for your email. I will review it. Ref1603
ham,Thank you for your email. I will review it. Ref986
ham,Please find the project update attached. Ref2351
ham,Reminder: team meeting at 3 PM today. Ref4068
ham,Reminder: team meeting at 3 PM today. Ref4275
ham,Let's discuss the requirements in today's call. Ref2787
ham,Let's discuss the requirements in today's call. Ref2837
ham,Let's discuss the requirements in today's call. Ref2828
ham,Thank you for your email. I will review it. Ref1427
spam,Congratulations! You have won a cash prize. Claim now. Ref3474
spam,Congratulations! You have won a cash prize. Claim now. Ref2178
spam,Earn money fast from home. Click here now. Ref4746
ham,Thank you for your email. I will review it. Ref361
spam,Urgent: Verify your account and win a bonus. Ref4237
spam,You have been selected for an exclusive gift card. Ref4774
ham,Reminder: team meeting at 3 PM today. Ref4271
ham,Please find the project update attached. Ref3337
ham,Reminder: team meeting at 3 PM today. Ref1320
spam,Congratulations! You have won a cash prize. Claim now. Ref3684
spam,Urgent: Verify your account and win a bonus. Ref3297
spam,Urgent: Verify your account and win a bonus. Ref4195
spam,Urgent: Verify your account and win a bonus. Ref4534
ham,Thank you for your email. I will review it. Ref3662
ham,Please find the project update attached. Ref4736
ham,Please find the project update attached. Ref1488
ham,Let's discuss the requirements in today's call. Ref4711
spam,Urgent: Verify your account and win a bonus. Ref1175
spam,Limited time offer! Get free rewards today. Ref2312
ham,Thank you for your email. I will review it. Ref3419
ham,Please find the project update attached. Ref1459
spam,You have been selected for an exclusive gift card. Ref3118
spam,Earn money fast from home. Click here now. Ref970
ham,"Hi, can we schedule a meeting for tomorrow? Ref3272"
spam,Limited time offer! Get free rewards today. Ref949
spam,Urgent: Verify your account and win a bonus. Ref3062
ham,Thank you for your email. I will review it. Ref2521
spam,Urgent: Verify your account and win a bonus. Ref4934
ham,Let's discuss the requirements in today's call. Ref962
spam,Urgent: Verify your account and win a bonus. Ref2693
spam,You have been selected for an exclusive gift card. Ref572
ham,Reminder: team meeting at 3 PM today. Ref4554
ham,Thank you for your email. I will review it. Ref3055
ham,Thank you for your email. I will review it. Ref4877
ham,"Hi, can we schedule a meeting for tomorrow? Ref4587"
ham,"Hi, can we schedule a meeting for tomorrow? Ref1553"
spam,Congratulations! You have won a cash prize. Claim now. Ref1730
ham,Let's discuss the requirements in today's call. Ref2719
spam,Congratulations! You have won a cash prize. Claim now. Ref4239
ham,Please find the project update attached. Ref3134
spam,Earn money fast from home. Click here now. Ref436
ham,Please find the project update attached. Ref3180
ham,Let's discuss the requirements in today's call. Ref4753
spam,You have been selected for an exclusive gift card. Ref474
spam,You have been selected for an exclusive gift card. Ref3090
ham,Reminder: team meeting at 3 PM today. Ref2776
spam,Urgent: Verify your account and win a bonus. Ref3143
spam,Earn money fast from home. Click here now. Ref1501
spam,Congratulations! You have won a cash prize. Claim now. Ref3555
spam,You have been selected for an exclusive gift card. Ref1687
spam,Limited time offer! Get free rewards today. Ref3247
ham,"Hi, can we schedule a meeting for tomorrow? Ref3679"
spam,Earn money fast from home. Click here now. Ref1073
spam,Limited time offer! Get free rewards today. Ref3519
spam,Congratulations! You have won a cash prize. Claim now. Ref405
spam,Congratulations! You have won a cash prize. Claim now. Ref3707
ham,Reminder: team meeting at 3 PM today. Ref4888
ham,Let's discuss the requirements in today's call. Ref2919
ham,Please find the project update attached. Ref2815
spam,Limited time offer! Get free rewards today. Ref3847
ham,Let's discuss the requirements in today's call. Ref1736
ham,Thank you for your email. I will review it. Ref678
ham,Let's discuss the requirements in today's call. Ref488
ham,"Hi, can we schedule a meeting for tomorrow? Ref18"
ham,"Hi, can we schedule a meeting for tomorrow? Ref2584"
spam,Limited time offer! Get free rewards today. Ref2450
ham,Please find the project update attached. Ref2718
spam,Urgent: Verify your account and win a bonus. Ref3253
spam,Limited time offer! Get free rewards today. Ref1983
spam,You have been selected for an exclusive gift card. Ref3453
ham,"Hi, can we schedule a meeting for tomorrow? Ref2282"
spam,Limited time offer! Get free rewards today. Ref4661
ham,"Hi, can we schedule a meeting for tomorrow? Ref1207"
spam,Urgent: Verify your account and win a bonus. Ref643
ham,Let's discuss the requirements in today's call. Ref209
ham,Reminder: team meeting at 3 PM today. Ref413
ham,"Hi, can we schedule a meeting for tomorrow? Ref4075"
spam,Earn money fast from home. Click here now. Ref3892
spam,Congratulations! You have won a cash prize. Claim now. Ref4453
spam,You have been selected for an exclusive gift card. Ref4849
ham,"Hi, can we schedule a meeting for tomorrow? Ref1223"
spam,Congratulations! You have won a cash prize. Claim now. Ref3722
ham,Thank you for your email. I will review it. Ref4730
spam,You have been selected for an exclusive gift card. Ref2991
ham,"Hi, can we schedule a meeting for tomorrow? Ref3640"
ham,Reminder: team meeting at 3 PM today. Ref4106
spam,Urgent: Verify your account and win a bonus. Ref788
ham,Let's discuss the requirements in today's call. Ref4109
ham,Thank you for your email. I will review it. Ref1544
ham,Reminder: team meeting at 3 PM today. Ref2353
ham,Reminder: team meeting at 3 PM today. Ref4927
ham,Reminder: team meeting at 3 PM today. Ref3285
ham,Let's discuss the requirements in today's call. Ref665
ham,Thank you for your email. I will review it. Ref3195
ham,"Hi, can we schedule a meeting for tomorrow? Ref3206"
spam,Congratulations! You have won a cash prize. Claim now. Ref4916
spam,Earn money fast from home. Click here now. Ref4501
ham,"Hi, can we schedule a meeting for tomorrow? Ref4864"
ham,"Hi, can we schedule a meeting for tomorrow? Ref2520"
spam,You have been selected for an exclusive gift card. Ref3493
ham,Reminder: team meeting at 3 PM today. Ref2683
spam,You have been selected for an exclusive gift card. Ref193
ham,"Hi, can we schedule a meeting for tomorrow? Ref3650"
ham,Reminder: team meeting at 3 PM today. Ref2885
spam,Urgent: Verify your account and win a bonus. Ref4250
spam,Limited time offer! Get free rewards today. Ref4732
ham,Reminder: team meeting at 3 PM today. Ref2772
spam,Limited time offer! Get free rewards today. Ref3152
ham,Thank you for your email. I will review it. Ref546
ham,Reminder: team meeting at 3 PM today. Ref706
ham,"Hi, can we schedule a meeting for tomorrow? Ref258"
ham,Thank you for your email. I will review it. Ref386
spam,Congratulations! You have won a cash prize. Claim now. Ref1430
spam,Urgent: Verify your account and win a bonus. Ref558
spam,Limited time offer! Get free rewards today. Ref2535
spam,Earn money fast from home. Click here now. Ref369
ham,Please find the project update attached. Ref1822
ham,Let's discuss the requirements in today's call. Ref4832
spam,Urgent: Verify your account and win a bonus. Ref1347
spam,Urgent: Verify your account and win a bonus. Ref1138
ham,Let's discuss the requirements in today's call. Ref4173
ham,Let's discuss the requirements in today's call. Ref4085
spam,Earn money fast from home. Click here now. Ref2021
ham,Reminder: team meeting at 3 PM today. Ref2668
ham,Please find the project update attached. Ref3671
spam,You have been selected for an exclusive gift card. Ref3179
spam,Limited time offer! Get free rewards today. Ref1974
spam,Limited time offer! Get free rewards today. Ref338
ham,Please find the project update attached. Ref214
spam,Urgent: Verify your account and win a bonus. Ref655
ham,Please find the project update attached. Ref2548
spam,You have been selected for an exclusive gift card. Ref1784
ham,Thank you for your email. I will review it. Ref760
ham,Please find the project update attached. Ref1125
spam,Congratulations! You have won a cash prize. Claim now. Ref778
spam,Earn money fast from home. Click here now. Ref4103
spam,Limited time offer! Get free rewards today. Ref4256
ham,"Hi, can we schedule a meeting for tomorrow? Ref1397"
ham,"Hi, can we schedule a meeting for tomorrow? Ref4827"
spam,Urgent: Verify your account and win a bonus. Ref1213
spam,You have been selected for an exclusive gift card. Ref3489
ham,Thank you for your email. I will review it. Ref3704
ham,Thank you for your email. I will review it. Ref702
ham,Reminder: team meeting at 3 PM today. Ref1692
ham,Thank you for your email. I will review it. Ref129
spam,Earn money fast from home. Click here now. Ref2292
ham,Please find the project update attached. Ref398
ham,Thank you for your email. I will review it. Ref931
spam,Urgent: Verify your account and win a bonus. Ref2667
spam,You have been selected for an exclusive gift card. Ref1644
spam,Congratulations! You have won a cash prize. Claim now. Ref4759
ham,Reminder: team meeting at 3 PM today. Ref4592
ham,Let's discuss the requirements in today's call. Ref676
ham,Thank you for your email. I will review it. Ref3826
ham,Thank you for your email. I will review it. Ref3774
spam,Urgent: Verify your account and win a bonus. Ref3356
spam,Limited time offer! Get free rewards today. Ref3609
ham,Let's discuss the requirements in today's call. Ref1996
spam,Urgent: Verify your account and win a bonus. Ref4358
ham,Let's discuss the requirements in today's call. Ref337
spam,Urgent: Verify your account and win a bonus. Ref1002
ham,Let's discuss the requirements in today's call. Ref512
spam,Limited time offer! Get free rewards today. Ref1905
spam,You have been selected for an exclusive gift card. Ref3841
spam,Limited time offer! Get free rewards today. Ref3136
spam,You have been selected for an exclusive gift card. Ref3522
ham,"Hi, can we schedule a meeting for tomorrow? Ref1372"
spam,Urgent: Verify your account and win a bonus. Ref1102
ham,"Hi, can we schedule a meeting for tomorrow? Ref708"
ham,Please find the project update attached. Ref2896
ham,"Hi, can we schedule a meeting for tomorrow? Ref2723"
spam,Limited time offer! Get free rewards today. Ref656
ham,Let's discuss the requirements in today's call. Ref2673
spam,Congratulations! You have won a cash prize. Claim now. Ref4927
spam,Congratulations! You have won a cash prize. Claim now. Ref4036
ham,Reminder: team meeting at 3 PM today. Ref3833
ham,Thank you for your email. I will review it. Ref2094
spam,You have been selected for an exclusive gift card. Ref945
spam,Urgent: Verify your account and win a bonus. Ref1652
ham,Reminder: team meeting at 3 PM today. Ref3444
ham,Please find the project update attached. Ref1428
spam,Urgent: Verify your account and win a bonus. Ref2747
ham,Reminder: team meeting at 3 PM today. Ref3002
ham,Let's discuss the requirements in today's call. Ref1422
spam,Congratulations! You have won a cash prize. Claim now. Ref2644
spam,Earn money fast from home. Click here now. Ref4117
ham,"Hi, can we schedule a meeting for tomorrow? Ref1402"
spam,Congratulations! You have won a cash prize. Claim now. Ref4914
ham,Please find the project update attached. Ref3308
ham,Reminder: team meeting at 3 PM today. Ref3535
ham,Thank you for your email. I will review it. Ref1691
ham,Reminder: team meeting at 3 PM today. Ref4008
ham,Thank you for your email. I will review it. Ref162
ham,Reminder: team meeting at 3 PM today. Ref4532
spam,Congratulations! You have won a cash prize. Claim now. Ref4864
spam,You have been selected for an exclusive gift card. Ref3141
ham,"Hi, can we schedule a meeting for tomorrow? Ref2002"
spam,Congratulations! You have won a cash prize. Claim now. Ref2652
spam,Limited time offer! Get free rewards today. Ref3540
ham,Thank you for your email. I will review it. Ref2602
ham,Thank you for your email. I will review it. Ref3630
ham,Please find the project update attached. Ref4210
ham,"Hi, can we schedule a meeting for tomorrow? Ref3128"
spam,Urgent: Verify your account and win a bonus. Ref218
spam,Earn money fast from home. Click here now. Ref956
ham,Please find the project update attached. Ref1213
ham,Thank you for your email. I will review it. Ref968
spam,Congratulations! You have won a cash prize. Claim now. Ref4426
spam,You have been selected for an exclusive gift card. Ref4100
spam,You have been selected for an exclusive gift card. Ref4950
ham,Reminder: team meeting at 3 PM today. Ref4778
ham,Thank you for your email. I will review it. Ref4520
spam,Urgent: Verify your account and win a bonus. Ref2978
ham,Please find the project update attached. Ref3228
spam,You have been selected for an exclusive gift card. Ref1165
spam,Limited time offer! Get free rewards today. Ref454
spam,Congratulations! You have won a cash prize. Claim now. Ref1585
spam,Earn money fast from home. Click here now. Ref1084
spam,Congratulations! You have won a cash prize. Claim now. Ref4294
ham,"Hi, can we schedule a meeting for tomorrow? Ref238"
spam,Congratulations! You have won a cash prize. Claim now. Ref3877
ham,Please find the project update attached. Ref4014
ham,Reminder: team meeting at 3 PM today. Ref4672
ham,"Hi, can we schedule a meeting for tomorrow? Ref3252"
spam,Limited time offer! Get free rewards today. Ref4265
ham,Thank you for your email. I will review it. Ref3949
ham,Let's discuss the requirements in today's call. Ref1780
spam,Congratulations! You have won a cash prize. Claim now. Ref4973
spam,Limited time offer! Get free rewards today. Ref2278
spam,Earn money fast from home. Click here now. Ref1101
spam,Urgent: Verify your account and win a bonus. Ref4004
ham,Let's discuss the requirements in today's call. Ref4603
ham,Thank you for your email. I will review it. Ref2052
spam,Limited time offer! Get free rewards today. Ref2741
spam,Earn money fast from home. Click here now. Ref4027
ham,Reminder: team meeting at 3 PM today. Ref2528
spam,Urgent: Verify your account and win a bonus. Ref2375
spam,Urgent: Verify your account and win a bonus. Ref1003
ham,Please find the project update attached. Ref2634
spam,You have been selected for an exclusive gift card. Ref3085
spam,You have been selected for an exclusive gift card. Ref4806
ham,Let's discuss the requirements in today's call. Ref1588
ham,"Hi, can we schedule a meeting for tomorrow? Ref2550"
spam,Congratulations! You have won a cash prize. Claim now. Ref4638
ham,Please find the project update attached. Ref2985
spam,You have been selected for an exclusive gift card. Ref4357
ham,Reminder: team meeting at 3 PM today. Ref2240
spam,You have been selected for an exclusive gift card. Ref1555
spam,You have been selected for an exclusive gift card. Ref3009
ham,Let's discuss the requirements in today's call. Ref774
spam,Earn money fast from home. Click here now. Ref1120
spam,You have been selected for an exclusive gift card. Ref2256
ham,Please find the project update attached. Ref888
ham,Let's discuss the requirements in today's call. Ref2153
spam,Urgent: Verify your account and win a bonus. Ref3783
spam,Congratulations! You have won a cash prize. Claim now. Ref4745
ham,"Hi, can we schedule a meeting for tomorrow? Ref829"
spam,You have been selected for an exclusive gift card. Ref2646
spam,Limited time offer! Get free rewards today. Ref1393
ham,Please find the project update attached. Ref3628
ham,Thank you for your email. I will review it. Ref102
spam,You have been selected for an exclusive gift card. Ref2438
spam,Earn money fast from home. Click here now. Ref3392
spam,You have been selected for an exclusive gift card. Ref4339
spam,Earn money fast from home. Click here now. Ref4012
spam,Limited time offer! Get free rewards today. Ref4697
ham,Please find the project update attached. Ref1906
ham,Let's discuss the requirements in today's call. Ref4876
ham,Please find the project update attached. Ref3758
ham,Thank you for your email. I will review it. Ref3260
spam,Earn money fast from home. Click here now. Ref3862
ham,Reminder: team meeting at 3 PM today. Ref1668
ham,Thank you for your email. I will review it. Ref1290
spam,You have been selected for an exclusive gift card. Ref3081
spam,Earn money fast from home. Click here now. Ref73
spam,Earn money fast from home. Click here now. Ref2409
ham,Let's discuss the requirements in today's call. Ref3118
ham,"Hi, can we schedule a meeting for tomorrow? Ref2471"
spam,Congratulations! You have won a cash prize. Claim now. Ref2548
spam,Limited time offer! Get free rewards today. Ref960
spam,Limited time offer! Get free rewards today. Ref90
spam,Congratulations! You have won a cash prize. Claim now. Ref419
ham,Thank you for your email. I will review it. Ref812
ham,Reminder: team meeting at 3 PM today. Ref4965
ham,"Hi, can we schedule a meeting for tomorrow? Ref3077"
ham,Let's discuss the requirements in today's call. Ref2347
ham,Let's discuss the requirements in today's call. Ref1351
spam,Urgent: Verify your account and win a bonus. Ref961
spam,Earn money fast from home. Click here now. Ref3794
spam,Urgent: Verify your account and win a bonus. Ref1174
ham,Reminder: team meeting at 3 PM today. Ref2541
ham,Please find the project update attached. Ref4879
spam,Earn money fast from home. Click here now. Ref2054
ham,Reminder: team meeting at 3 PM today. Ref95
spam,Congratulations! You have won a cash prize. Claim now. Ref2564
ham,Thank you for your email. I will review it. Ref3423
spam,Urgent: Verify your account and win a bonus. Ref501
ham,Let's discuss the requirements in today's call. Ref3515
spam,Earn money fast from home. Click here now. Ref3961
ham,Reminder: team meeting at 3 PM today. Ref3676
ham,Please find the project update attached. Ref1150
ham,Please find the project update attached. Ref3564
spam,Urgent: Verify your account and win a bonus. Ref2310
ham,Let's discuss the requirements in today's call. Ref2474
ham,Reminder: team meeting at 3 PM today. Ref1948
spam,Congratulations! You have won a cash prize. Claim now. Ref726
ham,Thank you for your email. I will review it. Ref2488
ham,Let's discuss the requirements in today's call. Ref2973
ham,Thank you for your email. I will review it. Ref1206
spam,Congratulations! You have won a cash prize. Claim now. Ref3949
spam,Earn money fast from home. Click here now. Ref1484
spam,Urgent: Verify your account and win a bonus. Ref77
spam,Urgent: Verify your account and win a bonus. Ref447
ham,Reminder: team meeting at 3 PM today. Ref2354
spam,Congratulations! You have won a cash prize. Claim now. Ref3633
ham,Thank you for your email. I will review it. Ref4515
spam,Urgent: Verify your account and win a bonus. Ref4794
ham,Please find the project update attached. Ref982
spam,Congratulations! You have won a cash prize. Claim now. Ref2866
spam,Limited time offer! Get free rewards today. Ref2423
spam,Urgent: Verify your account and win a bonus. Ref373
ham,Reminder: team meeting at 3 PM today. Ref1773
ham,Reminder: team meeting at 3 PM today. Ref3278
spam,Urgent: Verify your account and win a bonus. Ref562
ham,Thank you for your email. I will review it. Ref1196
ham,Let's discuss the requirements in today's call. Ref2967
spam,Urgent: Verify your account and win a bonus. Ref3676
spam,Earn money fast from home. Click here now. Ref526
spam,Earn money fast from home. Click here now. Ref1525
ham,Thank you for your email. I will review it. Ref2886
ham,Thank you for your email. I will review it. Ref3823
ham,Thank you for your email. I will review it. Ref1839
ham,Let's discuss the requirements in today's call. Ref113
spam,Urgent: Verify your account and win a bonus. Ref4134
ham,Please find the project update attached. Ref2900
ham,Thank you for your email. I will review it. Ref2010
spam,Limited time offer! Get free rewards today. Ref3749
spam,Congratulations! You have won a cash prize. Claim now. Ref646
spam,You have been selected for an exclusive gift card. Ref705
ham,"Hi, can we schedule a meeting for tomorrow? Ref4547"
spam,You have been selected for an exclusive gift card. Ref435
ham,Please find the project update attached. Ref1286
spam,Congratulations! You have won a cash prize. Claim now. Ref4836
spam,Limited time offer! Get free rewards today. Ref2484
spam,Limited time offer! Get free rewards today. Ref1049
spam,Urgent: Verify your account and win a bonus. Ref47
spam,Earn money fast from home. Click here now. Ref4009
ham,Reminder: team meeting at 3 PM today. Ref1073
spam,Congratulations! You have won a cash prize. Claim now. Ref467
spam,You have been selected for an exclusive gift card. Ref2004
spam,Earn money fast from home. Click here now. Ref1596
spam,Limited time offer! Get free rewards today. Ref3745
ham,Please find the project update attached. Ref442
spam,Limited time offer! Get free rewards today. Ref2893
ham,Reminder: team meeting at 3 PM today. Ref3782
ham,"Hi, can we schedule a meeting for tomorrow? Ref1590"
spam,You have been selected for an exclusive gift card. Ref2849
spam,Urgent: Verify your account and win a bonus. Ref976
ham,Reminder: team meeting at 3 PM today. Ref2698
ham,"Hi, can we schedule a meeting for tomorrow? Ref922"
ham,Please find the project update attached. Ref1330
spam,You have been selected for an exclusive gift card. Ref3627
spam,Congratulations! You have won a cash prize. Claim now. Ref4802
ham,"Hi, can we schedule a meeting for tomorrow? Ref805"
ham,Reminder: team meeting at 3 PM today. Ref3818
spam,Urgent: Verify your account and win a bonus. Ref4105
spam,Urgent: Verify your account and win a bonus. Ref1355
spam,Limited time offer! Get free rewards today. Ref2791
ham,Reminder: team meeting at 3 PM today. Ref1483
ham,Reminder: team meeting at 3 PM today. Ref590
spam,Limited time offer! Get free rewards today. Ref505
spam,Urgent: Verify your account and win a bonus. Ref4506
spam,Limited time offer! Get free rewards today. Ref343
spam,Limited time offer! Get free rewards today. Ref3114
ham,"Hi, can we schedule a meeting for tomorrow? Ref4353"
spam,Urgent: Verify your account and win a bonus. Ref1618
spam,Earn money fast from home. Click here now. Ref624
spam,Urgent: Verify your account and win a bonus. Ref892
spam,Congratulations! You have won a cash prize. Claim now. Ref120
spam,Congratulations! You have won a cash prize. Claim now. Ref2520
spam,Congratulations! You have won a cash prize. Claim now. Ref1273
spam,Congratulations! You have won a cash prize. Claim now. Ref3437
ham,"Hi, can we schedule a meeting for tomorrow? Ref2522"
ham,Please find the project update attached. Ref3401
ham,Please find the project update attached. Ref2980
ham,"Hi, can we schedule a meeting for tomorrow? Ref2206"
ham,Reminder: team meeting at 3 PM today. Ref2085
spam,You have been selected for an exclusive gift card. Ref510
spam,Congratulations! You have won a cash prize. Claim now. Ref2146
spam,Limited time offer! Get free rewards today. Ref1810
ham,Thank you for your email. I will review it. Ref1475
ham,Please find the project update attached. Ref1811
spam,Congratulations! You have won a cash prize. Claim now. Ref3881
ham,Let's discuss the requirements in today's call. Ref4897
ham,Thank you for your email. I will review it. Ref2376
ham,"Hi, can we schedule a meeting for tomorrow? Ref3367"
spam,Urgent: Verify your account and win a bonus. Ref4928
spam,Congratulations! You have won a cash prize. Claim now. Ref1716
ham,"Hi, can we schedule a meeting for tomorrow? Ref2727"
spam,Congratulations! You have won a cash prize. Claim now. Ref673
ham,Reminder: team meeting at 3 PM today. Ref3716
ham,Let's discuss the requirements in today's call. Ref4395
ham,Reminder: team meeting at 3 PM today. Ref4462
ham,"Hi, can we schedule a meeting for tomorrow? Ref2397"
spam,Earn money fast from home. Click here now. Ref2539
spam,Limited time offer! Get free rewards today. Ref3670
ham,Reminder: team meeting at 3 PM today. Ref4121
ham,Thank you for your email. I will review it. Ref3695
ham,Thank you for your email. I will review it. Ref479
spam,Congratulations! You have won a cash prize. Claim now. Ref1805
spam,You have been selected for an exclusive gift card. Ref1097
spam,Earn money fast from home. Click here now. Ref121
spam,Urgent: Verify your account and win a bonus. Ref1936
ham,Let's discuss the requirements in today's call. Ref1600
ham,Thank you for your email. I will review it. Ref1573
ham,"Hi, can we schedule a meeting for tomorrow? Ref3196"
ham,Please find the project update attached. Ref4313
ham,"Hi, can we schedule a meeting for tomorrow? Ref4861"
spam,Congratulations! You have won a cash prize. Claim now. Ref4827
spam,Limited time offer! Get free rewards today. Ref1061
ham,Let's discuss the requirements in today's call. Ref2687
spam,Limited time offer! Get free rewards today. Ref3195
spam,You have been selected for an exclusive gift card. Ref1350
ham,Let's discuss the requirements in today's call. Ref3533
spam,Urgent: Verify your account and win a bonus. Ref1045
spam,Congratulations! You have won a cash prize. Claim now. Ref818
spam,Limited time offer! Get free rewards today. Ref689
spam,Earn money fast from home. Click here now. Ref1205
spam,Limited time offer! Get free rewards today. Ref4905
ham,Thank you for your email. I will review it. Ref2705
spam,Congratulations! You have won a cash prize. Claim now. Ref4234
spam,Urgent: Verify your account and win a bonus. Ref3725
spam,Earn money fast from home. Click here now. Ref1276
ham,"Hi, can we schedule a meeting for tomorrow? Ref857"
ham,"Hi, can we schedule a meeting for tomorrow? Ref738"
spam,Congratulations! You have won a cash prize. Claim now. Ref4201
ham,"Hi, can we schedule a meeting for tomorrow? Ref3855"
spam,Earn money fast from home. Click here now. Ref714
spam,Congratulations! You have won a cash prize. Claim now. Ref4960
spam,Urgent: Verify your account and win a bonus. Ref1806
spam,You have been selected for an exclusive gift card. Ref2992
ham,Reminder: team meeting at 3 PM today. Ref3301
spam,Earn money fast from home. Click here now. Ref174
spam,Congratulations! You have won a cash prize. Claim now. Ref3047
ham,"Hi, can we schedule a meeting for tomorrow? Ref230"
ham,Let's discuss the requirements in today's call. Ref4891
spam,Limited time offer! Get free rewards today. Ref4821
ham,Reminder: team meeting at 3 PM today. Ref443
ham,Let's discuss the requirements in today's call. Ref713
ham,Thank you for your email. I will review it. Ref4329
spam,You have been selected for an exclusive gift card. Ref2350
spam,You have been selected for an exclusive gift card. Ref359
spam,Earn money fast from home. Click here now. Ref1437
spam,Urgent: Verify your account and win a bonus. Ref3859
spam,Congratulations! You have won a cash prize. Claim now. Ref3608
spam,Congratulations! You have won a cash prize. Claim now. Ref3643
spam,Urgent: Verify your account and win a bonus. Ref2309
ham,Reminder: team meeting at 3 PM today. Ref4324
ham,Please find the project update attached. Ref3529
ham,Reminder: team meeting at 3 PM today. Ref3245
spam,Limited time offer! Get free rewards today. Ref3753
ham,Reminder: team meeting at 3 PM today. Ref3159
ham,Please find the project update attached. Ref3473
ham,Please find the project update attached. Ref3037
spam,You have been selected for an exclusive gift card. Ref281
ham,Let's discuss the requirements in today's call. Ref1024
spam,Urgent: Verify your account and win a bonus. Ref1576
ham,Let's discuss the requirements in today's call. Ref3481
ham,Please find the project update attached. Ref4883
ham,"Hi, can we schedule a meeting for tomorrow? Ref4140"
spam,Congratulations! You have won a cash prize. Claim now. Ref3366
ham,Let's discuss the requirements in today's call. Ref1266
ham,Reminder: team meeting at 3 PM today. Ref1019
spam,You have been selected for an exclusive gift card. Ref813
ham,Reminder: team meeting at 3 PM today. Ref716
spam,Limited time offer! Get free rewards today. Ref3327
spam,You have been selected for an exclusive gift card. Ref2447
ham,Thank you for your email. I will review it. Ref3034
ham,Reminder: team meeting at 3 PM today. Ref3110
spam,Limited time offer! Get free rewards today. Ref2391
ham,Please find the project update attached. Ref1554
spam,Urgent: Verify your account and win a bonus. Ref4441
spam,You have been selected for an exclusive gift card. Ref3648
ham,Please find the project update attached. Ref450
spam,You have been selected for an exclusive gift card. Ref3672
ham,Please find the project update attached. Ref4868
spam,Earn money fast from home. Click here now. Ref1901
spam,Congratulations! You have won a cash prize. Claim now. Ref2261
spam,Congratulations! You have won a cash prize. Claim now. Ref1502
ham,"Hi, can we schedule a meeting for tomorrow? Ref4037"
spam,You have been selected for an exclusive gift card. Ref2244
ham,"Hi, can we schedule a meeting for tomorrow? Ref4656"
ham,"Hi, can we schedule a meeting for tomorrow? Ref3183"
ham,Please find the project update attached. Ref3973
ham,Reminder: team meeting at 3 PM today. Ref2046
spam,Congratulations! You have won a cash prize. Claim now. Ref466
spam,Earn money fast from home. Click here now. Ref3647
ham,"Hi, can we schedule a meeting for tomorrow? Ref4747"
spam,Congratulations! You have won a cash prize. Claim now. Ref4758
spam,Limited time offer! Get free rewards today. Ref1735
ham,Thank you for your email. I will review it. Ref297
ham,Reminder: team meeting at 3 PM today. Ref1128
ham,Thank you for your email. I will review it. Ref4103
ham,Reminder: team meeting at 3 PM today. Ref4582
ham,Please find the project update attached. Ref2763
spam,Earn money fast from home. Click here now. Ref237
ham,Reminder: team meeting at 3 PM today. Ref1862
ham,Let's discuss the requirements in today's call. Ref1366
ham,Thank you for your email. I will review it. Ref240
ham,Reminder: team meeting at 3 PM today. Ref1200
spam,Urgent: Verify your account and win a bonus. Ref545
spam,Limited time offer! Get free rewards today. Ref1674
spam,You have been selected for an exclusive gift card. Ref546
ham,Thank you for your email. I will review it. Ref2863
ham,Reminder: team meeting at 3 PM today. Ref3315
ham,Thank you for your email. I will review it. Ref4924
spam,Congratulations! You have won a cash prize. Claim now. Ref1569
spam,Congratulations! You have won a cash prize. Claim now. Ref2408
spam,Earn money fast from home. Click here now. Ref488
spam,Earn money fast from home. Click here now. Ref3484
ham,Please find the project update attached. Ref2907
spam,Urgent: Verify your account and win a bonus. Ref2939
ham,"Hi, can we schedule a meeting for tomorrow? Ref3591"
spam,Earn money fast from home. Click here now. Ref4970
ham,"Hi, can we schedule a meeting for tomorrow? Ref1956"
ham,Thank you for your email. I will review it. Ref3867
spam,Urgent: Verify your account and win a bonus. Ref1014
ham,"Hi, can we schedule a meeting for tomorrow? Ref1094"
ham,Please find the project update attached. Ref1415
spam,Earn money fast from home. Click here now. Ref3868
spam,Congratulations! You have won a cash prize. Claim now. Ref2614
spam,You have been selected for an exclusive gift card. Ref2082
spam,Limited time offer! Get free rewards today. Ref3268
ham,Please find the project update attached. Ref4256
spam,You have been selected for an exclusive gift card. Ref665
spam,Congratulations! You have won a cash prize. Claim now. Ref2789
ham,Please find the project update attached. Ref295
ham,Please find the project update attached. Ref3767
ham,Let's discuss the requirements in today's call. Ref4083
ham,"Hi, can we schedule a meeting for tomorrow? Ref1418"
ham,Thank you for your email. I will review it. Ref1234
ham,Let's discuss the requirements in today's call. Ref1669
ham,Please find the project update attached. Ref4220
ham,Reminder: team meeting at 3 PM today. Ref1004
spam,Limited time offer! Get free rewards today. Ref835
ham,Please find the project update attached. Ref2775
spam,Earn money fast from home. Click here now. Ref3550
spam,Urgent: Verify your account and win a bonus. Ref166
ham,Thank you for your email. I will review it. Ref112
spam,Urgent: Verify your account and win a bonus. Ref33
spam,You have been selected for an exclusive gift card. Ref1076
ham,Reminder: team meeting at 3 PM today. Ref4290
ham,Thank you for your email. I will review it. Ref2770
spam,Urgent: Verify your account and win a bonus. Ref1033
spam,Earn money fast from home. Click here now. Ref4610
spam,Earn money fast from home. Click here now. Ref2239
ham,Let's discuss the requirements in today's call. Ref379
spam,Limited time offer! Get free rewards today. Ref1852
spam,Earn money fast from home. Click here now. Ref1561
spam,Earn money fast from home. Click here now. Ref3117
ham,Please find the project update attached. Ref1833
ham,Please find the project update attached. Ref4469
ham,Reminder: team meeting at 3 PM today. Ref4090
spam,Congratulations! You have won a cash prize. Claim now. Ref11
ham,Reminder: team meeting at 3 PM today. Ref2518
ham,Please find the project update attached. Ref229
ham,Thank you for your email. I will review it. Ref1147
ham,Let's discuss the requirements in today's call. Ref4776
spam,Urgent: Verify your account and win a bonus. Ref4498
spam,Urgent: Verify your account and win a bonus. Ref71
spam,Limited time offer! Get free rewards today. Ref4163
spam,Earn money fast from home. Click here now. Ref4789
ham,Thank you for your email. I will review it. Ref1302
spam,Congratulations! You have won a cash prize. Claim now. Ref1327
ham,Thank you for your email. I will review it. Ref554
spam,You have been selected for an exclusive gift card. Ref3387
spam,Earn money fast from home. Click here now. Ref4363
spam,Limited time offer! Get free rewards today. Ref3924
spam,Congratulations! You have won a cash prize. Claim now. Ref2781
ham,Thank you for your email. I will review it. Ref654
spam,Earn money fast from home. Click here now. Ref17
spam,Earn money fast from home. Click here now. Ref4123
spam,Congratulations! You have won a cash prize. Claim now. Ref4451
spam,You have been selected for an exclusive gift card. Ref4997
spam,Urgent: Verify your account and win a bonus. Ref3695
spam,Urgent: Verify your account and win a bonus. Ref113
ham,Please find the project update attached. Ref3538
spam,Earn money fast from home. Click here now. Ref3879
spam,You have been selected for an exclusive gift card. Ref2273
spam,Limited time offer! Get free rewards today. Ref3400
ham,Thank you for your email. I will review it. Ref2559
spam,Limited time offer! Get free rewards today. Ref1963
ham,Reminder: team meeting at 3 PM today. Ref3830
spam,You have been selected for an exclusive gift card. Ref1023
ham,Please find the project update attached. Ref2619
spam,Earn money fast from home. Click here now. Ref1794
ham,Please find the project update attached. Ref4919
ham,Let's discuss the requirements in today's call. Ref3721
ham,Let's discuss the requirements in today's call. Ref1309
spam,Earn money fast from home. Click here now. Ref335
ham,"Hi, can we schedule a meeting for tomorrow? Ref4270"
spam,Earn money fast from home. Click here now. Ref1567
ham,"Hi, can we schedule a meeting for tomorrow? Ref3019"
ham,Let's discuss the requirements in today's call. Ref1413
ham,Reminder: team meeting at 3 PM today. Ref1521
ham,Please find the project update attached. Ref3797
spam,Congratulations! You have won a cash prize. Claim now. Ref667
ham,Reminder: team meeting at 3 PM today. Ref393
ham,Please find the project update attached. Ref3087
ham,Let's discuss the requirements in today's call. Ref4203
spam,Earn money fast from home. Click here now. Ref4164
ham,Please find the project update attached. Ref1717
spam,You have been selected for an exclusive gift card. Ref2809
spam,You have been selected for an exclusive gift card. Ref4747
ham,Thank you for your email. I will review it. Ref2284
ham,"Hi, can we schedule a meeting for tomorrow? Ref1618"
ham,Please find the project update attached. Ref1477
spam,Limited time offer! Get free rewards today. Ref1461
ham,Reminder: team meeting at 3 PM today. Ref3146
spam,Limited time offer! Get free rewards today. Ref3155
ham,Thank you for your email. I will review it. Ref2104
spam,Urgent: Verify your account and win a bonus. Ref786
spam,Urgent: Verify your account and win a bonus. Ref4192
ham,Let's discuss the requirements in today's call. Ref1249
ham,Reminder: team meeting at 3 PM today. Ref4235
spam,Earn money fast from home. Click here now. Ref1291
spam,Congratulations! You have won a cash prize. Claim now. Ref2857
spam,You have been selected for an exclusive gift card. Ref1604
ham,Thank you for your email. I will review it. Ref4644
spam,Urgent: Verify your account and win a bonus. Ref3717
ham,"Hi, can we schedule a meeting for tomorrow? Ref1294"
ham,"Hi, can we schedule a meeting for tomorrow? Ref537"
ham,Please find the project update attached. Ref227
ham,Please find the project update attached. Ref2332
ham,"Hi, can we schedule a meeting for tomorrow? Ref1943"
ham,Please find the project update attached. Ref168
spam,Congratulations! You have won a cash prize. Claim now. Ref2331
ham,"Hi, can we schedule a meeting for tomorrow? Ref4770"
ham,Let's discuss the requirements in today's call. Ref4697
spam,Earn money fast from home. Click here now. Ref1780
spam,Limited time offer! Get free rewards today. Ref2677
spam,Limited time offer! Get free rewards today. Ref742
ham,Thank you for your email. I will review it. Ref4100
ham,Let's discuss the requirements in today's call. Ref1855
ham,Please find the project update attached. Ref606
ham,Please find the project update attached. Ref4878
ham,Thank you for your email. I will review it. Ref3677
ham,"Hi, can we schedule a meeting for tomorrow? Ref2308"
spam,Earn money fast from home. Click here now. Ref3667
spam,You have been selected for an exclusive gift card. Ref764
ham,Please find the project update attached. Ref178
ham,"Hi, can we schedule a meeting for tomorrow? Ref183"
spam,Limited time offer! Get free rewards today. Ref3376
ham,Let's discuss the requirements in today's call. Ref4681
spam,Earn money fast from home. Click here now. Ref1761
ham,Reminder: team meeting at 3 PM today. Ref2162
spam,Limited time offer! Get free rewards today. Ref81
ham,Please find the project update attached. Ref3029
spam,Earn money fast from home. Click here now. Ref227
ham,"Hi, can we schedule a meeting for tomorrow? Ref55"
spam,Limited time offer! Get free rewards today. Ref2854
ham,Thank you for your email. I will review it. Ref1507
spam,Congratulations! You have won a cash prize. Claim now. Ref3412
ham,Please find the project update attached. Ref2758
ham,"Hi, can we schedule a meeting for tomorrow? Ref620"
spam,Earn money fast from home. Click here now. Ref967
spam,You have been selected for an exclusive gift card. Ref3721
spam,You have been selected for an exclusive gift card. Ref3651
spam,Earn money fast from home. Click here now. Ref1454
spam,Limited time offer! Get free rewards today. Ref4618
ham,Reminder: team meeting at 3 PM today. Ref2795
spam,Congratulations! You have won a cash prize. Claim now. Ref1322
spam,Congratulations! You have won a cash prize. Claim now. Ref422
spam,Congratulations! You have won a cash prize. Claim now. Ref669
ham,Let's discuss the requirements in today's call. Ref4772
ham,Let's discuss the requirements in today's call. Ref1530
spam,Earn money fast from home. Click here now. Ref229
spam,Congratulations! You have won a cash prize. Claim now. Ref704
spam,You have been selected for an exclusive gift card. Ref1004
spam,Congratulations! You have won a cash prize. Claim now. Ref3254
ham,Let's discuss the requirements in today's call. Ref2369
ham,Please find the project update attached. Ref607
ham,Reminder: team meeting at 3 PM today. Ref2621
ham,Let's discuss the requirements in today's call. Ref4621
spam,You have been selected for an exclusive gift card. Ref1873
spam,Congratulations! You have won a cash prize. Claim now. Ref2544
ham,"Hi, can we schedule a meeting for tomorrow? Ref135"
spam,Earn money fast from home. Click here now. Ref4622
ham,Reminder: team meeting at 3 PM today. Ref1564
ham,"Hi, can we schedule a meeting for tomorrow? Ref1017"
spam,Congratulations! You have won a cash prize. Claim now. Ref4253
spam,Urgent: Verify your account and win a bonus. Ref4052
ham,Let's discuss the requirements in today's call. Ref795
spam,Limited time offer! Get free rewards today. Ref2605
spam,You have been selected for an exclusive gift card. Ref1230
spam,Earn money fast from home. Click here now. Ref3914
spam,Urgent: Verify your account and win a bonus. Ref4314
spam,You have been selected for an exclusive gift card. Ref3486
ham,Thank you for your email. I will review it. Ref4223
ham,Let's discuss the requirements in today's call. Ref2276
spam,Urgent: Verify your account and win a bonus. Ref85
ham,Reminder: team meeting at 3 PM today. Ref307
ham,Reminder: team meeting at 3 PM today. Ref666
spam,Earn money fast from home. Click here now. Ref4698
ham,Thank you for your email. I will review it. Ref3592
spam,Limited time offer! Get free rewards today. Ref1795
ham,"Hi, can we schedule a meeting for tomorrow? Ref4651"
ham,Let's discuss the requirements in today's call. Ref384
spam,Limited time offer! Get free rewards today. Ref937
ham,Please find the project update attached. Ref231
spam,You have been selected for an exclusive gift card. Ref580
spam,Limited time offer! Get free rewards today. Ref137
ham,Please find the project update attached. Ref1435
ham,Reminder: team meeting at 3 PM today. Ref2796
ham,Thank you for your email. I will review it. Ref4126
spam,Earn money fast from home. Click here now. Ref2599
ham,Let's discuss the requirements in today's call. Ref4158
spam,Urgent: Verify your account and win a bonus. Ref2947
spam,Congratulations! You have won a cash prize. Claim now. Ref4053
spam,Urgent: Verify your account and win a bonus. Ref9
spam,You have been selected for an exclusive gift card. Ref1490
ham,Let's discuss the requirements in today's call. Ref2268
spam,Earn money fast from home. Click here now. Ref3431
spam,Congratulations! You have won a cash prize. Claim now. Ref2228
ham,Thank you for your email. I will review it. Ref66
ham,Please find the project update attached. Ref1726
spam,Urgent: Verify your account and win a bonus. Ref762
ham,Thank you for your email. I will review it. Ref845
spam,Limited time offer! Get free rewards today. Ref221
spam,Limited time offer! Get free rewards today. Ref416
spam,Congratulations! You have won a cash prize. Claim now. Ref266
ham,Let's discuss the requirements in today's call. Ref4296
ham,Please find the project update attached. Ref3903
ham,Let's discuss the requirements in today's call. Ref3787
ham,Let's discuss the requirements in today's call. Ref4894
ham,Reminder: team meeting at 3 PM today. Ref3149
ham,Let's discuss the requirements in today's call. Ref403
spam,Earn money fast from home. Click here now. Ref1229
ham,Thank you for your email. I will review it. Ref2529
ham,Let's discuss the requirements in today's call. Ref987
spam,Limited time offer! Get free rewards today. Ref4625
ham,"Hi, can we schedule a meeting for tomorrow? Ref828"
spam,Limited time offer! Get free rewards today. Ref1395
spam,Congratulations! You have won a cash prize. Claim now. Ref143
ham,Reminder: team meeting at 3 PM today. Ref884
spam,Earn money fast from home. Click here now. Ref500
ham,Thank you for your email. I will review it. Ref309
ham,Let's discuss the requirements in today's call. Ref3586
spam,You have been selected for an exclusive gift card. Ref2204
ham,Reminder: team meeting at 3 PM today. Ref3092
ham,Please find the project update attached. Ref4935
ham,Thank you for your email. I will review it. Ref3330
spam,Earn money fast from home. Click here now. Ref1961
spam,Limited time offer! Get free rewards today. Ref12
ham,Let's discuss the requirements in today's call. Ref3035
spam,You have been selected for an exclusive gift card. Ref4731
ham,Reminder: team meeting at 3 PM today. Ref1277
ham,Reminder: team meeting at 3 PM today. Ref4622
ham,Let's discuss the requirements in today's call. Ref4586
spam,Congratulations! You have won a cash prize. Claim now. Ref1353
spam,Congratulations! You have won a cash prize. Claim now. Ref68
ham,Reminder: team meeting at 3 PM today. Ref1498
ham,Please find the project update attached. Ref2641
spam,Congratulations! You have won a cash prize. Claim now. Ref4259
ham,Let's discuss the requirements in today's call. Ref358
ham,"Hi, can we schedule a meeting for tomorrow? Ref196"
ham,Please find the project update attached. Ref12
spam,Congratulations! You have won a cash prize. Claim now. Ref3757
ham,Reminder: team meeting at 3 PM today. Ref2551
ham,"Hi, can we schedule a meeting for tomorrow? Ref4871"
ham,Please find the project update attached. Ref256
spam,Earn money fast from home. Click here now. Ref913
spam,Urgent: Verify your account and win a bonus. Ref1466
spam,Congratulations! You have won a cash prize. Claim now. Ref2389
spam,Earn money fast from home. Click here now. Ref2265
spam,Urgent: Verify your account and win a bonus. Ref3993
spam,Earn money fast from home. Click here now. Ref1460
spam,Earn money fast from home. Click here now. Ref2037
spam,Limited time offer! Get free rewards today. Ref2169
spam,Urgent: Verify your account and win a bonus. Ref1069
spam,Earn money fast from home. Click here now. Ref3738
ham,"Hi, can we schedule a meeting for tomorrow? Ref1118"
spam,Urgent: Verify your account and win a bonus. Ref2416
spam,You have been selected for an exclusive gift card. Ref1215
ham,"Hi, can we schedule a meeting for tomorrow? Ref4143"
spam,Limited time offer! Get free rewards today. Ref1968
spam,Congratulations! You have won a cash prize. Claim now. Ref451
spam,You have been selected for an exclusive gift card. Ref453
ham,Please find the project update attached. Ref4884
ham,Thank you for your email. I will review it. Ref109
ham,Let's discuss the requirements in today's call. Ref520
ham,Reminder: team meeting at 3 PM today. Ref1962
spam,Limited time offer! Get free rewards today. Ref106
spam,Urgent: Verify your account and win a bonus. Ref1903
spam,Urgent: Verify your account and win a bonus. Ref2773
ham,"Hi, can we schedule a meeting for tomorrow? Ref3165"
spam,You have been selected for an exclusive gift card. Ref1558
ham,Reminder: team meeting at 3 PM today. Ref1529
ham,"Hi, can we schedule a meeting for tomorrow? Ref4475"
ham,Thank you for your email. I will review it. Ref4792
ham,"Hi, can we schedule a meeting for tomorrow? Ref4634"
ham,Let's discuss the requirements in today's call. Ref301
spam,Congratulations! You have won a cash prize. Claim now. Ref2975
ham,Reminder: team meeting at 3 PM today. Ref1970
ham,Please find the project update attached. Ref2492
spam,You have been selected for an exclusive gift card. Ref4744
spam,Limited time offer! Get free rewards today. Ref1104
spam,Urgent: Verify your account and win a bonus. Ref2704
ham,Please find the project update attached. Ref2888
spam,Earn money fast from home. Click here now. Ref2140
spam,You have been selected for an exclusive gift card. Ref3523
ham,Please find the project update attached. Ref611
ham,Please find the project update attached. Ref4391
ham,"Hi, can we schedule a meeting for tomorrow? Ref2417"
ham,Please find the project update attached. Ref1832
ham,Reminder: team meeting at 3 PM today. Ref4916
ham,Let's discuss the requirements in today's call. Ref591
ham,Reminder: team meeting at 3 PM today. Ref3992
ham,Let's discuss the requirements in today's call. Ref763
spam,Limited time offer! Get free rewards today. Ref2234
spam,Congratulations! You have won a cash prize. Claim now. Ref2784
spam,Earn money fast from home. Click here now. Ref592
ham,Reminder: team meeting at 3 PM today. Ref2348
spam,Earn money fast from home. Click here now. Ref1043
ham,Please find the project update attached. Ref407
ham,"Hi, can we schedule a meeting for tomorrow? Ref1606"
spam,Earn money fast from home. Click here now. Ref494
spam,Limited time offer! Get free rewards today. Ref154
ham,Let's discuss the requirements in today's call. Ref325
ham,Thank you for your email. I will review it. Ref3573
ham,Thank you for your email. I will review it. Ref1576
ham,Please find the project update attached. Ref4087
spam,Earn money fast from home. Click here now. Ref698
ham,Let's discuss the requirements in today's call. Ref3172
spam,Urgent: Verify your account and win a bonus. Ref3420
ham,Please find the project update attached. Ref2924
spam,Congratulations! You have won a cash prize. Claim now. Ref2010
spam,Congratulations! You have won a cash prize. Claim now. Ref837
ham,Let's discuss the requirements in today's call. Ref2236
ham,Please find the project update attached. Ref2183
ham,Please find the project update attached. Ref3186
spam,Earn money fast from home. Click here now. Ref2015
spam,You have been selected for an exclusive gift card. Ref421
spam,Limited time offer! Get free rewards today. Ref888
spam,Congratulations! You have won a cash prize. Claim now. Ref4089
spam,Urgent: Verify your account and win a bonus. Ref361
ham,Let's discuss the requirements in today's call. Ref3638
spam,Urgent: Verify your account and win a bonus. Ref4403
ham,Let's discuss the requirements in today's call. Ref709
spam,Limited time offer! Get free rewards today. Ref1767
ham,Thank you for your email. I will review it. Ref3599
ham,Reminder: team meeting at 3 PM today. Ref1007
spam,Congratulations! You have won a cash prize. Claim now. Ref2736
ham,"Hi, can we schedule a meeting for tomorrow? Ref4611"
spam,You have been selected for an exclusive gift card. Ref1272
ham,"Hi, can we schedule a meeting for tomorrow? Ref1921"
ham,Thank you for your email. I will review it. Ref4458
spam,You have been selected for an exclusive gift card. Ref3473
ham,Let's discuss the requirements in today's call. Ref3464
ham,"Hi, can we schedule a meeting for tomorrow? Ref290"
spam,You have been selected for an exclusive gift card. Ref4637
spam,Congratulations! You have won a cash prize. Claim now. Ref773
spam,Congratulations! You have won a cash prize. Claim now. Ref1946
ham,Reminder: team meeting at 3 PM today. Ref2227
ham,Let's discuss the requirements in today's call. Ref4174
spam,Earn money fast from home. Click here now. Ref233
spam,Earn money fast from home. Click here now. Ref1823
spam,Congratulations! You have won a cash prize. Claim now. Ref1131
ham,Thank you for your email. I will review it. Ref2114
spam,You have been selected for an exclusive gift card. Ref1239
ham,Reminder: team meeting at 3 PM today. Ref1455
spam,Congratulations! You have won a cash prize. Claim now. Ref1599
ham,Please find the project update attached. Ref1716
ham,Please find the project update attached. Ref3706
spam,Limited time offer! Get free rewards today. Ref2852
ham,Let's discuss the requirements in today's call. Ref4904
spam,Urgent: Verify your account and win a bonus. Ref3089
spam,Congratulations! You have won a cash prize. Claim now. Ref3113
spam,Urgent: Verify your account and win a bonus. Ref3919
spam,Limited time offer! Get free rewards today. Ref2636
spam,Urgent: Verify your account and win a bonus. Ref2745
spam,You have been selected for an exclusive gift card. Ref583
ham,"Hi, can we schedule a meeting for tomorrow? Ref30"
spam,You have been selected for an exclusive gift card. Ref666
spam,You have been selected for an exclusive gift card. Ref450
spam,You have been selected for an exclusive gift card. Ref2661
spam,Earn money fast from home. Click here now. Ref3704
ham,Let's discuss the requirements in today's call. Ref1709
spam,Earn money fast from home. Click here now. Ref3734
spam,Urgent: Verify your account and win a bonus. Ref4220
ham,Thank you for your email. I will review it. Ref1293
ham,Let's discuss the requirements in today's call. Ref1014
ham,Let's discuss the requirements in today's call. Ref2864
ham,Let's discuss the requirements in today's call. Ref4710
ham,Thank you for your email. I will review it. Ref2793
spam,Limited time offer! Get free rewards today. Ref2740
ham,Let's discuss the requirements in today's call. Ref343
ham,Please find the project update attached. Ref3336
spam,Congratulations! You have won a cash prize. Claim now. Ref3863
ham,Please find the project update attached. Ref3889
ham,Reminder: team meeting at 3 PM today. Ref4684
spam,Earn money fast from home. Click here now. Ref1248
spam,Urgent: Verify your account and win a bonus. Ref2671
spam,Congratulations! You have won a cash prize. Claim now. Ref3557
spam,Earn money fast from home. Click here now. Ref100
ham,"Hi, can we schedule a meeting for tomorrow? Ref3861"
ham,Let's discuss the requirements in today's call. Ref4272
ham,Please find the project update attached. Ref3320
ham,"Hi, can we schedule a meeting for tomorrow? Ref4301"
ham,Please find the project update attached. Ref1029
ham,Let's discuss the requirements in today's call. Ref3603
spam,Urgent: Verify your account and win a bonus. Ref876
spam,Congratulations! You have won a cash prize. Claim now. Ref3204
ham,Please find the project update attached. Ref3132
ham,Thank you for your email. I will review it. Ref1486
spam,You have been selected for an exclusive gift card. Ref3705
spam,Congratulations! You have won a cash prize. Claim now. Ref244
spam,You have been selected for an exclusive gift card. Ref119
spam,Earn money fast from home. Click here now. Ref4722
spam,You have been selected for an exclusive gift card. Ref672
ham,"Hi, can we schedule a meeting for tomorrow? Ref2797"
ham,Reminder: team meeting at 3 PM today. Ref1468
spam,Urgent: Verify your account and win a bonus. Ref1970
spam,Earn money fast from home. Click here now. Ref3213
ham,Let's discuss the requirements in today's call. Ref4509
spam,Urgent: Verify your account and win a bonus. Ref2433
spam,Urgent: Verify your account and win a bonus. Ref118
ham,Reminder: team meeting at 3 PM today. Ref1633
spam,Limited time offer! Get free rewards today. Ref3606
spam,Congratulations! You have won a cash prize. Claim now. Ref3610
ham,Please find the project update attached. Ref1492
ham,Please find the project update attached. Ref4677
ham,Please find the project update attached. Ref741
spam,Urgent: Verify your account and win a bonus. Ref2220
ham,"Hi, can we schedule a meeting for tomorrow? Ref4343"
ham,Let's discuss the requirements in today's call. Ref1812
ham,Let's discuss the requirements in today's call. Ref2506
spam,Limited time offer! Get free rewards today. Ref2616
spam,Congratulations! You have won a cash prize. Claim now. Ref4414
spam,Congratulations! You have won a cash prize. Claim now. Ref504
spam,Congratulations! You have won a cash prize. Claim now. Ref4082
ham,Please find the project update attached. Ref2832
ham,Reminder: team meeting at 3 PM today. Ref142
spam,Urgent: Verify your account and win a bonus. Ref1105
ham,"Hi, can we schedule a meeting for tomorrow? Ref4312"
spam,You have been selected for an exclusive gift card. Ref2013
ham,Please find the project update attached. Ref4027
spam,You have been selected for an exclusive gift card. Ref3161
spam,You have been selected for an exclusive gift card. Ref3939
ham,Reminder: team meeting at 3 PM today. Ref3333
spam,Earn money fast from home. Click here now. Ref1886
spam,Earn money fast from home. Click here now. Ref3727
spam,Earn money fast from home. Click here now. Ref1778
ham,Please find the project update attached. Ref4910
spam,Urgent: Verify your account and win a bonus. Ref559
spam,Limited time offer! Get free rewards today. Ref2385
spam,Congratulations! You have won a cash prize. Claim now. Ref2196
ham,Thank you for your email. I will review it. Ref4513
ham,Thank you for your email. I will review it. Ref4898
spam,Limited time offer! Get free rewards today. Ref209
ham,Reminder: team meeting at 3 PM today. Ref3021
ham,Please find the project update attached. Ref744
spam,Limited time offer! Get free rewards today. Ref3922
spam,Earn money fast from home. Click here now. Ref1145
ham,"Hi, can we schedule a meeting for tomorrow? Ref4655"
ham,Please find the project update attached. Ref2834
spam,Congratulations! You have won a cash prize. Claim now. Ref205
ham,Let's discuss the requirements in today's call. Ref1983
spam,Limited time offer! Get free rewards today. Ref1862
spam,Earn money fast from home. Click here now. Ref561
ham,Let's discuss the requirements in today's call. Ref2507
spam,Earn money fast from home. Click here now. Ref1311
spam,Urgent: Verify your account and win a bonus. Ref1685
ham,Reminder: team meeting at 3 PM today. Ref249
spam,Earn money fast from home. Click here now. Ref2917
ham,Let's discuss the requirements in today's call. Ref1254
spam,Earn money fast from home. Click here now. Ref3977
spam,Limited time offer! Get free rewards today. Ref4343
ham,Please find the project update attached. Ref4838
ham,Please find the project update attached. Ref3154
spam,You have been selected for an exclusive gift card. Ref2777
ham,Thank you for your email. I will review it. Ref4180
ham,Thank you for your email. I will review it. Ref3780
ham,"Hi, can we schedule a meeting for tomorrow? Ref4440"
ham,Reminder: team meeting at 3 PM today. Ref409
ham,"Hi, can we schedule a meeting for tomorrow? Ref2838"
ham,Reminder: team meeting at 3 PM today. Ref382
ham,Thank you for your email. I will review it. Ref402
spam,Limited time offer! Get free rewards today. Ref2826
ham,Reminder: team meeting at 3 PM today. Ref3902
ham,Thank you for your email. I will review it. Ref1449
ham,Let's discuss the requirements in today's call. Ref4567
spam,Earn money fast from home. Click here now. Ref731
spam,Limited time offer! Get free rewards today. Ref1306
spam,Urgent: Verify your account and win a bonus. Ref3284
spam,Limited time offer! Get free rewards today. Ref82
ham,Please find the project update attached. Ref1675
ham,"Hi, can we schedule a meeting for tomorrow? Ref868"
spam,Limited time offer! Get free rewards today. Ref425
ham,Please find the project update attached. Ref618
spam,Earn money fast from home. Click here now. Ref1697
spam,You have been selected for an exclusive gift card. Ref1927
spam,You have been selected for an exclusive gift card. Ref2956
ham,Thank you for your email. I will review it. Ref4305
ham,Reminder: team meeting at 3 PM today. Ref1156
spam,Congratulations! You have won a cash prize. Claim now. Ref223
ham,Let's discuss the requirements in today's call. Ref4881
spam,Congratulations! You have won a cash prize. Claim now. Ref1828
ham,Please find the project update attached. Ref2811
spam,Earn money fast from home. Click here now. Ref3545
ham,"Hi, can we schedule a meeting for tomorrow? Ref4758"
ham,Please find the project update attached. Ref4300
ham,Reminder: team meeting at 3 PM today. Ref2640
ham,Please find the project update attached. Ref2637
spam,Congratulations! You have won a cash prize. Claim now. Ref849
ham,Thank you for your email. I will review it. Ref2803
spam,Limited time offer! Get free rewards today. Ref1266
ham,Thank you for your email. I will review it. Ref3434
ham,Reminder: team meeting at 3 PM today. Ref536
spam,Earn money fast from home. Click here now. Ref2774
spam,Congratulations! You have won a cash prize. Claim now. Ref1307
spam,You have been selected for an exclusive gift card. Ref1912
ham,"Hi, can we schedule a meeting for tomorrow? Ref2142"
ham,Please find the project update attached. Ref3080
ham,Reminder: team meeting at 3 PM today. Ref938
ham,"Hi, can we schedule a meeting for tomorrow? Ref2188"
spam,You have been selected for an exclusive gift card. Ref297
spam,Congratulations! You have won a cash prize. Claim now. Ref563
ham,"Hi, can we schedule a meeting for tomorrow? Ref1395"
ham,Let's discuss the requirements in today's call. Ref2672
spam,Congratulations! You have won a cash prize. Claim now. Ref3301
ham,Please find the project update attached. Ref4336
ham,Please find the project update attached. Ref2857
spam,You have been selected for an exclusive gift card. Ref3620
spam,Urgent: Verify your account and win a bonus. Ref711
spam,Limited time offer! Get free rewards today. Ref1162
spam,Earn money fast from home. Click here now. Ref1992
ham,Reminder: team meeting at 3 PM today. Ref3707
spam,Congratulations! You have won a cash prize. Claim now. Ref3159
ham,Thank you for your email. I will review it. Ref3575
spam,Earn money fast from home. Click here now. Ref2358
ham,Please find the project update attached. Ref1270
spam,You have been selected for an exclusive gift card. Ref2715
ham,Please find the project update attached. Ref3139
spam,Earn money fast from home. Click here now. Ref3409
ham,Let's discuss the requirements in today's call. Ref3525
spam,Earn money fast from home. Click here now. Ref360
ham,"Hi, can we schedule a meeting for tomorrow? Ref4610"
spam,Earn money fast from home. Click here now. Ref3731
spam,Limited time offer! Get free rewards today. Ref4975
ham,Let's discuss the requirements in today's call. Ref1680
ham,Reminder: team meeting at 3 PM today. Ref3521
spam,Congratulations! You have won a cash prize. Claim now. Ref1603
ham,Let's discuss the requirements in today's call. Ref883
ham,Reminder: team meeting at 3 PM today. Ref2434
spam,Congratulations! You have won a cash prize. Claim now. Ref2147
ham,Reminder: team meeting at 3 PM today. Ref2707
ham,Thank you for your email. I will review it. Ref387
spam,Urgent: Verify your account and win a bonus. Ref2457
spam,Earn money fast from home. Click here now. Ref3092
spam,You have been selected for an exclusive gift card. Ref1919
ham,Let's discuss the requirements in today's call. Ref2373
ham,Thank you for your email. I will review it. Ref649
spam,Limited time offer! Get free rewards today. Ref574
spam,Limited time offer! Get free rewards today. Ref918
ham,"Hi, can we schedule a meeting for tomorrow? Ref1191"
spam,Earn money fast from home. Click here now. Ref957
spam,Urgent: Verify your account and win a bonus. Ref4909
spam,Earn money fast from home. Click here now. Ref1012
ham,"Hi, can we schedule a meeting for tomorrow? Ref3571"
ham,Thank you for your email. I will review it. Ref1735
ham,Please find the project update attached. Ref137
ham,Let's discuss the requirements in today's call. Ref2437
ham,Reminder: team meeting at 3 PM today. Ref2769
ham,Let's discuss the requirements in today's call. Ref1815
ham,"Hi, can we schedule a meeting for tomorrow? Ref1289"
ham,Please find the project update attached. Ref3480
spam,Limited time offer! Get free rewards today. Ref706
spam,You have been selected for an exclusive gift card. Ref1308
ham,Reminder: team meeting at 3 PM today. Ref1114
spam,Urgent: Verify your account and win a bonus. Ref2976
ham,Let's discuss the requirements in today's call. Ref4911
spam,Urgent: Verify your account and win a bonus. Ref2546
spam,Urgent: Verify your account and win a bonus. Ref964
ham,Please find the project update attached. Ref1133
ham,Thank you for your email. I will review it. Ref4417
spam,You have been selected for an exclusive gift card. Ref2254
ham,Thank you for your email. I will review it. Ref3310
ham,Please find the project update attached. Ref2912
spam,Urgent: Verify your account and win a bonus. Ref694
ham,Please find the project update attached. Ref4687
spam,Urgent: Verify your account and win a bonus. Ref3023
spam,Limited time offer! Get free rewards today. Ref1470
ham,Thank you for your email. I will review it. Ref1316
ham,Let's discuss the requirements in today's call. Ref3098
spam,You have been selected for an exclusive gift card. Ref1008
ham,Please find the project update attached. Ref1362
ham,"Hi, can we schedule a meeting for tomorrow? Ref2532"
ham,Let's discuss the requirements in today's call. Ref4315
ham,Thank you for your email. I will review it. Ref4695
ham,Thank you for your email. I will review it. Ref4169
spam,Congratulations! You have won a cash prize. Claim now. Ref2257
spam,Urgent: Verify your account and win a bonus. Ref1392
spam,Urgent: Verify your account and win a bonus. Ref3821
ham,Reminder: team meeting at 3 PM today. Ref1240
ham,"Hi, can we schedule a meeting for tomorrow? Ref3819"
ham,Let's discuss the requirements in today's call. Ref4723
ham,"Hi, can we schedule a meeting for tomorrow? Ref3261"
ham,Please find the project update attached. Ref1863
ham,Reminder: team meeting at 3 PM today. Ref4181
spam,You have been selected for an exclusive gift card. Ref2188
ham,Thank you for your email. I will review it. Ref1777
spam,Congratulations! You have won a cash prize. Claim now. Ref692
spam,You have been selected for an exclusive gift card. Ref1841
ham,Reminder: team meeting at 3 PM today. Ref945
spam,Earn money fast from home. Click here now. Ref4509
spam,Congratulations! You have won a cash prize. Claim now. Ref3568
ham,"Hi, can we schedule a meeting for tomorrow? Ref4715"
ham,"Hi, can we schedule a meeting for tomorrow? Ref994"
spam,Earn money fast from home. Click here now. Ref105
spam,Congratulations! You have won a cash prize. Claim now. Ref1908
spam,Congratulations! You have won a cash prize. Claim now. Ref4588
ham,Let's discuss the requirements in today's call. Ref1075
spam,Congratulations! You have won a cash prize. Claim now. Ref644
spam,You have been selected for an exclusive gift card. Ref4341
ham,Thank you for your email. I will review it. Ref4464
ham,Please find the project update attached. Ref1879
spam,Urgent: Verify your account and win a bonus. Ref3535
spam,Earn money fast from home. Click here now. Ref3386
ham,Reminder: team meeting at 3 PM today. Ref3567
ham,Thank you for your email. I will review it. Ref4045
spam,Congratulations! You have won a cash prize. Claim now. Ref1396
ham,"Hi, can we schedule a meeting for tomorrow? Ref2861"
ham,Please find the project update attached. Ref4410
spam,Urgent: Verify your account and win a bonus. Ref4476
spam,Limited time offer! Get free rewards today. Ref722
ham,Thank you for your email. I will review it. Ref359
spam,Urgent: Verify your account and win a bonus. Ref593
ham,Reminder: team meeting at 3 PM today. Ref2752
spam,Earn money fast from home. Click here now. Ref3935
spam,Earn money fast from home. Click here now. Ref1368
ham,Thank you for your email. I will review it. Ref4523
ham,Reminder: team meeting at 3 PM today. Ref2572
ham,"Hi, can we schedule a meeting for tomorrow? Ref485"
spam,Urgent: Verify your account and win a bonus. Ref839
spam,Limited time offer! Get free rewards today. Ref1503
ham,"Hi, can we schedule a meeting for tomorrow? Ref4638"
ham,Let's discuss the requirements in today's call. Ref2778
ham,Thank you for your email. I will review it. Ref2754
ham,Thank you for your email. I will review it. Ref528
spam,Urgent: Verify your account and win a bonus. Ref2540
spam,Urgent: Verify your account and win a bonus. Ref1031
ham,Please find the project update attached. Ref4992
spam,Limited time offer! Get free rewards today. Ref2247
spam,Limited time offer! Get free rewards today. Ref4247
spam,You have been selected for an exclusive gift card. Ref2121
ham,"Hi, can we schedule a meeting for tomorrow? Ref793"
spam,Earn money fast from home. Click here now. Ref926
spam,You have been selected for an exclusive gift card. Ref2053
ham,Thank you for your email. I will review it. Ref2607
spam,Earn money fast from home. Click here now. Ref3686
ham,Please find the project update attached. Ref2887
spam,Earn money fast from home. Click here now. Ref309
ham,Let's discuss the requirements in today's call. Ref1110
spam,Urgent: Verify your account and win a bonus. Ref3679
spam,You have been selected for an exclusive gift card. Ref1504
ham,Let's discuss the requirements in today's call. Ref1379
ham,Let's discuss the requirements in today's call. Ref3493
spam,Congratulations! You have won a cash prize. Claim now. Ref132
ham,Please find the project update attached. Ref2161
spam,Congratulations! You have won a cash prize. Claim now. Ref3898
ham,"Hi, can we schedule a meeting for tomorrow? Ref334"
ham,"Hi, can we schedule a meeting for tomorrow? Ref2636"
ham,Let's discuss the requirements in today's call. Ref1891
ham,Please find the project update attached. Ref4633
spam,Congratulations! You have won a cash prize. Claim now. Ref2007
ham,Please find the project update attached. Ref1263
ham,"Hi, can we schedule a meeting for tomorrow? Ref4316"
ham,"Hi, can we schedule a meeting for tomorrow? Ref989"
spam,Congratulations! You have won a cash prize. Claim now. Ref2124
ham,Please find the project update attached. Ref4152
spam,Limited time offer! Get free rewards today. Ref696
ham,Reminder: team meeting at 3 PM today. Ref1013
ham,Please find the project update attached. Ref2120
spam,Limited time offer! Get free rewards today. Ref4996
ham,Please find the project update attached. Ref2691
spam,Earn money fast from home. Click here now. Ref2055
ham,"Hi, can we schedule a meeting for tomorrow? Ref978"
spam,Earn money fast from home. Click here now. Ref750
spam,Limited time offer! Get free rewards today. Ref3768
ham,Reminder: team meeting at 3 PM today. Ref2817
ham,Thank you for your email. I will review it. Ref4113
ham,"Hi, can we schedule a meeting for tomorrow? Ref3701"
ham,Thank you for your email. I will review it. Ref4320
ham,Thank you for your email. I will review it. Ref4629
spam,Congratulations! You have won a cash prize. Claim now. Ref1645
spam,Urgent: Verify your account and win a bonus. Ref4486
spam,You have been selected for an exclusive gift card. Ref3068
ham,"Hi, can we schedule a meeting for tomorrow? Ref3505"
ham,Reminder: team meeting at 3 PM today. Ref2665
ham,Thank you for your email. I will review it. Ref4007
ham,Let's discuss the requirements in today's call. Ref3389
spam,Earn money fast from home. Click here now. Ref3444
spam,You have been selected for an exclusive gift card. Ref472
spam,Earn money fast from home. Click here now. Ref455
spam,Limited time offer! Get free rewards today. Ref2601
ham,Let's discuss the requirements in today's call. Ref4149
ham,Thank you for your email. I will review it. Ref3248
ham,Please find the project update attached. Ref2453
spam,Earn money fast from home. Click here now. Ref4062
spam,Limited time offer! Get free rewards today. Ref2472
spam,Limited time offer! Get free rewards today. Ref315
ham,Reminder: team meeting at 3 PM today. Ref4238
ham,Thank you for your email. I will review it. Ref3170
spam,Earn money fast from home. Click here now. Ref264
spam,Earn money fast from home. Click here now. Ref1089
spam,Limited time offer! Get free rewards today. Ref3060
ham,Thank you for your email. I will review it. Ref3036
ham,"Hi, can we schedule a meeting for tomorrow? Ref213"
spam,You have been selected for an exclusive gift card. Ref3067
spam,Urgent: Verify your account and win a bonus. Ref4280
ham,Please find the project update attached. Ref2095
ham,Thank you for your email. I will review it. Ref3393
spam,Congratulations! You have won a cash prize. Claim now. Ref2344
ham,Reminder: team meeting at 3 PM today. Ref3428
ham,"Hi, can we schedule a meeting for tomorrow? Ref3188"
ham,Reminder: team meeting at 3 PM today. Ref74
spam,Congratulations! You have won a cash prize. Claim now. Ref944
spam,Earn money fast from home. Click here now. Ref1777
ham,"Hi, can we schedule a meeting for tomorrow? Ref3220"
ham,Please find the project update attached. Ref3011
ham,"Hi, can we schedule a meeting for tomorrow? Ref4969"
spam,Earn money fast from home. Click here now. Ref4803
ham,Let's discuss the requirements in today's call. Ref2848
ham,Please find the project update attached. Ref1421
ham,Thank you for your email. I will review it. Ref2650
spam,You have been selected for an exclusive gift card. Ref3630
spam,Limited time offer! Get free rewards today. Ref461
ham,Thank you for your email. I will review it. Ref926
spam,Earn money fast from home. Click here now. Ref4374
spam,You have been selected for an exclusive gift card. Ref2851
spam,Congratulations! You have won a cash prize. Claim now. Ref1231
ham,Let's discuss the requirements in today's call. Ref1337
ham,Thank you for your email. I will review it. Ref674
spam,Earn money fast from home. Click here now. Ref3792
ham,Please find the project update attached. Ref3982
spam,Earn money fast from home. Click here now. Ref1206
ham,Let's discuss the requirements in today's call. Ref251
spam,Urgent: Verify your account and win a bonus. Ref1414
spam,You have been selected for an exclusive gift card. Ref822
ham,Let's discuss the requirements in today's call. Ref2084
spam,Limited time offer! Get free rewards today. Ref3818
spam,You have been selected for an exclusive gift card. Ref553
spam,Congratulations! You have won a cash prize. Claim now. Ref3636
spam,Earn money fast from home. Click here now. Ref2489
spam,You have been selected for an exclusive gift card. Ref3742
ham,Thank you for your email. I will review it. Ref1625
ham,Let's discuss the requirements in today's call. Ref4268
spam,Congratulations! You have won a cash prize. Claim now. Ref2093
ham,"Hi, can we schedule a meeting for tomorrow? Ref3450"
spam,Congratulations! You have won a cash prize. Claim now. Ref3801
spam,You have been selected for an exclusive gift card. Ref1280
spam,Limited time offer! Get free rewards today. Ref4968
ham,Please find the project update attached. Ref4494
ham,"Hi, can we schedule a meeting for tomorrow? Ref3534"
spam,Limited time offer! Get free rewards today. Ref4899
ham,Reminder: team meeting at 3 PM today. Ref157
ham,Let's discuss the requirements in today's call. Ref3008
spam,Congratulations! You have won a cash prize. Claim now. Ref1691
spam,You have been selected for an exclusive gift card. Ref344
ham,Please find the project update attached. Ref4095
ham,"Hi, can we schedule a meeting for tomorrow? Ref3214"
spam,You have been selected for an exclusive gift card. Ref3359
spam,Congratulations! You have won a cash prize. Claim now. Ref332
ham,Let's discuss the requirements in today's call. Ref811
ham,Thank you for your email. I will review it. Ref3652
spam,Earn money fast from home. Click here now. Ref3937
ham,Reminder: team meeting at 3 PM today. Ref2423
ham,Please find the project update attached. Ref1612
spam,Earn money fast from home. Click here now. Ref2681
ham,"Hi, can we schedule a meeting for tomorrow? Ref669"
ham,"Hi, can we schedule a meeting for tomorrow? Ref1523"
ham,Let's discuss the requirements in today's call. Ref4854
spam,You have been selected for an exclusive gift card. Ref1638
spam,Congratulations! You have won a cash prize. Claim now. Ref3365
ham,Please find the project update attached. Ref3467
ham,Thank you for your email. I will review it. Ref3365
spam,You have been selected for an exclusive gift card. Ref3124
spam,Limited time offer! Get free rewards today. Ref3780
spam,Limited time offer! Get free rewards today. Ref2604
ham,Please find the project update attached. Ref4999
spam,You have been selected for an exclusive gift card. Ref2264
ham,"Hi, can we schedule a meeting for tomorrow? Ref2024"
ham,Let's discuss the requirements in today's call. Ref3878
spam,Earn money fast from home. Click here now. Ref650
ham,Please find the project update attached. Ref57
spam,Earn money fast from home. Click here now. Ref1220
ham,"Hi, can we schedule a meeting for tomorrow? Ref1373"
ham,Please find the project update attached. Ref773
ham,Reminder: team meeting at 3 PM today. Ref4539
ham,"Hi, can we schedule a meeting for tomorrow? Ref2326"
ham,Let's discuss the requirements in today's call. Ref2389
ham,Let's discuss the requirements in today's call. Ref2733
ham,Thank you for your email. I will review it. Ref336
ham,"Hi, can we schedule a meeting for tomorrow? Ref723"
ham,Thank you for your email. I will review it. Ref1873
spam,Urgent: Verify your account and win a bonus. Ref2431
ham,Let's discuss the requirements in today's call. Ref1101
spam,Congratulations! You have won a cash prize. Claim now. Ref3381
spam,Urgent: Verify your account and win a bonus. Ref1201
ham,Please find the project update attached. Ref3131
ham,Reminder: team meeting at 3 PM today. Ref973
spam,Limited time offer! Get free rewards today. Ref272
ham,Reminder: team meeting at 3 PM today. Ref111
ham,Let's discuss the requirements in today's call. Ref651
ham,Please find the project update attached. Ref2620
spam,You have been selected for an exclusive gift card. Ref1103
ham,Reminder: team meeting at 3 PM today. Ref2451
spam,Congratulations! You have won a cash prize. Claim now. Ref1699
ham,"Hi, can we schedule a meeting for tomorrow? Ref562"
ham,Thank you for your email. I will review it. Ref2339
ham,Let's discuss the requirements in today's call. Ref2421
spam,Limited time offer! Get free rewards today. Ref1790
spam,You have been selected for an exclusive gift card. Ref1257
spam,Urgent: Verify your account and win a bonus. Ref1849
spam,You have been selected for an exclusive gift card. Ref1972
spam,Limited time offer! Get free rewards today. Ref739
spam,Limited time offer! Get free rewards today. Ref1898
ham,Thank you for your email. I will review it. Ref3053
ham,"Hi, can we schedule a meeting for tomorrow? Ref3066"
ham,Reminder: team meeting at 3 PM today. Ref1276
spam,You have been selected for an exclusive gift card. Ref2134
ham,Let's discuss the requirements in today's call. Ref2722
ham,Please find the project update attached. Ref2939
spam,Limited time offer! Get free rewards today. Ref3105
spam,Congratulations! You have won a cash prize. Claim now. Ref3257
ham,Please find the project update attached. Ref2064
ham,Please find the project update attached. Ref2072
ham,"Hi, can we schedule a meeting for tomorrow? Ref1582"
ham,Thank you for your email. I will review it. Ref1123
spam,Congratulations! You have won a cash prize. Claim now. Ref2023
spam,Limited time offer! Get free rewards today. Ref464
ham,Reminder: team meeting at 3 PM today. Ref2693
spam,Limited time offer! Get free rewards today. Ref1199
ham,Let's discuss the requirements in today's call. Ref4821
spam,Limited time offer! Get free rewards today. Ref1876
ham,Thank you for your email. I will review it. Ref892
ham,Thank you for your email. I will review it. Ref1291
spam,Congratulations! You have won a cash prize. Claim now. Ref3560
ham,Please find the project update attached. Ref979
spam,Earn money fast from home. Click here now. Ref3706
spam,You have been selected for an exclusive gift card. Ref2421
spam,Urgent: Verify your account and win a bonus. Ref4115
ham,Let's discuss the requirements in today's call. Ref2026
spam,Limited time offer! Get free rewards today. Ref434
spam,Limited time offer! Get free rewards today. Ref4266
spam,You have been selected for an exclusive gift card. Ref2892
ham,Please find the project update attached. Ref2027
spam,Limited time offer! Get free rewards today. Ref169
spam,Urgent: Verify your account and win a bonus. Ref3618
spam,Earn money fast from home. Click here now. Ref364
ham,Reminder: team meeting at 3 PM today. Ref563
ham,Reminder: team meeting at 3 PM today. Ref4321
ham,Please find the project update attached. Ref2623
ham,Please find the project update attached. Ref2616
spam,Limited time offer! Get free rewards today. Ref3789
ham,Thank you for your email. I will review it. Ref4288
spam,Limited time offer! Get free rewards today. Ref2040
spam,You have been selected for an exclusive gift card. Ref4587
spam,Congratulations! You have won a cash prize. Claim now. Ref4274
spam,Congratulations! You have won a cash prize. Claim now. Ref3654
ham,Let's discuss the requirements in today's call. Ref1306
ham,Please find the project update attached. Ref1723
spam,Limited time offer! Get free rewards today. Ref2972
spam,Urgent: Verify your account and win a bonus. Ref2886
ham,Let's discuss the requirements in today's call. Ref783
ham,Please find the project update attached. Ref390
spam,You have been selected for an exclusive gift card. Ref1746
spam,You have been selected for an exclusive gift card. Ref1400
spam,Earn money fast from home. Click here now. Ref126
ham,Please find the project update attached. Ref1130
ham,Let's discuss the requirements in today's call. Ref1831
ham,Thank you for your email. I will review it. Ref508
ham,Reminder: team meeting at 3 PM today. Ref4932
ham,"Hi, can we schedule a meeting for tomorrow? Ref2767"
ham,Let's discuss the requirements in today's call. Ref2271
spam,You have been selected for an exclusive gift card. Ref754
ham,Reminder: team meeting at 3 PM today. Ref925
spam,Earn money fast from home. Click here now. Ref3575
ham,Thank you for your email. I will review it. Ref1134
spam,You have been selected for an exclusive gift card. Ref1330
ham,Thank you for your email. I will review it. Ref1341
ham,Reminder: team meeting at 3 PM today. Ref2918
spam,Limited time offer! Get free rewards today. Ref1040
spam,Limited time offer! Get free rewards today. Ref1996
ham,Let's discuss the requirements in today's call. Ref194
ham,Let's discuss the requirements in today's call. Ref598
ham,Thank you for your email. I will review it. Ref1051
spam,Urgent: Verify your account and win a bonus. Ref1714
ham,"Hi, can we schedule a meeting for tomorrow? Ref3088"
spam,Urgent: Verify your account and win a bonus. Ref4547
spam,Urgent: Verify your account and win a bonus. Ref3747
spam,Earn money fast from home. Click here now. Ref3137
ham,Let's discuss the requirements in today's call. Ref2366
spam,You have been selected for an exclusive gift card. Ref3872
spam,Limited time offer! Get free rewards today. Ref1251
ham,Let's discuss the requirements in today's call. Ref1301
ham,"Hi, can we schedule a meeting for tomorrow? Ref1991"
spam,Urgent: Verify your account and win a bonus. Ref4217
ham,Thank you for your email. I will review it. Ref2115
spam,You have been selected for an exclusive gift card. Ref4669
spam,Urgent: Verify your account and win a bonus. Ref1469
spam,You have been selected for an exclusive gift card. Ref4614
ham,Reminder: team meeting at 3 PM today. Ref3392
ham,"Hi, can we schedule a meeting for tomorrow? Ref4981"
spam,Limited time offer! Get free rewards today. Ref3548
spam,Urgent: Verify your account and win a bonus. Ref4072
ham,Thank you for your email. I will review it. Ref4379
ham,Thank you for your email. I will review it. Ref885
spam,Urgent: Verify your account and win a bonus. Ref3402
ham,Please find the project update attached. Ref2879
spam,Earn money fast from home. Click here now. Ref7
ham,Let's discuss the requirements in today's call. Ref3881
ham,"Hi, can we schedule a meeting for tomorrow? Ref3322"
spam,Congratulations! You have won a cash prize. Claim now. Ref4061
spam,You have been selected for an exclusive gift card. Ref2639
spam,Earn money fast from home. Click here now. Ref273
ham,Let's discuss the requirements in today's call. Ref114
spam,You have been selected for an exclusive gift card. Ref758
spam,Urgent: Verify your account and win a bonus. Ref3957
spam,Congratulations! You have won a cash prize. Claim now. Ref2428
spam,Congratulations! You have won a cash prize. Claim now. Ref1202
spam,Earn money fast from home. Click here now. Ref1508
ham,Please find the project update attached. Ref4944
ham,Thank you for your email. I will review it. Ref2841
spam,Earn money fast from home. Click here now. Ref3049
spam,You have been selected for an exclusive gift card. Ref620
spam,Earn money fast from home. Click here now. Ref1838
ham,Reminder: team meeting at 3 PM today. Ref2992
ham,Please find the project update attached. Ref3559
ham,Let's discuss the requirements in today's call. Ref60
ham,Thank you for your email. I will review it. Ref47
ham,Reminder: team meeting at 3 PM today. Ref1407
ham,Please find the project update attached. Ref3161
ham,Thank you for your email. I will review it. Ref2403
spam,Earn money fast from home. Click here now. Ref4472
ham,Reminder: team meeting at 3 PM today. Ref1104
ham,Thank you for your email. I will review it. Ref3776
spam,Urgent: Verify your account and win a bonus. Ref1763
spam,You have been selected for an exclusive gift card. Ref1380
ham,Reminder: team meeting at 3 PM today. Ref1609
spam,Urgent: Verify your account and win a bonus. Ref1895
ham,Please find the project update attached. Ref3242
spam,Earn money fast from home. Click here now. Ref291
ham,Thank you for your email. I will review it. Ref2315
ham,Reminder: team meeting at 3 PM today. Ref730
spam,Limited time offer! Get free rewards today. Ref3716
spam,You have been selected for an exclusive gift card. Ref1786
ham,"Hi, can we schedule a meeting for tomorrow? Ref4467"
spam,Urgent: Verify your account and win a bonus. Ref2937
ham,Please find the project update attached. Ref2681
spam,Congratulations! You have won a cash prize. Claim now. Ref1835
spam,Congratulations! You have won a cash prize. Claim now. Ref2465
ham,Let's discuss the requirements in today's call. Ref4773
spam,Earn money fast from home. Click here now. Ref2590
spam,Earn money fast from home. Click here now. Ref2425
spam,Congratulations! You have won a cash prize. Claim now. Ref164
spam,Urgent: Verify your account and win a bonus. Ref1809
ham,Please find the project update attached. Ref3975
spam,Urgent: Verify your account and win a bonus. Ref3065
spam,Congratulations! You have won a cash prize. Claim now. Ref2098
spam,You have been selected for an exclusive gift card. Ref2130
ham,Reminder: team meeting at 3 PM today. Ref1314
ham,Please find the project update attached. Ref2644
ham,Reminder: team meeting at 3 PM today. Ref4980
ham,Reminder: team meeting at 3 PM today. Ref699
spam,Limited time offer! Get free rewards today. Ref3430
spam,Limited time offer! Get free rewards today. Ref4121
ham,Please find the project update attached. Ref2418
ham,Let's discuss the requirements in today's call. Ref2333
ham,Let's discuss the requirements in today's call. Ref410
ham,Reminder: team meeting at 3 PM today. Ref930
spam,Limited time offer! Get free rewards today. Ref2136
spam,You have been selected for an exclusive gift card. Ref1058
ham,Reminder: team meeting at 3 PM today. Ref4489
spam,Limited time offer! Get free rewards today. Ref186
spam,You have been selected for an exclusive gift card. Ref1183
ham,Please find the project update attached. Ref1318
spam,Urgent: Verify your account and win a bonus. Ref2043
ham,Let's discuss the requirements in today's call. Ref1591
ham,Please find the project update attached. Ref311
ham,Thank you for your email. I will review it. Ref2117
ham,"Hi, can we schedule a meeting for tomorrow? Ref2936"
spam,Urgent: Verify your account and win a bonus. Ref4318
spam,Congratulations! You have won a cash prize. Claim now. Ref916
ham,Thank you for your email. I will review it. Ref2660
spam,Congratulations! You have won a cash prize. Claim now. Ref947
spam,Limited time offer! Get free rewards today. Ref4786
ham,Please find the project update attached. Ref4521
ham,Please find the project update attached. Ref789
spam,Urgent: Verify your account and win a bonus. Ref3053
ham,Thank you for your email. I will review it. Ref894
spam,Limited time offer! Get free rewards today. Ref3897
ham,Let's discuss the requirements in today's call. Ref392
spam,You have been selected for an exclusive gift card. Ref1305
spam,Urgent: Verify your account and win a bonus. Ref1351
ham,Let's discuss the requirements in today's call. Ref522
spam,Earn money fast from home. Click here now. Ref4841
ham,Let's discuss the requirements in today's call. Ref4369
spam,Earn money fast from home. Click here now. Ref3682
ham,"Hi, can we schedule a meeting for tomorrow? Ref570"
ham,"Hi, can we schedule a meeting for tomorrow? Ref2862"
spam,Earn money fast from home. Click here now. Ref4969
ham,Thank you for your email. I will review it. Ref4874
spam,Congratulations! You have won a cash prize. Claim now. Ref2139
spam,Earn money fast from home. Click here now. Ref771
ham,Thank you for your email. I will review it. Ref3100
ham,Thank you for your email. I will review it. Ref1058
spam,Limited time offer! Get free rewards today. Ref142
spam,Congratulations! You have won a cash prize. Claim now. Ref2326
spam,You have been selected for an exclusive gift card. Ref4686
ham,"Hi, can we schedule a meeting for tomorrow? Ref916"
spam,Urgent: Verify your account and win a bonus. Ref1788
spam,Urgent: Verify your account and win a bonus. Ref4464
spam,Congratulations! You have won a cash prize. Claim now. Ref4025
ham,Thank you for your email. I will review it. Ref905
spam,Urgent: Verify your account and win a bonus. Ref1676
ham,"Hi, can we schedule a meeting for tomorrow? Ref912"
ham,Thank you for your email. I will review it. Ref948
ham,Please find the project update attached. Ref4468
spam,Earn money fast from home. Click here now. Ref4400
spam,You have been selected for an exclusive gift card. Ref4279
ham,Please find the project update attached. Ref2088
spam,Limited time offer! Get free rewards today. Ref1034
spam,Congratulations! You have won a cash prize. Claim now. Ref1265
spam,Urgent: Verify your account and win a bonus. Ref940
ham,Let's discuss the requirements in today's call. Ref177
spam,Congratulations! You have won a cash prize. Claim now. Ref1765
ham,Please find the project update attached. Ref3105
spam,Earn money fast from home. Click here now. Ref4940
ham,Thank you for your email. I will review it. Ref524
spam,Limited time offer! Get free rewards today. Ref114
spam,Limited time offer! Get free rewards today. Ref1366
spam,Congratulations! You have won a cash prize. Claim now. Ref891
ham,Reminder: team meeting at 3 PM today. Ref1569
spam,Urgent: Verify your account and win a bonus. Ref4982
ham,"Hi, can we schedule a meeting for tomorrow? Ref4482"
ham,Let's discuss the requirements in today's call. Ref2314
spam,Congratulations! You have won a cash prize. Claim now. Ref1865
ham,Let's discuss the requirements in today's call. Ref3265
spam,Congratulations! You have won a cash prize. Claim now. Ref2846
ham,Let's discuss the requirements in today's call. Ref454
ham,Thank you for your email. I will review it. Ref3158
spam,You have been selected for an exclusive gift card. Ref141
ham,Please find the project update attached. Ref1335
ham,Reminder: team meeting at 3 PM today. Ref710
ham,"Hi, can we schedule a meeting for tomorrow? Ref3156"
ham,Thank you for your email. I will review it. Ref544
spam,Earn money fast from home. Click here now. Ref4045
ham,"Hi, can we schedule a meeting for tomorrow? Ref2940"
spam,Earn money fast from home. Click here now. Ref4651
spam,Earn money fast from home. Click here now. Ref3876
ham,Thank you for your email. I will review it. Ref4225
ham,Reminder: team meeting at 3 PM today. Ref2580
spam,Urgent: Verify your account and win a bonus. Ref695
ham,Thank you for your email. I will review it. Ref3892
ham,"Hi, can we schedule a meeting for tomorrow? Ref1998"
spam,Congratulations! You have won a cash prize. Claim now. Ref1749
ham,Thank you for your email. I will review it. Ref4578
ham,Please find the project update attached. Ref4364
ham,"Hi, can we schedule a meeting for tomorrow? Ref429"
spam,Limited time offer! Get free rewards today. Ref2494
spam,Congratulations! You have won a cash prize. Claim now. Ref1026
ham,Let's discuss the requirements in today's call. Ref2538
spam,Congratulations! You have won a cash prize. Claim now. Ref3799
ham,Please find the project update attached. Ref4970
spam,Earn money fast from home. Click here now. Ref4433
ham,"Hi, can we schedule a meeting for tomorrow? Ref1068"
ham,Reminder: team meeting at 3 PM today. Ref970
ham,Reminder: team meeting at 3 PM today. Ref3287
ham,Thank you for your email. I will review it. Ref1399
spam,Limited time offer! Get free rewards today. Ref880
spam,Earn money fast from home. Click here now. Ref2157
ham,Please find the project update attached. Ref2330
ham,"Hi, can we schedule a meeting for tomorrow? Ref4127"
spam,Urgent: Verify your account and win a bonus. Ref4184
ham,"Hi, can we schedule a meeting for tomorrow? Ref608"
ham,Let's discuss the requirements in today's call. Ref1902
spam,Congratulations! You have won a cash prize. Claim now. Ref151
ham,Let's discuss the requirements in today's call. Ref287
spam,You have been selected for an exclusive gift card. Ref658
spam,Earn money fast from home. Click here now. Ref1278
spam,Urgent: Verify your account and win a bonus. Ref4768
spam,Congratulations! You have won a cash prize. Claim now. Ref2030
ham,"Hi, can we schedule a meeting for tomorrow? Ref3257"
ham,Let's discuss the requirements in today's call. Ref3891
ham,"Hi, can we schedule a meeting for tomorrow? Ref3960"
spam,Earn money fast from home. Click here now. Ref4799
ham,Let's discuss the requirements in today's call. Ref4405
spam,Urgent: Verify your account and win a bonus. Ref604
spam,Congratulations! You have won a cash prize. Claim now. Ref1535
ham,Please find the project update attached. Ref1688
ham,"Hi, can we schedule a meeting for tomorrow? Ref489"
spam,Earn money fast from home. Click here now. Ref4284
ham,Let's discuss the requirements in today's call. Ref1980
spam,You have been selected for an exclusive gift card. Ref387
ham,Please find the project update attached. Ref1592
ham,Please find the project update attached. Ref2511
ham,Reminder: team meeting at 3 PM today. Ref241
spam,Earn money fast from home. Click here now. Ref4919
ham,Please find the project update attached. Ref3541
spam,Congratulations! You have won a cash prize. Claim now. Ref1185
spam,Urgent: Verify your account and win a bonus. Ref4199
spam,You have been selected for an exclusive gift card. Ref3612
spam,You have been selected for an exclusive gift card. Ref568
spam,Earn money fast from home. Click here now. Ref3592
spam,Earn money fast from home. Click here now. Ref2927
spam,Earn money fast from home. Click here now. Ref2073
ham,Please find the project update attached. Ref4151
spam,Earn money fast from home. Click here now. Ref3505
spam,Congratulations! You have won a cash prize. Claim now. Ref1679
spam,Congratulations! You have won a cash prize. Claim now. Ref1172
ham,Reminder: team meeting at 3 PM today. Ref1697
spam,Earn money fast from home. Click here now. Ref2227
ham,Please find the project update attached. Ref1482
spam,Congratulations! You have won a cash prize. Claim now. Ref3530
spam,Limited time offer! Get free rewards today. Ref1478
ham,Thank you for your email. I will review it. Ref3167
ham,Thank you for your email. I will review it. Ref3213
ham,"Hi, can we schedule a meeting for tomorrow? Ref377"
spam,Urgent: Verify your account and win a bonus. Ref898
ham,"Hi, can we schedule a meeting for tomorrow? Ref2209"
spam,Earn money fast from home. Click here now. Ref629
spam,Urgent: Verify your account and win a bonus. Ref2378
spam,Congratulations! You have won a cash prize. Claim now. Ref1450
ham,Let's discuss the requirements in today's call. Ref4541
spam,Earn money fast from home. Click here now. Ref2084
spam,You have been selected for an exclusive gift card. Ref460
ham,Thank you for your email. I will review it. Ref4192
ham,"Hi, can we schedule a meeting for tomorrow? Ref4298"
ham,Reminder: team meeting at 3 PM today. Ref2435
spam,Earn money fast from home. Click here now. Ref516
spam,Limited time offer! Get free rewards today. Ref555
ham,Please find the project update attached. Ref3872
spam,Earn money fast from home. Click here now. Ref4691
spam,Congratulations! You have won a cash prize. Claim now. Ref529
ham,Reminder: team meeting at 3 PM today. Ref2130
spam,Earn money fast from home. Click here now. Ref4812
spam,Congratulations! You have won a cash prize. Claim now. Ref2881
spam,Urgent: Verify your account and win a bonus. Ref3340
ham,"Hi, can we schedule a meeting for tomorrow? Ref3570"
ham,Please find the project update attached. Ref4631
ham,Let's discuss the requirements in today's call. Ref2098
ham,Please find the project update attached. Ref2503
ham,Reminder: team meeting at 3 PM today. Ref1238
spam,Earn money fast from home. Click here now. Ref3108
spam,Limited time offer! Get free rewards today. Ref2133
spam,You have been selected for an exclusive gift card. Ref2090
ham,Thank you for your email. I will review it. Ref1920
ham,Thank you for your email. I will review it. Ref3814
spam,Urgent: Verify your account and win a bonus. Ref1074
spam,Urgent: Verify your account and win a bonus. Ref1203
ham,Reminder: team meeting at 3 PM today. Ref1634
spam,Congratulations! You have won a cash prize. Claim now. Ref4740
ham,"Hi, can we schedule a meeting for tomorrow? Ref585"
ham,Let's discuss the requirements in today's call. Ref1368
ham,Let's discuss the requirements in today's call. Ref2700
spam,You have been selected for an exclusive gift card. Ref1856
spam,Earn money fast from home. Click here now. Ref1224
ham,Let's discuss the requirements in today's call. Ref3751
spam,Limited time offer! Get free rewards today. Ref3352
ham,Thank you for your email. I will review it. Ref472
spam,Earn money fast from home. Click here now. Ref3020
ham,Thank you for your email. I will review it. Ref787
spam,Limited time offer! Get free rewards today. Ref2837
spam,Congratulations! You have won a cash prize. Claim now. Ref302
spam,Congratulations! You have won a cash prize. Claim now. Ref2624
spam,Urgent: Verify your account and win a bonus. Ref4910
ham,Please find the project update attached. Ref2956
spam,Earn money fast from home. Click here now. Ref4976
ham,Reminder: team meeting at 3 PM today. Ref412
spam,Limited time offer! Get free rewards today. Ref885
ham,Please find the project update attached. Ref1696
ham,"Hi, can we schedule a meeting for tomorrow? Ref1221"
spam,Earn money fast from home. Click here now. Ref2650
ham,Please find the project update attached. Ref1020
ham,Thank you for your email. I will review it. Ref3299
ham,Let's discuss the requirements in today's call. Ref3205
ham,"Hi, can we schedule a meeting for tomorrow? Ref1312"
ham,Let's discuss the requirements in today's call. Ref2429
ham,Thank you for your email. I will review it. Ref4756
spam,Congratulations! You have won a cash prize. Claim now. Ref1586
ham,Please find the project update attached. Ref1738
ham,Reminder: team meeting at 3 PM today. Ref1244
spam,Congratulations! You have won a cash prize. Claim now. Ref3929
spam,Urgent: Verify your account and win a bonus. Ref1867
spam,Limited time offer! Get free rewards today. Ref1140
spam,Congratulations! You have won a cash prize. Claim now. Ref2137
ham,Reminder: team meeting at 3 PM today. Ref4226
spam,Earn money fast from home. Click here now. Ref3112
spam,Earn money fast from home. Click here now. Ref2587
ham,"Hi, can we schedule a meeting for tomorrow? Ref4917"
spam,Congratulations! You have won a cash prize. Claim now. Ref3973
spam,Urgent: Verify your account and win a bonus. Ref4340
ham,Reminder: team meeting at 3 PM today. Ref4700
ham,Please find the project update attached. Ref2756
spam,Congratulations! You have won a cash prize. Claim now. Ref569
ham,Let's discuss the requirements in today's call. Ref3404
spam,You have been selected for an exclusive gift card. Ref2383
spam,Limited time offer! Get free rewards today. Ref1731
spam,Congratulations! You have won a cash prize. Claim now. Ref1594
spam,You have been selected for an exclusive gift card. Ref683
ham,Please find the project update attached. Ref4609
ham,Reminder: team meeting at 3 PM today. Ref3666
ham,Thank you for your email. I will review it. Ref1077
spam,Urgent: Verify your account and win a bonus. Ref3259
ham,Please find the project update attached. Ref495
ham,Thank you for your email. I will review it. Ref2288
spam,Limited time offer! Get free rewards today. Ref3278
ham,Please find the project update attached. Ref4738
spam,Limited time offer! Get free rewards today. Ref4125
spam,Earn money fast from home. Click here now. Ref4808
ham,Thank you for your email. I will review it. Ref1542
spam,Limited time offer! Get free rewards today. Ref3943
ham,"Hi, can we schedule a meeting for tomorrow? Ref972"
spam,Earn money fast from home. Click here now. Ref2701
spam,Congratulations! You have won a cash prize. Claim now. Ref2070
spam,You have been selected for an exclusive gift card. Ref1128
ham,Reminder: team meeting at 3 PM today. Ref1354
ham,Thank you for your email. I will review it. Ref1160
spam,You have been selected for an exclusive gift card. Ref3219
ham,Reminder: team meeting at 3 PM today. Ref3831
ham,Please find the project update attached. Ref464
ham,Please find the project update attached. Ref4136
spam,Urgent: Verify your account and win a bonus. Ref2919
spam,Limited time offer! Get free rewards today. Ref1240
spam,You have been selected for an exclusive gift card. Ref2429
spam,You have been selected for an exclusive gift card. Ref4056
spam,Earn money fast from home. Click here now. Ref2655
spam,Limited time offer! Get free rewards today. Ref730
ham,Please find the project update attached. Ref583
ham,Let's discuss the requirements in today's call. Ref4840
ham,Thank you for your email. I will review it. Ref2345
spam,Earn money fast from home. Click here now. Ref2120
ham,Reminder: team meeting at 3 PM today. Ref4943
spam,Limited time offer! Get free rewards today. Ref4525
spam,Earn money fast from home. Click here now. Ref991
spam,You have been selected for an exclusive gift card. Ref4491
ham,Please find the project update attached. Ref3569
ham,Thank you for your email. I will review it. Ref3544
ham,Let's discuss the requirements in today's call. Ref121
ham,Let's discuss the requirements in today's call. Ref3181
spam,Urgent: Verify your account and win a bonus. Ref420
ham,Reminder: team meeting at 3 PM today. Ref4060
ham,"Hi, can we schedule a meeting for tomorrow? Ref3583"
spam,Limited time offer! Get free rewards today. Ref1812
ham,Please find the project update attached. Ref2716
spam,Congratulations! You have won a cash prize. Claim now. Ref793
ham,"Hi, can we schedule a meeting for tomorrow? Ref928"
spam,You have been selected for an exclusive gift card. Ref2418
ham,Please find the project update attached. Ref253
spam,Limited time offer! Get free rewards today. Ref532
ham,Please find the project update attached. Ref3748
ham,Reminder: team meeting at 3 PM today. Ref3148
ham,Please find the project update attached. Ref2853
ham,Thank you for your email. I will review it. Ref4566
ham,Reminder: team meeting at 3 PM today. Ref4069
ham,Please find the project update attached. Ref43
spam,Limited time offer! Get free rewards today. Ref1706
spam,Earn money fast from home. Click here now. Ref1577
spam,Limited time offer! Get free rewards today. Ref2396
ham,Let's discuss the requirements in today's call. Ref2050
spam,Limited time offer! Get free rewards today. Ref3350
ham,Please find the project update attached. Ref4558
ham,Let's discuss the requirements in today's call. Ref239
ham,Please find the project update attached. Ref245
ham,"Hi, can we schedule a meeting for tomorrow? Ref2327"
spam,You have been selected for an exclusive gift card. Ref59
spam,Urgent: Verify your account and win a bonus. Ref2065
ham,Please find the project update attached. Ref1149
spam,Urgent: Verify your account and win a bonus. Ref4041
spam,Limited time offer! Get free rewards today. Ref4170
spam,Limited time offer! Get free rewards today. Ref3739
spam,Urgent: Verify your account and win a bonus. Ref2341
spam,Congratulations! You have won a cash prize. Claim now. Ref3509
spam,You have been selected for an exclusive gift card. Ref3807
ham,Reminder: team meeting at 3 PM today. Ref3715
ham,Let's discuss the requirements in today's call. Ref4831
spam,You have been selected for an exclusive gift card. Ref896
spam,Earn money fast from home. Click here now. Ref4404
spam,Congratulations! You have won a cash prize. Claim now. Ref1255
ham,"Hi, can we schedule a meeting for tomorrow? Ref350"
spam,Limited time offer! Get free rewards today. Ref2695
ham,Thank you for your email. I will review it. Ref2350
spam,Congratulations! You have won a cash prize. Claim now. Ref3956
ham,Let's discuss the requirements in today's call. Ref836
spam,You have been selected for an exclusive gift card. Ref1834
spam,Earn money fast from home. Click here now. Ref2318
spam,Urgent: Verify your account and win a bonus. Ref228
ham,"Hi, can we schedule a meeting for tomorrow? Ref1662"
spam,Earn money fast from home. Click here now. Ref2482
spam,Urgent: Verify your account and win a bonus. Ref304
ham,Thank you for your email. I will review it. Ref4322
ham,Please find the project update attached. Ref749
ham,Thank you for your email. I will review it. Ref764
spam,Limited time offer! Get free rewards today. Ref3573
spam,Limited time offer! Get free rewards today. Ref4958
ham,Thank you for your email. I will review it. Ref153
spam,Earn money fast from home. Click here now. Ref2971
ham,Reminder: team meeting at 3 PM today. Ref1854
ham,Thank you for your email. I will review it. Ref3218
ham,Thank you for your email. I will review it. Ref3024
ham,Thank you for your email. I will review it. Ref818
spam,Urgent: Verify your account and win a bonus. Ref2596
spam,You have been selected for an exclusive gift card. Ref40
ham,"Hi, can we schedule a meeting for tomorrow? Ref1666"
ham,Let's discuss the requirements in today's call. Ref853
spam,Earn money fast from home. Click here now. Ref514
spam,Limited time offer! Get free rewards today. Ref1605
spam,Congratulations! You have won a cash prize. Claim now. Ref1510
spam,You have been selected for an exclusive gift card. Ref3341
ham,"Hi, can we schedule a meeting for tomorrow? Ref715"
spam,You have been selected for an exclusive gift card. Ref4701
spam,Limited time offer! Get free rewards today. Ref1534
ham,Thank you for your email. I will review it. Ref2498
spam,You have been selected for an exclusive gift card. Ref855
ham,Thank you for your email. I will review it. Ref2743
ham,Reminder: team meeting at 3 PM today. Ref2816
spam,You have been selected for an exclusive gift card. Ref2796
spam,Earn money fast from home. Click here now. Ref4325
ham,Thank you for your email. I will review it. Ref3870
ham,Thank you for your email. I will review it. Ref3699
ham,Please find the project update attached. Ref558
ham,Reminder: team meeting at 3 PM today. Ref740
spam,You have been selected for an exclusive gift card. Ref245
spam,Urgent: Verify your account and win a bonus. Ref1052
spam,Limited time offer! Get free rewards today. Ref2658
ham,Reminder: team meeting at 3 PM today. Ref3625
ham,Let's discuss the requirements in today's call. Ref679
ham,Thank you for your email. I will review it. Ref3775
ham,Let's discuss the requirements in today's call. Ref1957
ham,Let's discuss the requirements in today's call. Ref4215
spam,You have been selected for an exclusive gift card. Ref2916
ham,"Hi, can we schedule a meeting for tomorrow? Ref3794"
spam,Limited time offer! Get free rewards today. Ref487
ham,Let's discuss the requirements in today's call. Ref1659
spam,You have been selected for an exclusive gift card. Ref3917
spam,Congratulations! You have won a cash prize. Claim now. Ref635
spam,You have been selected for an exclusive gift card. Ref618
ham,Reminder: team meeting at 3 PM today. Ref2827
spam,You have been selected for an exclusive gift card. Ref2586
ham,"Hi, can we schedule a meeting for tomorrow? Ref630"
spam,Urgent: Verify your account and win a bonus. Ref3102
ham,Let's discuss the requirements in today's call. Ref2662
spam,Congratulations! You have won a cash prize. Claim now. Ref1686
spam,You have been selected for an exclusive gift card. Ref2543
spam,Urgent: Verify your account and win a bonus. Ref685
ham,Please find the project update attached. Ref97
ham,"Hi, can we schedule a meeting for tomorrow? Ref2822"
spam,Congratulations! You have won a cash prize. Claim now. Ref907
spam,Urgent: Verify your account and win a bonus. Ref3434
ham,Thank you for your email. I will review it. Ref3425
ham,Let's discuss the requirements in today's call. Ref2546
ham,Let's discuss the requirements in today's call. Ref4693
ham,Reminder: team meeting at 3 PM today. Ref3174
ham,Please find the project update attached. Ref1348
ham,Let's discuss the requirements in today's call. Ref119
spam,Earn money fast from home. Click here now. Ref1683
spam,Earn money fast from home. Click here now. Ref1870
spam,Limited time offer! Get free rewards today. Ref3875
spam,Urgent: Verify your account and win a bonus. Ref987
ham,Please find the project update attached. Ref4172
ham,Please find the project update attached. Ref4922
spam,You have been selected for an exclusive gift card. Ref3270
ham,"Hi, can we schedule a meeting for tomorrow? Ref1310"
spam,Congratulations! You have won a cash prize. Claim now. Ref3467
spam,Urgent: Verify your account and win a bonus. Ref3264
spam,Congratulations! You have won a cash prize. Claim now. Ref2970
ham,Please find the project update attached. Ref3508
ham,"Hi, can we schedule a meeting for tomorrow? Ref3001"
ham,Thank you for your email. I will review it. Ref2677
spam,Congratulations! You have won a cash prize. Claim now. Ref3994
spam,Earn money fast from home. Click here now. Ref1059
spam,Limited time offer! Get free rewards today. Ref4076
ham,"Hi, can we schedule a meeting for tomorrow? Ref1155"
ham,"Hi, can we schedule a meeting for tomorrow? Ref2631"
spam,You have been selected for an exclusive gift card. Ref2833
ham,Reminder: team meeting at 3 PM today. Ref2313
spam,Earn money fast from home. Click here now. Ref2392
ham,Let's discuss the requirements in today's call. Ref4362
spam,Congratulations! You have won a cash prize. Claim now. Ref2268
ham,Thank you for your email. I will review it. Ref1740
spam,Limited time offer! Get free rewards today. Ref1483
spam,Congratulations! You have won a cash prize. Claim now. Ref225
spam,You have been selected for an exclusive gift card. Ref3709
ham,"Hi, can we schedule a meeting for tomorrow? Ref1867"
spam,Earn money fast from home. Click here now. Ref4145
ham,Thank you for your email. I will review it. Ref2842
spam,Earn money fast from home. Click here now. Ref5
spam,Limited time offer! Get free rewards today. Ref1
spam,You have been selected for an exclusive gift card. Ref2687
spam,Congratulations! You have won a cash prize. Claim now. Ref3554
spam,Congratulations! You have won a cash prize. Claim now. Ref1364
ham,Thank you for your email. I will review it. Ref1924
ham,"Hi, can we schedule a meeting for tomorrow? Ref299"
ham,Let's discuss the requirements in today's call. Ref1515
ham,Thank you for your email. I will review it. Ref2171
spam,Urgent: Verify your account and win a bonus. Ref124
ham,Reminder: team meeting at 3 PM today. Ref1802
spam,You have been selected for an exclusive gift card. Ref2805
ham,Thank you for your email. I will review it. Ref2976
ham,Thank you for your email. I will review it. Ref3411
ham,Thank you for your email. I will review it. Ref1504
ham,Please find the project update attached. Ref1869
spam,Earn money fast from home. Click here now. Ref74
spam,Earn money fast from home. Click here now. Ref4040
ham,Let's discuss the requirements in today's call. Ref4858
spam,You have been selected for an exclusive gift card. Ref2528
ham,Please find the project update attached. Ref4968
spam,You have been selected for an exclusive gift card. Ref911
ham,Reminder: team meeting at 3 PM today. Ref151
ham,Please find the project update attached. Ref3923
spam,Urgent: Verify your account and win a bonus. Ref3537
spam,Earn money fast from home. Click here now. Ref4882
spam,Earn money fast from home. Click here now. Ref3910
ham,Please find the project update attached. Ref2517
ham,Reminder: team meeting at 3 PM today. Ref2730
spam,Limited time offer! Get free rewards today. Ref4296
ham,Thank you for your email. I will review it. Ref4490
spam,Congratulations! You have won a cash prize. Claim now. Ref3849
spam,Earn money fast from home. Click here now. Ref4106
spam,Congratulations! You have won a cash prize. Claim now. Ref4978
spam,Limited time offer! Get free rewards today. Ref323
ham,Please find the project update attached. Ref3528
ham,"Hi, can we schedule a meeting for tomorrow? Ref2544"
spam,Congratulations! You have won a cash prize. Claim now. Ref4507
spam,Urgent: Verify your account and win a bonus. Ref3730
spam,You have been selected for an exclusive gift card. Ref1488
spam,You have been selected for an exclusive gift card. Ref676
ham,Let's discuss the requirements in today's call. Ref441
ham,Thank you for your email. I will review it. Ref1419
ham,Reminder: team meeting at 3 PM today. Ref1890
ham,Thank you for your email. I will review it. Ref449
ham,Please find the project update attached. Ref3615
spam,Urgent: Verify your account and win a bonus. Ref4700
ham,Let's discuss the requirements in today's call. Ref4754
ham,Please find the project update attached. Ref2944
spam,Urgent: Verify your account and win a bonus. Ref777
spam,Urgent: Verify your account and win a bonus. Ref3291
ham,Reminder: team meeting at 3 PM today. Ref1594
ham,Reminder: team meeting at 3 PM today. Ref2255
spam,Limited time offer! Get free rewards today. Ref4143
ham,Reminder: team meeting at 3 PM today. Ref2953
ham,Please find the project update attached. Ref3396
spam,You have been selected for an exclusive gift card. Ref1971
ham,Please find the project update attached. Ref4768
ham,Thank you for your email. I will review it. Ref4793
spam,Earn money fast from home. Click here now. Ref4781
spam,You have been selected for an exclusive gift card. Ref3987
ham,Reminder: team meeting at 3 PM today. Ref1508
ham,"Hi, can we schedule a meeting for tomorrow? Ref1824"
spam,Earn money fast from home. Click here now. Ref3950
ham,Please find the project update attached. Ref971
ham,Reminder: team meeting at 3 PM today. Ref2753
ham,Let's discuss the requirements in today's call. Ref1877
ham,Reminder: team meeting at 3 PM today. Ref2019
ham,Thank you for your email. I will review it. Ref4335
spam,Earn money fast from home. Click here now. Ref549
ham,Please find the project update attached. Ref434
spam,Earn money fast from home. Click here now. Ref3772
ham,Let's discuss the requirements in today's call. Ref4709
ham,"Hi, can we schedule a meeting for tomorrow? Ref4900"
ham,Please find the project update attached. Ref2774
ham,Thank you for your email. I will review it. Ref292
spam,Urgent: Verify your account and win a bonus. Ref2116
ham,Reminder: team meeting at 3 PM today. Ref144
ham,Let's discuss the requirements in today's call. Ref4542
ham,Please find the project update attached. Ref4583
ham,Thank you for your email. I will review it. Ref2470
ham,Let's discuss the requirements in today's call. Ref1919
spam,Urgent: Verify your account and win a bonus. Ref1198
spam,Congratulations! You have won a cash prize. Claim now. Ref2355
ham,Please find the project update attached. Ref167
ham,Please find the project update attached. Ref4712
spam,Congratulations! You have won a cash prize. Claim now. Ref1636
ham,Reminder: team meeting at 3 PM today. Ref533
spam,Limited time offer! Get free rewards today. Ref1562
ham,Thank you for your email. I will review it. Ref369
ham,"Hi, can we schedule a meeting for tomorrow? Ref1062"
ham,Reminder: team meeting at 3 PM today. Ref2457
ham,Please find the project update attached. Ref122
spam,You have been selected for an exclusive gift card. Ref4737
ham,Thank you for your email. I will review it. Ref593
spam,You have been selected for an exclusive gift card. Ref3187
spam,Earn money fast from home. Click here now. Ref1142
ham,Thank you for your email. I will review it. Ref2523
spam,Congratulations! You have won a cash prize. Claim now. Ref4545
spam,Urgent: Verify your account and win a bonus. Ref2759
ham,Let's discuss the requirements in today's call. Ref2669
spam,Earn money fast from home. Click here now. Ref2825
ham,Thank you for your email. I will review it. Ref4035
ham,Thank you for your email. I will review it. Ref2844
spam,Limited time offer! Get free rewards today. Ref2302
ham,Thank you for your email. I will review it. Ref4989
ham,Thank you for your email. I will review it. Ref2502
spam,Congratulations! You have won a cash prize. Claim now. Ref3199
spam,You have been selected for an exclusive gift card. Ref4582
ham,Let's discuss the requirements in today's call. Ref2684
ham,"Hi, can we schedule a meeting for tomorrow? Ref579"
spam,Limited time offer! Get free rewards today. Ref1669
ham,Reminder: team meeting at 3 PM today. Ref283
ham,Reminder: team meeting at 3 PM today. Ref4392
ham,"Hi, can we schedule a meeting for tomorrow? Ref3279"
spam,Limited time offer! Get free rewards today. Ref4815
spam,Earn money fast from home. Click here now. Ref2177
spam,Urgent: Verify your account and win a bonus. Ref4716
ham,"Hi, can we schedule a meeting for tomorrow? Ref3078"
spam,Earn money fast from home. Click here now. Ref202
ham,Please find the project update attached. Ref2141
ham,Please find the project update attached. Ref769
spam,Urgent: Verify your account and win a bonus. Ref652
ham,"Hi, can we schedule a meeting for tomorrow? Ref27"
ham,"Hi, can we schedule a meeting for tomorrow? Ref1900"
ham,Reminder: team meeting at 3 PM today. Ref1066
spam,You have been selected for an exclusive gift card. Ref3100
ham,"Hi, can we schedule a meeting for tomorrow? Ref4650"
ham,Thank you for your email. I will review it. Ref3594
ham,"Hi, can we schedule a meeting for tomorrow? Ref2329"
ham,Thank you for your email. I will review it. Ref4318
ham,Reminder: team meeting at 3 PM today. Ref3643
spam,Earn money fast from home. Click here now. Ref14
ham,Please find the project update attached. Ref599
spam,Urgent: Verify your account and win a bonus. Ref2641
spam,Earn money fast from home. Click here now. Ref3325
spam,You have been selected for an exclusive gift card. Ref4776
ham,Please find the project update attached. Ref785
spam,Earn money fast from home. Click here now. Ref2962
ham,Reminder: team meeting at 3 PM today. Ref3130
ham,Thank you for your email. I will review it. Ref1803
spam,You have been selected for an exclusive gift card. Ref3629
spam,Limited time offer! Get free rewards today. Ref1362
spam,You have been selected for an exclusive gift card. Ref4168
spam,Limited time offer! Get free rewards today. Ref3663
spam,You have been selected for an exclusive gift card. Ref2193
ham,Reminder: team meeting at 3 PM today. Ref2630
spam,Limited time offer! Get free rewards today. Ref469
ham,Please find the project update attached. Ref2126
ham,Let's discuss the requirements in today's call. Ref2192
spam,You have been selected for an exclusive gift card. Ref2105
spam,Limited time offer! Get free rewards today. Ref4390
spam,Earn money fast from home. Click here now. Ref856
ham,Please find the project update attached. Ref2067
ham,Please find the project update attached. Ref156
spam,You have been selected for an exclusive gift card. Ref4539
spam,Congratulations! You have won a cash prize. Claim now. Ref994
ham,Let's discuss the requirements in today's call. Ref3225
ham,"Hi, can we schedule a meeting for tomorrow? Ref786"
ham,"Hi, can we schedule a meeting for tomorrow? Ref87"
spam,Limited time offer! Get free rewards today. Ref2588
spam,Urgent: Verify your account and win a bonus. Ref4734
ham,Please find the project update attached. Ref437
ham,"Hi, can we schedule a meeting for tomorrow? Ref2835"
spam,You have been selected for an exclusive gift card. Ref2700
spam,Limited time offer! Get free rewards today. Ref860
ham,"Hi, can we schedule a meeting for tomorrow? Ref1518"
spam,Urgent: Verify your account and win a bonus. Ref3805
ham,Let's discuss the requirements in today's call. Ref3311
spam,You have been selected for an exclusive gift card. Ref980
spam,Limited time offer! Get free rewards today. Ref1444
spam,Urgent: Verify your account and win a bonus. Ref1233
spam,Earn money fast from home. Click here now. Ref2899
spam,You have been selected for an exclusive gift card. Ref4657
spam,Limited time offer! Get free rewards today. Ref1377
spam,Earn money fast from home. Click here now. Ref4299
ham,Thank you for your email. I will review it. Ref4415
ham,Reminder: team meeting at 3 PM today. Ref1739
ham,Let's discuss the requirements in today's call. Ref4781
spam,You have been selected for an exclusive gift card. Ref2455
spam,You have been selected for an exclusive gift card. Ref3240
spam,Urgent: Verify your account and win a bonus. Ref853
ham,Please find the project update attached. Ref569
spam,Urgent: Verify your account and win a bonus. Ref401
spam,Congratulations! You have won a cash prize. Claim now. Ref3660
ham,"Hi, can we schedule a meeting for tomorrow? Ref1343"
spam,Urgent: Verify your account and win a bonus. Ref630
spam,Limited time offer! Get free rewards today. Ref3685
spam,You have been selected for an exclusive gift card. Ref491
spam,You have been selected for an exclusive gift card. Ref442
spam,You have been selected for an exclusive gift card. Ref3556
ham,Reminder: team meeting at 3 PM today. Ref3732
spam,Limited time offer! Get free rewards today. Ref3845
ham,Reminder: team meeting at 3 PM today. Ref4585
ham,"Hi, can we schedule a meeting for tomorrow? Ref4252"
spam,Congratulations! You have won a cash prize. Claim now. Ref827
spam,You have been selected for an exclusive gift card. Ref4099
spam,Earn money fast from home. Click here now. Ref410
ham,Let's discuss the requirements in today's call. Ref4845
ham,Thank you for your email. I will review it. Ref4477
ham,"Hi, can we schedule a meeting for tomorrow? Ref3532"
ham,"Hi, can we schedule a meeting for tomorrow? Ref1937"
ham,"Hi, can we schedule a meeting for tomorrow? Ref3966"
ham,Let's discuss the requirements in today's call. Ref346
spam,Congratulations! You have won a cash prize. Claim now. Ref4966
ham,Please find the project update attached. Ref3910
ham,"Hi, can we schedule a meeting for tomorrow? Ref3503"
ham,Reminder: team meeting at 3 PM today. Ref2627
ham,Let's discuss the requirements in today's call. Ref4409
spam,You have been selected for an exclusive gift card. Ref1854
spam,Congratulations! You have won a cash prize. Claim now. Ref4972
spam,Congratulations! You have won a cash prize. Claim now. Ref4544
spam,Limited time offer! Get free rewards today. Ref4994
spam,You have been selected for an exclusive gift card. Ref1741
ham,Thank you for your email. I will review it. Ref2309
spam,Congratulations! You have won a cash prize. Claim now. Ref2024
spam,Earn money fast from home. Click here now. Ref4535
ham,Thank you for your email. I will review it. Ref2119
spam,Urgent: Verify your account and win a bonus. Ref1007
spam,Congratulations! You have won a cash prize. Claim now. Ref1677
ham,Reminder: team meeting at 3 PM today. Ref3985
ham,Let's discuss the requirements in today's call. Ref3574
ham,Let's discuss the requirements in today's call. Ref3888
ham,Thank you for your email. I will review it. Ref3291
ham,Reminder: team meeting at 3 PM today. Ref4357
ham,Reminder: team meeting at 3 PM today. Ref3375
spam,You have been selected for an exclusive gift card. Ref2870
spam,You have been selected for an exclusive gift card. Ref4901
spam,Limited time offer! Get free rewards today. Ref904
spam,Limited time offer! Get free rewards today. Ref173
spam,Earn money fast from home. Click here now. Ref3762
ham,Please find the project update attached. Ref3899
ham,Let's discuss the requirements in today's call. Ref4574
spam,You have been selected for an exclusive gift card. Ref1925
ham,Let's discuss the requirements in today's call. Ref4534
spam,Urgent: Verify your account and win a bonus. Ref2511
ham,Thank you for your email. I will review it. Ref1721
spam,Congratulations! You have won a cash prize. Claim now. Ref1309
spam,You have been selected for an exclusive gift card. Ref4372
ham,Please find the project update attached. Ref3565
spam,Earn money fast from home. Click here now. Ref1552
spam,Urgent: Verify your account and win a bonus. Ref4032
spam,You have been selected for an exclusive gift card. Ref3515
ham,Reminder: team meeting at 3 PM today. Ref906
ham,"Hi, can we schedule a meeting for tomorrow? Ref1641"
spam,You have been selected for an exclusive gift card. Ref977
ham,"Hi, can we schedule a meeting for tomorrow? Ref1607"
spam,Earn money fast from home. Click here now. Ref4609
spam,Limited time offer! Get free rewards today. Ref2448
spam,Urgent: Verify your account and win a bonus. Ref1563
ham,Let's discuss the requirements in today's call. Ref3452
ham,Let's discuss the requirements in today's call. Ref2562
ham,Thank you for your email. I will review it. Ref1157
ham,Let's discuss the requirements in today's call. Ref4051
ham,"Hi, can we schedule a meeting for tomorrow? Ref2136"
ham,Please find the project update attached. Ref4636
spam,Urgent: Verify your account and win a bonus. Ref3395
spam,Congratulations! You have won a cash prize. Claim now. Ref4473
spam,Congratulations! You have won a cash prize. Claim now. Ref2176
ham,"Hi, can we schedule a meeting for tomorrow? Ref1495"
spam,Urgent: Verify your account and win a bonus. Ref684
ham,"Hi, can we schedule a meeting for tomorrow? Ref465"
spam,You have been selected for an exclusive gift card. Ref2579
spam,Limited time offer! Get free rewards today. Ref4807
spam,Earn money fast from home. Click here now. Ref1620
spam,Earn money fast from home. Click here now. Ref1342
spam,Earn money fast from home. Click here now. Ref3022
spam,Limited time offer! Get free rewards today. Ref1090
ham,Please find the project update attached. Ref2189
spam,Urgent: Verify your account and win a bonus. Ref406
ham,Reminder: team meeting at 3 PM today. Ref870
ham,Reminder: team meeting at 3 PM today. Ref99
ham,Reminder: team meeting at 3 PM today. Ref3862
ham,Reminder: team meeting at 3 PM today. Ref4116
spam,Urgent: Verify your account and win a bonus. Ref127
ham,Thank you for your email. I will review it. Ref4794
spam,Congratulations! You have won a cash prize. Claim now. Ref4932
spam,You have been selected for an exclusive gift card. Ref1902
spam,Urgent: Verify your account and win a bonus. Ref1559
spam,Earn money fast from home. Click here now. Ref4727
ham,Please find the project update attached. Ref310
spam,Earn money fast from home. Click here now. Ref318
spam,Congratulations! You have won a cash prize. Claim now. Ref3305
ham,Please find the project update attached. Ref2739
spam,Earn money fast from home. Click here now. Ref3855
spam,You have been selected for an exclusive gift card. Ref2788
ham,Thank you for your email. I will review it. Ref4505
ham,"Hi, can we schedule a meeting for tomorrow? Ref2146"
spam,You have been selected for an exclusive gift card. Ref4447
ham,Please find the project update attached. Ref203
spam,Earn money fast from home. Click here now. Ref2751
spam,You have been selected for an exclusive gift card. Ref1949
spam,Limited time offer! Get free rewards today. Ref1253
ham,Thank you for your email. I will review it. Ref4735
spam,Urgent: Verify your account and win a bonus. Ref4677
spam,Earn money fast from home. Click here now. Ref1526
spam,Earn money fast from home. Click here now. Ref3094
ham,Please find the project update attached. Ref1380
spam,You have been selected for an exclusive gift card. Ref3256
spam,Limited time offer! Get free rewards today. Ref4355
ham,"Hi, can we schedule a meeting for tomorrow? Ref3804"
ham,"Hi, can we schedule a meeting for tomorrow? Ref2081"
spam,Congratulations! You have won a cash prize. Claim now. Ref2508
ham,Please find the project update attached. Ref490
ham,Please find the project update attached. Ref2056
ham,Thank you for your email. I will review it. Ref1729
spam,Urgent: Verify your account and win a bonus. Ref4448
ham,Let's discuss the requirements in today's call. Ref735
spam,You have been selected for an exclusive gift card. Ref3788
ham,Reminder: team meeting at 3 PM today. Ref3692
ham,Please find the project update attached. Ref1028
spam,Limited time offer! Get free rewards today. Ref1018
ham,Thank you for your email. I will review it. Ref842
spam,Congratulations! You have won a cash prize. Claim now. Ref3076
ham,Please find the project update attached. Ref1557
ham,Reminder: team meeting at 3 PM today. Ref2664
ham,Thank you for your email. I will review it. Ref1571
ham,Thank you for your email. I will review it. Ref73
spam,Congratulations! You have won a cash prize. Claim now. Ref4365
ham,"Hi, can we schedule a meeting for tomorrow? Ref681"
spam,Urgent: Verify your account and win a bonus. Ref3737
spam,Congratulations! You have won a cash prize. Claim now. Ref350
spam,Earn money fast from home. Click here now. Ref3942
spam,Urgent: Verify your account and win a bonus. Ref37
spam,You have been selected for an exclusive gift card. Ref2977
ham,Reminder: team meeting at 3 PM today. Ref266
spam,Limited time offer! Get free rewards today. Ref3174
ham,Thank you for your email. I will review it. Ref1888
ham,Thank you for your email. I will review it. Ref2302
ham,"Hi, can we schedule a meeting for tomorrow? Ref2910"
spam,Congratulations! You have won a cash prize. Claim now. Ref4236
ham,"Hi, can we schedule a meeting for tomorrow? Ref48"
ham,"Hi, can we schedule a meeting for tomorrow? Ref557"
spam,You have been selected for an exclusive gift card. Ref852
spam,Urgent: Verify your account and win a bonus. Ref2104
spam,Limited time offer! Get free rewards today. Ref2306
spam,Urgent: Verify your account and win a bonus. Ref172
ham,Let's discuss the requirements in today's call. Ref439
spam,Congratulations! You have won a cash prize. Claim now. Ref677
spam,Urgent: Verify your account and win a bonus. Ref3579
spam,Congratulations! You have won a cash prize. Claim now. Ref2308
spam,Congratulations! You have won a cash prize. Claim now. Ref2108
ham,Let's discuss the requirements in today's call. Ref2932
ham,Please find the project update attached. Ref353
ham,Please find the project update attached. Ref3756
spam,Urgent: Verify your account and win a bonus. Ref4877
ham,Please find the project update attached. Ref1621
ham,Reminder: team meeting at 3 PM today. Ref1707
ham,Please find the project update attached. Ref1111
ham,Please find the project update attached. Ref2745
ham,Please find the project update attached. Ref3601
spam,Earn money fast from home. Click here now. Ref4706
ham,Please find the project update attached. Ref134
ham,"Hi, can we schedule a meeting for tomorrow? Ref4053"
ham,Thank you for your email. I will review it. Ref2928
spam,Urgent: Verify your account and win a bonus. Ref1429
spam,Congratulations! You have won a cash prize. Claim now. Ref3133
ham,Please find the project update attached. Ref2527
ham,Reminder: team meeting at 3 PM today. Ref3251
ham,Thank you for your email. I will review it. Ref4446
spam,Limited time offer! Get free rewards today. Ref801
ham,Let's discuss the requirements in today's call. Ref3271
spam,Earn money fast from home. Click here now. Ref3769
spam,Congratulations! You have won a cash prize. Claim now. Ref3613
ham,Reminder: team meeting at 3 PM today. Ref2211
spam,Urgent: Verify your account and win a bonus. Ref1095
ham,Reminder: team meeting at 3 PM today. Ref3853
ham,Please find the project update attached. Ref3908
spam,Congratulations! You have won a cash prize. Claim now. Ref3025
ham,Thank you for your email. I will review it. Ref3383
ham,Let's discuss the requirements in today's call. Ref94
spam,Congratulations! You have won a cash prize. Claim now. Ref4653
ham,Please find the project update attached. Ref2253
ham,Reminder: team meeting at 3 PM today. Ref1757
spam,Urgent: Verify your account and win a bonus. Ref1343
ham,Let's discuss the requirements in today's call. Ref4386
ham,Thank you for your email. I will review it. Ref4522
ham,Please find the project update attached. Ref3871
ham,Please find the project update attached. Ref2851
spam,Earn money fast from home. Click here now. Ref371
ham,Thank you for your email. I will review it. Ref3750
ham,Let's discuss the requirements in today's call. Ref3873
ham,Reminder: team meeting at 3 PM today. Ref2881
spam,Limited time offer! Get free rewards today. Ref1546
spam,Limited time offer! Get free rewards today. Ref3765
spam,Urgent: Verify your account and win a bonus. Ref2753
spam,Urgent: Verify your account and win a bonus. Ref3472
spam,Congratulations! You have won a cash prize. Claim now. Ref1401
ham,Please find the project update attached. Ref4374
ham,Let's discuss the requirements in today's call. Ref1759
spam,Limited time offer! Get free rewards today. Ref4011
ham,Reminder: team meeting at 3 PM today. Ref1342
spam,You have been selected for an exclusive gift card. Ref3307
ham,Reminder: team meeting at 3 PM today. Ref3421
ham,"Hi, can we schedule a meeting for tomorrow? Ref201"
ham,Reminder: team meeting at 3 PM today. Ref1253
ham,Let's discuss the requirements in today's call. Ref3016
ham,Let's discuss the requirements in today's call. Ref4991
spam,Earn money fast from home. Click here now. Ref3909
spam,Congratulations! You have won a cash prize. Claim now. Ref89
ham,Let's discuss the requirements in today's call. Ref4334
ham,Thank you for your email. I will review it. Ref3587
spam,Congratulations! You have won a cash prize. Claim now. Ref3422
spam,Urgent: Verify your account and win a bonus. Ref4156
spam,Urgent: Verify your account and win a bonus. Ref691
spam,Earn money fast from home. Click here now. Ref1822
ham,Let's discuss the requirements in today's call. Ref4257
ham,Let's discuss the requirements in today's call. Ref184
spam,Earn money fast from home. Click here now. Ref3262
spam,Earn money fast from home. Click here now. Ref1159
spam,Limited time offer! Get free rewards today. Ref1340
ham,Let's discuss the requirements in today's call. Ref220
ham,"Hi, can we schedule a meeting for tomorrow? Ref2534"
spam,Congratulations! You have won a cash prize. Claim now. Ref4526
ham,Thank you for your email. I will review it. Ref3455
spam,Urgent: Verify your account and win a bonus. Ref1424
ham,Please find the project update attached. Ref4412
ham,"Hi, can we schedule a meeting for tomorrow? Ref3698"
spam,Urgent: Verify your account and win a bonus. Ref1518
spam,You have been selected for an exclusive gift card. Ref3134
ham,Please find the project update attached. Ref215
ham,Please find the project update attached. Ref1809
spam,Urgent: Verify your account and win a bonus. Ref817
ham,"Hi, can we schedule a meeting for tomorrow? Ref919"
ham,Please find the project update attached. Ref2122
spam,You have been selected for an exclusive gift card. Ref2480
spam,Congratulations! You have won a cash prize. Claim now. Ref2517
ham,Please find the project update attached. Ref4163
ham,Thank you for your email. I will review it. Ref2941
spam,Earn money fast from home. Click here now. Ref3191
spam,Urgent: Verify your account and win a bonus. Ref1316
ham,Please find the project update attached. Ref2224
spam,Urgent: Verify your account and win a bonus. Ref1910
ham,"Hi, can we schedule a meeting for tomorrow? Ref2508"
ham,Thank you for your email. I will review it. Ref969
ham,Reminder: team meeting at 3 PM today. Ref3283
ham,Please find the project update attached. Ref4492
spam,Earn money fast from home. Click here now. Ref1339
ham,Please find the project update attached. Ref4346
spam,Earn money fast from home. Click here now. Ref3527
spam,Earn money fast from home. Click here now. Ref2313
ham,Please find the project update attached. Ref553
ham,Please find the project update attached. Ref64
spam,Earn money fast from home. Click here now. Ref15
ham,"Hi, can we schedule a meeting for tomorrow? Ref3309"
spam,Urgent: Verify your account and win a bonus. Ref3893
spam,Earn money fast from home. Click here now. Ref3471
spam,Limited time offer! Get free rewards today. Ref2959
ham,Reminder: team meeting at 3 PM today. Ref1639
spam,Limited time offer! Get free rewards today. Ref2958
ham,Let's discuss the requirements in today's call. Ref3963
spam,Urgent: Verify your account and win a bonus. Ref1688
spam,Limited time offer! Get free rewards today. Ref3965
spam,Urgent: Verify your account and win a bonus. Ref3688
spam,Earn money fast from home. Click here now. Ref1987
spam,You have been selected for an exclusive gift card. Ref1387
ham,Let's discuss the requirements in today's call. Ref2747
ham,Let's discuss the requirements in today's call. Ref1745
ham,Let's discuss the requirements in today's call. Ref3449
ham,"Hi, can we schedule a meeting for tomorrow? Ref3484"
spam,Limited time offer! Get free rewards today. Ref1319
spam,Limited time offer! Get free rewards today. Ref3741
ham,"Hi, can we schedule a meeting for tomorrow? Ref411"
spam,Limited time offer! Get free rewards today. Ref2871
spam,Congratulations! You have won a cash prize. Claim now. Ref346
ham,Let's discuss the requirements in today's call. Ref600
ham,Please find the project update attached. Ref2342
ham,Let's discuss the requirements in today's call. Ref2678
spam,Urgent: Verify your account and win a bonus. Ref2902
ham,"Hi, can we schedule a meeting for tomorrow? Ref2030"
ham,Let's discuss the requirements in today's call. Ref4536
spam,Earn money fast from home. Click here now. Ref4369
ham,Reminder: team meeting at 3 PM today. Ref1813
ham,Let's discuss the requirements in today's call. Ref3553
ham,Please find the project update attached. Ref4260
spam,You have been selected for an exclusive gift card. Ref4682
spam,Urgent: Verify your account and win a bonus. Ref3411
spam,Limited time offer! Get free rewards today. Ref2739
ham,Reminder: team meeting at 3 PM today. Ref152
ham,Reminder: team meeting at 3 PM today. Ref4837
spam,Earn money fast from home. Click here now. Ref1866
ham,Thank you for your email. I will review it. Ref3635
ham,"Hi, can we schedule a meeting for tomorrow? Ref629"
ham,"Hi, can we schedule a meeting for tomorrow? Ref1788"
ham,Thank you for your email. I will review it. Ref1546
spam,Congratulations! You have won a cash prize. Claim now. Ref4495
spam,You have been selected for an exclusive gift card. Ref1598
ham,Please find the project update attached. Ref2938
ham,"Hi, can we schedule a meeting for tomorrow? Ref658"
spam,You have been selected for an exclusive gift card. Ref4540
spam,Limited time offer! Get free rewards today. Ref2333
ham,"Hi, can we schedule a meeting for tomorrow? Ref2055"
spam,Limited time offer! Get free rewards today. Ref664
spam,Congratulations! You have won a cash prize. Claim now. Ref2638
ham,"Hi, can we schedule a meeting for tomorrow? Ref3005"
spam,Congratulations! You have won a cash prize. Claim now. Ref662
ham,"Hi, can we schedule a meeting for tomorrow? Ref468"
ham,Please find the project update attached. Ref3537
ham,Thank you for your email. I will review it. Ref3040
ham,Thank you for your email. I will review it. Ref1792
spam,Limited time offer! Get free rewards today. Ref3252
spam,Limited time offer! Get free rewards today. Ref3401
spam,Urgent: Verify your account and win a bonus. Ref3459
ham,Thank you for your email. I will review it. Ref2382
spam,Earn money fast from home. Click here now. Ref1595
ham,Thank you for your email. I will review it. Ref185
spam,Limited time offer! Get free rewards today. Ref3011
ham,Thank you for your email. I will review it. Ref1992
ham,Reminder: team meeting at 3 PM today. Ref3178
spam,Limited time offer! Get free rewards today. Ref752
spam,Limited time offer! Get free rewards today. Ref1481
spam,Earn money fast from home. Click here now. Ref1739
spam,Urgent: Verify your account and win a bonus. Ref458
ham,"Hi, can we schedule a meeting for tomorrow? Ref3255"
spam,Earn money fast from home. Click here now. Ref1136
spam,Urgent: Verify your account and win a bonus. Ref1532
ham,Thank you for your email. I will review it. Ref3447
spam,Congratulations! You have won a cash prize. Claim now. Ref648
spam,Earn money fast from home. Click here now. Ref1721
ham,Please find the project update attached. Ref2440
ham,Please find the project update attached. Ref1887
spam,Congratulations! You have won a cash prize. Claim now. Ref1301
ham,"Hi, can we schedule a meeting for tomorrow? Ref1866"
spam,Earn money fast from home. Click here now. Ref2948
ham,Thank you for your email. I will review it. Ref289
spam,Earn money fast from home. Click here now. Ref391
spam,Limited time offer! Get free rewards today. Ref1530
ham,Reminder: team meeting at 3 PM today. Ref1394
spam,You have been selected for an exclusive gift card. Ref1798
ham,"Hi, can we schedule a meeting for tomorrow? Ref4413"
ham,Thank you for your email. I will review it. Ref4197
ham,Please find the project update attached. Ref3373
ham,Thank you for your email. I will review it. Ref2897
spam,Congratulations! You have won a cash prize. Claim now. Ref4
ham,Reminder: team meeting at 3 PM today. Ref4306
ham,Let's discuss the requirements in today's call. Ref4449
spam,Limited time offer! Get free rewards today. Ref2229
ham,Please find the project update attached. Ref3865
spam,Urgent: Verify your account and win a bonus. Ref1384
spam,Congratulations! You have won a cash prize. Claim now. Ref4069
spam,You have been selected for an exclusive gift card. Ref4797
spam,Limited time offer! Get free rewards today. Ref3382
spam,Congratulations! You have won a cash prize. Claim now. Ref1771
spam,Limited time offer! Get free rewards today. Ref1878
spam,Earn money fast from home. Click here now. Ref2440
spam,Earn money fast from home. Click here now. Ref1294
ham,Let's discuss the requirements in today's call. Ref737
spam,Congratulations! You have won a cash prize. Claim now. Ref1431
ham,"Hi, can we schedule a meeting for tomorrow? Ref2600"
spam,Congratulations! You have won a cash prize. Claim now. Ref320
ham,Please find the project update attached. Ref4397
spam,You have been selected for an exclusive gift card. Ref3353
spam,Limited time offer! Get free rewards today. Ref394
spam,Limited time offer! Get free rewards today. Ref2973
spam,Earn money fast from home. Click here now. Ref2834
ham,Let's discuss the requirements in today's call. Ref4480
ham,Thank you for your email. I will review it. Ref2856
ham,Reminder: team meeting at 3 PM today. Ref475
ham,Thank you for your email. I will review it. Ref3054
spam,Earn money fast from home. Click here now. Ref4607
ham,Reminder: team meeting at 3 PM today. Ref3546
spam,You have been selected for an exclusive gift card. Ref2074
spam,Congratulations! You have won a cash prize. Claim now. Ref3520
spam,You have been selected for an exclusive gift card. Ref3784
ham,Please find the project update attached. Ref3970
spam,Limited time offer! Get free rewards today. Ref2617
spam,Earn money fast from home. Click here now. Ref2413
ham,Reminder: team meeting at 3 PM today. Ref3697
ham,Reminder: team meeting at 3 PM today. Ref1657
ham,Let's discuss the requirements in today's call. Ref2410
ham,"Hi, can we schedule a meeting for tomorrow? Ref2728"
ham,Please find the project update attached. Ref3426
spam,Urgent: Verify your account and win a bonus. Ref4231
ham,Reminder: team meeting at 3 PM today. Ref3632
spam,Limited time offer! Get free rewards today. Ref3246
spam,Urgent: Verify your account and win a bonus. Ref4043
ham,Thank you for your email. I will review it. Ref985
spam,Limited time offer! Get free rewards today. Ref2111
spam,Urgent: Verify your account and win a bonus. Ref4891
ham,Let's discuss the requirements in today's call. Ref2983
spam,You have been selected for an exclusive gift card. Ref1814
ham,Thank you for your email. I will review it. Ref248
spam,Limited time offer! Get free rewards today. Ref69
spam,Urgent: Verify your account and win a bonus. Ref1940
spam,You have been selected for an exclusive gift card. Ref3652
spam,Congratulations! You have won a cash prize. Claim now. Ref2491
ham,Let's discuss the requirements in today's call. Ref2978
ham,"Hi, can we schedule a meeting for tomorrow? Ref53"
ham,Let's discuss the requirements in today's call. Ref324
ham,"Hi, can we schedule a meeting for tomorrow? Ref2392"
ham,Thank you for your email. I will review it. Ref1574
ham,Thank you for your email. I will review it. Ref161
spam,Earn money fast from home. Click here now. Ref1781
spam,Congratulations! You have won a cash prize. Claim now. Ref4725
ham,Thank you for your email. I will review it. Ref3126
spam,Earn money fast from home. Click here now. Ref4830
ham,"Hi, can we schedule a meeting for tomorrow? Ref1751"
ham,Reminder: team meeting at 3 PM today. Ref1182
ham,Please find the project update attached. Ref4657
ham,Thank you for your email. I will review it. Ref3280
ham,"Hi, can we schedule a meeting for tomorrow? Ref2195"
ham,Let's discuss the requirements in today's call. Ref2009
spam,Earn money fast from home. Click here now. Ref965
spam,Earn money fast from home. Click here now. Ref2353
ham,Reminder: team meeting at 3 PM today. Ref3234
ham,Let's discuss the requirements in today's call. Ref4016
ham,Thank you for your email. I will review it. Ref2111
spam,You have been selected for an exclusive gift card. Ref4401
spam,You have been selected for an exclusive gift card. Ref1325
ham,Reminder: team meeting at 3 PM today. Ref3730
spam,Urgent: Verify your account and win a bonus. Ref4126
ham,Please find the project update attached. Ref743
spam,Urgent: Verify your account and win a bonus. Ref3946
spam,Limited time offer! Get free rewards today. Ref246
spam,You have been selected for an exclusive gift card. Ref1896
ham,Thank you for your email. I will review it. Ref331
ham,Reminder: team meeting at 3 PM today. Ref4934
ham,Thank you for your email. I will review it. Ref1678
spam,Earn money fast from home. Click here now. Ref751
spam,Earn money fast from home. Click here now. Ref3306
ham,Let's discuss the requirements in today's call. Ref910
ham,Reminder: team meeting at 3 PM today. Ref2100
ham,"Hi, can we schedule a meeting for tomorrow? Ref976"
ham,Let's discuss the requirements in today's call. Ref657
spam,You have been selected for an exclusive gift card. Ref2696
spam,Congratulations! You have won a cash prize. Claim now. Ref4212
ham,Thank you for your email. I will review it. Ref2590
spam,You have been selected for an exclusive gift card. Ref284
ham,Please find the project update attached. Ref1705
ham,Thank you for your email. I will review it. Ref518
spam,Congratulations! You have won a cash prize. Claim now. Ref3041
spam,Congratulations! You have won a cash prize. Claim now. Ref145
spam,Limited time offer! Get free rewards today. Ref2569
spam,Urgent: Verify your account and win a bonus. Ref1589
spam,You have been selected for an exclusive gift card. Ref1951
ham,Thank you for your email. I will review it. Ref712
spam,Congratulations! You have won a cash prize. Claim now. Ref3169
spam,Urgent: Verify your account and win a bonus. Ref1591
ham,Reminder: team meeting at 3 PM today. Ref1481
spam,Limited time offer! Get free rewards today. Ref4879
ham,Let's discuss the requirements in today's call. Ref4508
spam,You have been selected for an exclusive gift card. Ref4543
ham,Reminder: team meeting at 3 PM today. Ref59
ham,Thank you for your email. I will review it. Ref3306
spam,Urgent: Verify your account and win a bonus. Ref608
ham,Please find the project update attached. Ref1025
spam,You have been selected for an exclusive gift card. Ref3981
spam,Earn money fast from home. Click here now. Ref4159
spam,Earn money fast from home. Click here now. Ref2199
ham,"Hi, can we schedule a meeting for tomorrow? Ref4114"
spam,Earn money fast from home. Click here now. Ref1426
ham,Let's discuss the requirements in today's call. Ref2987
ham,Let's discuss the requirements in today's call. Ref673
spam,Limited time offer! Get free rewards today. Ref867
spam,You have been selected for an exclusive gift card. Ref92
ham,Please find the project update attached. Ref3403
spam,You have been selected for an exclusive gift card. Ref831
ham,Reminder: team meeting at 3 PM today. Ref65
ham,Thank you for your email. I will review it. Ref4496
ham,Thank you for your email. I will review it. Ref3641
spam,Congratulations! You have won a cash prize. Claim now. Ref144
ham,Thank you for your email. I will review it. Ref2036
ham,Please find the project update attached. Ref2697
spam,Earn money fast from home. Click here now. Ref4158
ham,Reminder: team meeting at 3 PM today. Ref4857
spam,You have been selected for an exclusive gift card. Ref147
ham,Reminder: team meeting at 3 PM today. Ref4643
ham,Reminder: team meeting at 3 PM today. Ref4988
spam,Congratulations! You have won a cash prize. Claim now. Ref2467
spam,You have been selected for an exclusive gift card. Ref312
spam,Limited time offer! Get free rewards today. Ref2678
spam,Congratulations! You have won a cash prize. Claim now. Ref3976
ham,"Hi, can we schedule a meeting for tomorrow? Ref4112"
ham,"Hi, can we schedule a meeting for tomorrow? Ref4741"
spam,Urgent: Verify your account and win a bonus. Ref2822
spam,Congratulations! You have won a cash prize. Claim now. Ref395
ham,"Hi, can we schedule a meeting for tomorrow? Ref1166"
spam,Limited time offer! Get free rewards today. Ref4659
spam,You have been selected for an exclusive gift card. Ref2610
ham,Please find the project update attached. Ref4727
ham,Reminder: team meeting at 3 PM today. Ref1840
ham,Let's discuss the requirements in today's call. Ref430
spam,Limited time offer! Get free rewards today. Ref1394
ham,Reminder: team meeting at 3 PM today. Ref797
spam,Urgent: Verify your account and win a bonus. Ref4626
spam,Urgent: Verify your account and win a bonus. Ref2799
ham,Reminder: team meeting at 3 PM today. Ref3339
spam,You have been selected for an exclusive gift card. Ref293
spam,Urgent: Verify your account and win a bonus. Ref4034
spam,Urgent: Verify your account and win a bonus. Ref1022
ham,Reminder: team meeting at 3 PM today. Ref3007
ham,Thank you for your email. I will review it. Ref3420
spam,Congratulations! You have won a cash prize. Claim now. Ref271
spam,Earn money fast from home. Click here now. Ref3809
spam,Earn money fast from home. Click here now. Ref2941
spam,Limited time offer! Get free rewards today. Ref2555
spam,Congratulations! You have won a cash prize. Claim now. Ref1715
spam,Earn money fast from home. Click here now. Ref4559
ham,Let's discuss the requirements in today's call. Ref3543
spam,Earn money fast from home. Click here now. Ref4169
spam,Earn money fast from home. Click here now. Ref4524
ham,Reminder: team meeting at 3 PM today. Ref417
ham,Reminder: team meeting at 3 PM today. Ref1525
spam,You have been selected for an exclusive gift card. Ref1979
ham,Please find the project update attached. Ref4229
spam,Congratulations! You have won a cash prize. Claim now. Ref3998
spam,Earn money fast from home. Click here now. Ref2430
ham,Let's discuss the requirements in today's call. Ref1086
ham,Please find the project update attached. Ref1876
ham,Reminder: team meeting at 3 PM today. Ref902
ham,Reminder: team meeting at 3 PM today. Ref4294
spam,Congratulations! You have won a cash prize. Claim now. Ref2286
spam,You have been selected for an exclusive gift card. Ref642
spam,Urgent: Verify your account and win a bonus. Ref101
spam,Limited time offer! Get free rewards today. Ref4613
ham,"Hi, can we schedule a meeting for tomorrow? Ref4429"
ham,Reminder: team meeting at 3 PM today. Ref895
spam,Urgent: Verify your account and win a bonus. Ref3899
ham,Reminder: team meeting at 3 PM today. Ref2593
ham,Please find the project update attached. Ref4577
spam,Limited time offer! Get free rewards today. Ref2964
ham,Please find the project update attached. Ref3023
ham,Thank you for your email. I will review it. Ref3558
spam,Urgent: Verify your account and win a bonus. Ref2415
ham,"Hi, can we schedule a meeting for tomorrow? Ref4177"
spam,Congratulations! You have won a cash prize. Claim now. Ref4102
spam,Congratulations! You have won a cash prize. Claim now. Ref3715
ham,Please find the project update attached. Ref1178
spam,Limited time offer! Get free rewards today. Ref775
ham,Please find the project update attached. Ref4590
spam,Earn money fast from home. Click here now. Ref1507
spam,Congratulations! You have won a cash prize. Claim now. Ref136
ham,Please find the project update attached. Ref4607
ham,Let's discuss the requirements in today's call. Ref3240
ham,Please find the project update attached. Ref3788
spam,You have been selected for an exclusive gift card. Ref2530
ham,Please find the project update attached. Ref2721
ham,Reminder: team meeting at 3 PM today. Ref1640
spam,Limited time offer! Get free rewards today. Ref2876
spam,You have been selected for an exclusive gift card. Ref1317
spam,Limited time offer! Get free rewards today. Ref2820
ham,Let's discuss the requirements in today's call. Ref4130
ham,Let's discuss the requirements in today's call. Ref4961
ham,Please find the project update attached. Ref2076
spam,You have been selected for an exclusive gift card. Ref828
ham,"Hi, can we schedule a meeting for tomorrow? Ref2799"
ham,"Hi, can we schedule a meeting for tomorrow? Ref4088"
spam,Urgent: Verify your account and win a bonus. Ref61
ham,"Hi, can we schedule a meeting for tomorrow? Ref234"
ham,Let's discuss the requirements in today's call. Ref1993
ham,Reminder: team meeting at 3 PM today. Ref4425
ham,Please find the project update attached. Ref2464
ham,Please find the project update attached. Ref1651
spam,Congratulations! You have won a cash prize. Claim now. Ref1150
spam,Urgent: Verify your account and win a bonus. Ref4326
spam,Urgent: Verify your account and win a bonus. Ref4381
spam,You have been selected for an exclusive gift card. Ref4077
spam,Limited time offer! Get free rewards today. Ref2211
spam,You have been selected for an exclusive gift card. Ref1550
ham,Reminder: team meeting at 3 PM today. Ref3608
spam,You have been selected for an exclusive gift card. Ref4894
ham,Thank you for your email. I will review it. Ref3806
spam,Earn money fast from home. Click here now. Ref3632
spam,Congratulations! You have won a cash prize. Claim now. Ref3190
ham,Please find the project update attached. Ref940
spam,Congratulations! You have won a cash prize. Claim now. Ref3641
spam,You have been selected for an exclusive gift card. Ref3153
ham,"Hi, can we schedule a meeting for tomorrow? Ref4548"
spam,You have been selected for an exclusive gift card. Ref4541
spam,Congratulations! You have won a cash prize. Claim now. Ref4645
spam,Earn money fast from home. Click here now. Ref4334
ham,Thank you for your email. I will review it. Ref1090
spam,You have been selected for an exclusive gift card. Ref3567
spam,Earn money fast from home. Click here now. Ref4951
spam,You have been selected for an exclusive gift card. Ref2510
spam,You have been selected for an exclusive gift card. Ref4333
ham,Reminder: team meeting at 3 PM today. Ref4214
spam,Congratulations! You have won a cash prize. Claim now. Ref4523
spam,Urgent: Verify your account and win a bonus. Ref4938
spam,Earn money fast from home. Click here now. Ref439
ham,Reminder: team meeting at 3 PM today. Ref3653
spam,Limited time offer! Get free rewards today. Ref4985
spam,Earn money fast from home. Click here now. Ref789
spam,You have been selected for an exclusive gift card. Ref1168
ham,Thank you for your email. I will review it. Ref3297
spam,You have been selected for an exclusive gift card. Ref3603
ham,Thank you for your email. I will review it. Ref3298
spam,Congratulations! You have won a cash prize. Claim now. Ref4817
ham,Please find the project update attached. Ref984
ham,"Hi, can we schedule a meeting for tomorrow? Ref4948"
ham,Let's discuss the requirements in today's call. Ref4670
ham,Thank you for your email. I will review it. Ref4021
ham,Let's discuss the requirements in today's call. Ref2781
spam,You have been selected for an exclusive gift card. Ref645
ham,Thank you for your email. I will review it. Ref4744
ham,Reminder: team meeting at 3 PM today. Ref170
spam,Congratulations! You have won a cash prize. Claim now. Ref1321
spam,Urgent: Verify your account and win a bonus. Ref3460
spam,Urgent: Verify your account and win a bonus. Ref1037
ham,Thank you for your email. I will review it. Ref3941
ham,Please find the project update attached. Ref3904
spam,Earn money fast from home. Click here now. Ref4647
ham,Let's discuss the requirements in today's call. Ref2794
spam,Earn money fast from home. Click here now. Ref3694
spam,You have been selected for an exclusive gift card. Ref989
ham,Reminder: team meeting at 3 PM today. Ref3874
ham,"Hi, can we schedule a meeting for tomorrow? Ref1153"
ham,Please find the project update attached. Ref3935
ham,Reminder: team meeting at 3 PM today. Ref3737
spam,Congratulations! You have won a cash prize. Claim now. Ref1284
spam,You have been selected for an exclusive gift card. Ref1515
ham,"Hi, can we schedule a meeting for tomorrow? Ref2472"
spam,Earn money fast from home. Click here now. Ref3286
spam,Urgent: Verify your account and win a bonus. Ref3072
ham,Let's discuss the requirements in today's call. Ref2167
ham,"Hi, can we schedule a meeting for tomorrow? Ref3609"
spam,Urgent: Verify your account and win a bonus. Ref4584
ham,Reminder: team meeting at 3 PM today. Ref476
spam,Congratulations! You have won a cash prize. Claim now. Ref2458
ham,Please find the project update attached. Ref3474
spam,Limited time offer! Get free rewards today. Ref19
spam,You have been selected for an exclusive gift card. Ref3294
spam,Limited time offer! Get free rewards today. Ref1573
spam,Earn money fast from home. Click here now. Ref995
ham,Please find the project update attached. Ref2564
ham,Please find the project update attached. Ref777
ham,Reminder: team meeting at 3 PM today. Ref1225
ham,Thank you for your email. I will review it. Ref535
ham,Let's discuss the requirements in today's call. Ref2242
ham,"Hi, can we schedule a meeting for tomorrow? Ref2289"
ham,Please find the project update attached. Ref3700
spam,Urgent: Verify your account and win a bonus. Ref4820
ham,Please find the project update attached. Ref3849
ham,"Hi, can we schedule a meeting for tomorrow? Ref4823"
spam,You have been selected for an exclusive gift card. Ref327
ham,Please find the project update attached. Ref1627
spam,Urgent: Verify your account and win a bonus. Ref3926
spam,Earn money fast from home. Click here now. Ref3563
spam,Congratulations! You have won a cash prize. Claim now. Ref4990
spam,Earn money fast from home. Click here now. Ref1736
ham,Reminder: team meeting at 3 PM today. Ref3664
spam,You have been selected for an exclusive gift card. Ref912
ham,Please find the project update attached. Ref1826
ham,"Hi, can we schedule a meeting for tomorrow? Ref3013"
spam,Congratulations! You have won a cash prize. Claim now. Ref1462
spam,Earn money fast from home. Click here now. Ref3590
spam,Earn money fast from home. Click here now. Ref1538
ham,Let's discuss the requirements in today's call. Ref2170
ham,Reminder: team meeting at 3 PM today. Ref1990
spam,Congratulations! You have won a cash prize. Claim now. Ref3163
spam,Earn money fast from home. Click here now. Ref4583
ham,"Hi, can we schedule a meeting for tomorrow? Ref4649"
spam,Earn money fast from home. Click here now. Ref1748
spam,You have been selected for an exclusive gift card. Ref4550
ham,Reminder: team meeting at 3 PM today. Ref3398
ham,Reminder: team meeting at 3 PM today. Ref1317
spam,Earn money fast from home. Click here now. Ref2993
spam,Limited time offer! Get free rewards today. Ref1799
ham,Reminder: team meeting at 3 PM today. Ref4537
spam,Earn money fast from home. Click here now. Ref3572
ham,Thank you for your email. I will review it. Ref4279
spam,Urgent: Verify your account and win a bonus. Ref3925
spam,Urgent: Verify your account and win a bonus. Ref862
spam,Limited time offer! Get free rewards today. Ref3814
ham,Please find the project update attached. Ref2279
ham,Let's discuss the requirements in today's call. Ref257
ham,Thank you for your email. I will review it. Ref2757
ham,Let's discuss the requirements in today's call. Ref3102
ham,Thank you for your email. I will review it. Ref1808
ham,"Hi, can we schedule a meeting for tomorrow? Ref4273"
spam,Limited time offer! Get free rewards today. Ref3109
ham,"Hi, can we schedule a meeting for tomorrow? Ref51"
spam,Earn money fast from home. Click here now. Ref3531
spam,Earn money fast from home. Click here now. Ref4652
spam,Earn money fast from home. Click here now. Ref286
ham,"Hi, can we schedule a meeting for tomorrow? Ref1501"
spam,Urgent: Verify your account and win a bonus. Ref4421
ham,Let's discuss the requirements in today's call. Ref907
spam,Urgent: Verify your account and win a bonus. Ref2961
spam,Earn money fast from home. Click here now. Ref3726
spam,You have been selected for an exclusive gift card. Ref3418
ham,Thank you for your email. I will review it. Ref4432
spam,Congratulations! You have won a cash prize. Claim now. Ref1087
ham,Please find the project update attached. Ref2058
ham,Let's discuss the requirements in today's call. Ref3550
ham,Thank you for your email. I will review it. Ref3223
ham,Thank you for your email. I will review it. Ref1959
ham,Please find the project update attached. Ref3418
ham,Let's discuss the requirements in today's call. Ref1762
spam,Earn money fast from home. Click here now. Ref3692
spam,Limited time offer! Get free rewards today. Ref1297
ham,"Hi, can we schedule a meeting for tomorrow? Ref3124"
spam,You have been selected for an exclusive gift card. Ref4219
ham,"Hi, can we schedule a meeting for tomorrow? Ref1054"
ham,Reminder: team meeting at 3 PM today. Ref2452
ham,Reminder: team meeting at 3 PM today. Ref3415
spam,You have been selected for an exclusive gift card. Ref3948
ham,Reminder: team meeting at 3 PM today. Ref1381
spam,Earn money fast from home. Click here now. Ref4388
spam,Congratulations! You have won a cash prize. Claim now. Ref3466
ham,Thank you for your email. I will review it. Ref4788
ham,Let's discuss the requirements in today's call. Ref4230
spam,Urgent: Verify your account and win a bonus. Ref180
spam,Congratulations! You have won a cash prize. Claim now. Ref2248
ham,"Hi, can we schedule a meeting for tomorrow? Ref1224"
spam,Urgent: Verify your account and win a bonus. Ref1156
spam,Earn money fast from home. Click here now. Ref3064
ham,Reminder: team meeting at 3 PM today. Ref4390
ham,Please find the project update attached. Ref1334
ham,"Hi, can we schedule a meeting for tomorrow? Ref447"
spam,Urgent: Verify your account and win a bonus. Ref2743
spam,Limited time offer! Get free rewards today. Ref157
spam,You have been selected for an exclusive gift card. Ref946
spam,Urgent: Verify your account and win a bonus. Ref596
spam,Urgent: Verify your account and win a bonus. Ref4402
spam,Congratulations! You have won a cash prize. Claim now. Ref2184
ham,Please find the project update attached. Ref3539
ham,Please find the project update attached. Ref4339
spam,Urgent: Verify your account and win a bonus. Ref2164
spam,Urgent: Verify your account and win a bonus. Ref1847
ham,Please find the project update attached. Ref3801
ham,Please find the project update attached. Ref1882
ham,Please find the project update attached. Ref4164
ham,Let's discuss the requirements in today's call. Ref3876
ham,Reminder: team meeting at 3 PM today. Ref934
spam,Congratulations! You have won a cash prize. Claim now. Ref3665
spam,You have been selected for an exclusive gift card. Ref187
ham,Please find the project update attached. Ref858
ham,Reminder: team meeting at 3 PM today. Ref1071
ham,Let's discuss the requirements in today's call. Ref3675
ham,Thank you for your email. I will review it. Ref4564
ham,Let's discuss the requirements in today's call. Ref4377
spam,You have been selected for an exclusive gift card. Ref4147
spam,Earn money fast from home. Click here now. Ref712
spam,Limited time offer! Get free rewards today. Ref2764
ham,"Hi, can we schedule a meeting for tomorrow? Ref4849"
spam,Congratulations! You have won a cash prize. Claim now. Ref3245
spam,Urgent: Verify your account and win a bonus. Ref2300
spam,Limited time offer! Get free rewards today. Ref321
ham,Thank you for your email. I will review it. Ref20
ham,Let's discuss the requirements in today's call. Ref782
ham,Let's discuss the requirements in today's call. Ref4378
ham,Thank you for your email. I will review it. Ref4073
spam,Congratulations! You have won a cash prize. Claim now. Ref3027
ham,Please find the project update attached. Ref3536
spam,Limited time offer! Get free rewards today. Ref441
ham,Thank you for your email. I will review it. Ref2509
ham,Reminder: team meeting at 3 PM today. Ref3749
ham,Please find the project update attached. Ref4860
ham,Thank you for your email. I will review it. Ref3617
ham,Let's discuss the requirements in today's call. Ref2109
spam,You have been selected for an exclusive gift card. Ref1661
ham,Please find the project update attached. Ref4414
ham,"Hi, can we schedule a meeting for tomorrow? Ref193"
spam,Urgent: Verify your account and win a bonus. Ref2083
spam,You have been selected for an exclusive gift card. Ref2110
spam,Urgent: Verify your account and win a bonus. Ref452
spam,Congratulations! You have won a cash prize. Claim now. Ref700
ham,Please find the project update attached. Ref4239
ham,Thank you for your email. I will review it. Ref271
spam,You have been selected for an exclusive gift card. Ref935
ham,Please find the project update attached. Ref91
spam,You have been selected for an exclusive gift card. Ref1038
ham,"Hi, can we schedule a meeting for tomorrow? Ref2874"
ham,"Hi, can we schedule a meeting for tomorrow? Ref4332"
ham,Please find the project update attached. Ref4153
spam,Limited time offer! Get free rewards today. Ref1027
spam,You have been selected for an exclusive gift card. Ref385
ham,Please find the project update attached. Ref4593
spam,Limited time offer! Get free rewards today. Ref2920
ham,Let's discuss the requirements in today's call. Ref2806
spam,You have been selected for an exclusive gift card. Ref413
ham,"Hi, can we schedule a meeting for tomorrow? Ref433"
spam,Earn money fast from home. Click here now. Ref2835
ham,Please find the project update attached. Ref2296
spam,Urgent: Verify your account and win a bonus. Ref636
ham,Let's discuss the requirements in today's call. Ref1043
spam,Earn money fast from home. Click here now. Ref1859
ham,"Hi, can we schedule a meeting for tomorrow? Ref3948"
spam,Limited time offer! Get free rewards today. Ref28
ham,Reminder: team meeting at 3 PM today. Ref4573
ham,Please find the project update attached. Ref3939
spam,Urgent: Verify your account and win a bonus. Ref3147
ham,Let's discuss the requirements in today's call. Ref2057
ham,Thank you for your email. I will review it. Ref1908
spam,You have been selected for an exclusive gift card. Ref1783
ham,Reminder: team meeting at 3 PM today. Ref1344
spam,You have been selected for an exclusive gift card. Ref721
ham,Reminder: team meeting at 3 PM today. Ref4820
ham,"Hi, can we schedule a meeting for tomorrow? Ref2709"
spam,Limited time offer! Get free rewards today. Ref156
ham,Reminder: team meeting at 3 PM today. Ref4186
spam,Urgent: Verify your account and win a bonus. Ref2570
ham,"Hi, can we schedule a meeting for tomorrow? Ref3636"
ham,Let's discuss the requirements in today's call. Ref4805
ham,Let's discuss the requirements in today's call. Ref3140
spam,You have been selected for an exclusive gift card. Ref2934
ham,Let's discuss the requirements in today's call. Ref519
spam,Limited time offer! Get free rewards today. Ref4846
spam,Congratulations! You have won a cash prize. Claim now. Ref3355
ham,Thank you for your email. I will review it. Ref915
ham,Please find the project update attached. Ref344
spam,Congratulations! You have won a cash prize. Claim now. Ref4215
ham,Please find the project update attached. Ref2371
ham,Reminder: team meeting at 3 PM today. Ref3996
spam,Congratulations! You have won a cash prize. Claim now. Ref4883
ham,Thank you for your email. I will review it. Ref3314
spam,Earn money fast from home. Click here now. Ref2859
ham,Reminder: team meeting at 3 PM today. Ref1438
ham,Please find the project update attached. Ref904
spam,Congratulations! You have won a cash prize. Claim now. Ref4519
ham,Reminder: team meeting at 3 PM today. Ref300
spam,Earn money fast from home. Click here now. Ref3440
spam,Congratulations! You have won a cash prize. Claim now. Ref396
spam,Urgent: Verify your account and win a bonus. Ref3168
ham,Reminder: team meeting at 3 PM today. Ref3410
ham,"Hi, can we schedule a meeting for tomorrow? Ref4123"
ham,Let's discuss the requirements in today's call. Ref4079
ham,Please find the project update attached. Ref4026
ham,"Hi, can we schedule a meeting for tomorrow? Ref700"
spam,Urgent: Verify your account and win a bonus. Ref107
ham,Thank you for your email. I will review it. Ref438
spam,Earn money fast from home. Click here now. Ref1258
spam,Congratulations! You have won a cash prize. Claim now. Ref533
ham,Reminder: team meeting at 3 PM today. Ref3012
ham,Please find the project update attached. Ref4511
spam,You have been selected for an exclusive gift card. Ref2018
ham,Reminder: team meeting at 3 PM today. Ref3718
spam,Congratulations! You have won a cash prize. Claim now. Ref627
ham,"Hi, can we schedule a meeting for tomorrow? Ref4528"
ham,Let's discuss the requirements in today's call. Ref1303
spam,Limited time offer! Get free rewards today. Ref3450
ham,Thank you for your email. I will review it. Ref140
spam,Earn money fast from home. Click here now. Ref3798
spam,Congratulations! You have won a cash prize. Claim now. Ref1015
ham,"Hi, can we schedule a meeting for tomorrow? Ref3476"
ham,Let's discuss the requirements in today's call. Ref2411
ham,Please find the project update attached. Ref2982
spam,You have been selected for an exclusive gift card. Ref3139
spam,Limited time offer! Get free rewards today. Ref3368
spam,Earn money fast from home. Click here now. Ref407
spam,Earn money fast from home. Click here now. Ref3282
ham,"Hi, can we schedule a meeting for tomorrow? Ref1643"
ham,Let's discuss the requirements in today's call. Ref3354
ham,Please find the project update attached. Ref1214
spam,Congratulations! You have won a cash prize. Claim now. Ref4175
spam,Congratulations! You have won a cash prize. Claim now. Ref2827
spam,You have been selected for an exclusive gift card. Ref3056
ham,"Hi, can we schedule a meeting for tomorrow? Ref2661"
ham,Thank you for your email. I will review it. Ref3720
spam,Earn money fast from home. Click here now. Ref185
spam,Urgent: Verify your account and win a bonus. Ref4738
spam,Limited time offer! Get free rewards today. Ref3639
ham,Reminder: team meeting at 3 PM today. Ref4276
ham,"Hi, can we schedule a meeting for tomorrow? Ref4724"
ham,Thank you for your email. I will review it. Ref2581
spam,You have been selected for an exclusive gift card. Ref3770
spam,Limited time offer! Get free rewards today. Ref1285
spam,Congratulations! You have won a cash prize. Claim now. Ref3251
ham,Please find the project update attached. Ref540
spam,Congratulations! You have won a cash prize. Claim now. Ref282
ham,Reminder: team meeting at 3 PM today. Ref4451
spam,Urgent: Verify your account and win a bonus. Ref920
spam,Urgent: Verify your account and win a bonus. Ref4301
ham,"Hi, can we schedule a meeting for tomorrow? Ref675"
spam,Urgent: Verify your account and win a bonus. Ref3534
spam,Earn money fast from home. Click here now. Ref554
ham,Reminder: team meeting at 3 PM today. Ref1171
spam,Urgent: Verify your account and win a bonus. Ref3836
spam,Limited time offer! Get free rewards today. Ref432
ham,Reminder: team meeting at 3 PM today. Ref2102
spam,You have been selected for an exclusive gift card. Ref4017
ham,Please find the project update attached. Ref1958
spam,Limited time offer! Get free rewards today. Ref1243
spam,Earn money fast from home. Click here now. Ref703
spam,Limited time offer! Get free rewards today. Ref358
ham,Please find the project update attached. Ref820
spam,Earn money fast from home. Click here now. Ref4924
ham,"Hi, can we schedule a meeting for tomorrow? Ref1208"
ham,"Hi, can we schedule a meeting for tomorrow? Ref3438"
ham,Thank you for your email. I will review it. Ref2585
spam,Congratulations! You have won a cash prize. Claim now. Ref2649
spam,Urgent: Verify your account and win a bonus. Ref4085
spam,Limited time offer! Get free rewards today. Ref776
spam,Limited time offer! Get free rewards today. Ref4083
spam,You have been selected for an exclusive gift card. Ref4144
spam,You have been selected for an exclusive gift card. Ref415
ham,"Hi, can we schedule a meeting for tomorrow? Ref2618"
ham,Thank you for your email. I will review it. Ref4516
spam,Earn money fast from home. Click here now. Ref1692
ham,Reminder: team meeting at 3 PM today. Ref4236
spam,Earn money fast from home. Click here now. Ref1399
spam,Urgent: Verify your account and win a bonus. Ref290
spam,Congratulations! You have won a cash prize. Claim now. Ref162
ham,Reminder: team meeting at 3 PM today. Ref132
ham,Reminder: team meeting at 3 PM today. Ref1857
ham,Reminder: team meeting at 3 PM today. Ref3492
ham,Thank you for your email. I will review it. Ref2675
ham,"Hi, can we schedule a meeting for tomorrow? Ref4131"
spam,You have been selected for an exclusive gift card. Ref982
spam,Urgent: Verify your account and win a bonus. Ref4857
spam,Earn money fast from home. Click here now. Ref1267
ham,Please find the project update attached. Ref3435
ham,Please find the project update attached. Ref4872
ham,"Hi, can we schedule a meeting for tomorrow? Ref4454"
spam,You have been selected for an exclusive gift card. Ref2062
ham,Let's discuss the requirements in today's call. Ref306
ham,Reminder: team meeting at 3 PM today. Ref2558
spam,Congratulations! You have won a cash prize. Claim now. Ref4606
ham,Reminder: team meeting at 3 PM today. Ref1731
spam,Urgent: Verify your account and win a bonus. Ref1386
ham,Let's discuss the requirements in today's call. Ref2180
spam,Urgent: Verify your account and win a bonus. Ref1225
spam,Earn money fast from home. Click here now. Ref3265
ham,"Hi, can we schedule a meeting for tomorrow? Ref3202"
spam,Earn money fast from home. Click here now. Ref792
spam,Congratulations! You have won a cash prize. Claim now. Ref418
ham,Please find the project update attached. Ref1494
ham,"Hi, can we schedule a meeting for tomorrow? Ref3896"
spam,Congratulations! You have won a cash prize. Claim now. Ref2029
spam,Limited time offer! Get free rewards today. Ref184
spam,You have been selected for an exclusive gift card. Ref4367
ham,Let's discuss the requirements in today's call. Ref3789
ham,Please find the project update attached. Ref1036
ham,Reminder: team meeting at 3 PM today. Ref2096
ham,Reminder: team meeting at 3 PM today. Ref747
spam,Limited time offer! Get free rewards today. Ref2251
spam,Earn money fast from home. Click here now. Ref4385
ham,Reminder: team meeting at 3 PM today. Ref2235
ham,Please find the project update attached. Ref2169
spam,Congratulations! You have won a cash prize. Claim now. Ref3777
ham,"Hi, can we schedule a meeting for tomorrow? Ref4517"
ham,Reminder: team meeting at 3 PM today. Ref2682
ham,"Hi, can we schedule a meeting for tomorrow? Ref1791"
ham,Let's discuss the requirements in today's call. Ref3644
ham,"Hi, can we schedule a meeting for tomorrow? Ref1364"
spam,Earn money fast from home. Click here now. Ref1170
spam,Limited time offer! Get free rewards today. Ref4018
spam,Earn money fast from home. Click here now. Ref1990
spam,Congratulations! You have won a cash prize. Claim now. Ref1451
ham,Let's discuss the requirements in today's call. Ref806
ham,Reminder: team meeting at 3 PM today. Ref3101
spam,You have been selected for an exclusive gift card. Ref1329
spam,Congratulations! You have won a cash prize. Claim now. Ref3934
ham,Thank you for your email. I will review it. Ref1203
ham,Thank you for your email. I will review it. Ref2490
spam,You have been selected for an exclusive gift card. Ref4423
ham,Let's discuss the requirements in today's call. Ref4789
ham,Reminder: team meeting at 3 PM today. Ref1274
ham,Let's discuss the requirements in today's call. Ref2513
ham,Reminder: team meeting at 3 PM today. Ref527
spam,Urgent: Verify your account and win a bonus. Ref4086
ham,"Hi, can we schedule a meeting for tomorrow? Ref3441"
spam,Congratulations! You have won a cash prize. Claim now. Ref4246
ham,Reminder: team meeting at 3 PM today. Ref780
ham,Please find the project update attached. Ref286
spam,You have been selected for an exclusive gift card. Ref4640
spam,Limited time offer! Get free rewards today. Ref3008
spam,You have been selected for an exclusive gift card. Ref2615
ham,Thank you for your email. I will review it. Ref3884
spam,Congratulations! You have won a cash prize. Claim now. Ref4118
ham,Thank you for your email. I will review it. Ref2246
ham,"Hi, can we schedule a meeting for tomorrow? Ref2194"
ham,"Hi, can we schedule a meeting for tomorrow? Ref800"
spam,Limited time offer! Get free rewards today. Ref1479
spam,Urgent: Verify your account and win a bonus. Ref844
ham,"Hi, can we schedule a meeting for tomorrow? Ref1953"
spam,Congratulations! You have won a cash prize. Claim now. Ref2148
ham,Reminder: team meeting at 3 PM today. Ref1766
spam,Earn money fast from home. Click here now. Ref2058
spam,You have been selected for an exclusive gift card. Ref992
spam,Limited time offer! Get free rewards today. Ref2682
ham,Reminder: team meeting at 3 PM today. Ref2318
ham,Reminder: team meeting at 3 PM today. Ref4703
ham,Thank you for your email. I will review it. Ref4086
spam,Earn money fast from home. Click here now. Ref3061
ham,Reminder: team meeting at 3 PM today. Ref3561
spam,Urgent: Verify your account and win a bonus. Ref4331
spam,Congratulations! You have won a cash prize. Claim now. Ref4665
spam,Limited time offer! Get free rewards today. Ref1832
spam,Congratulations! You have won a cash prize. Claim now. Ref1300
spam,You have been selected for an exclusive gift card. Ref1112
spam,Limited time offer! Get free rewards today. Ref4456
ham,Thank you for your email. I will review it. Ref4160
ham,Thank you for your email. I will review it. Ref2250
ham,Please find the project update attached. Ref2379
spam,You have been selected for an exclusive gift card. Ref255
spam,Urgent: Verify your account and win a bonus. Ref1028
spam,Limited time offer! Get free rewards today. Ref4777
spam,You have been selected for an exclusive gift card. Ref4595
ham,Reminder: team meeting at 3 PM today. Ref2706
ham,"Hi, can we schedule a meeting for tomorrow? Ref172"
ham,Please find the project update attached. Ref3786
spam,Earn money fast from home. Click here now. Ref2631
ham,"Hi, can we schedule a meeting for tomorrow? Ref4565"
spam,You have been selected for an exclusive gift card. Ref1808
spam,Earn money fast from home. Click here now. Ref4230
ham,Thank you for your email. I will review it. Ref852
spam,Limited time offer! Get free rewards today. Ref2845
ham,Thank you for your email. I will review it. Ref39
ham,"Hi, can we schedule a meeting for tomorrow? Ref1401"
spam,Congratulations! You have won a cash prize. Claim now. Ref4995
spam,Congratulations! You have won a cash prize. Claim now. Ref279
spam,Congratulations! You have won a cash prize. Claim now. Ref4739
ham,Let's discuss the requirements in today's call. Ref502
spam,You have been selected for an exclusive gift card. Ref4511
spam,You have been selected for an exclusive gift card. Ref619
ham,Please find the project update attached. Ref1448
spam,Earn money fast from home. Click here now. Ref1081
spam,Earn money fast from home. Click here now. Ref133
ham,Please find the project update attached. Ref1758
ham,Thank you for your email. I will review it. Ref2370
spam,Congratulations! You have won a cash prize. Claim now. Ref3234
spam,Urgent: Verify your account and win a bonus. Ref4030
ham,Let's discuss the requirements in today's call. Ref1099
ham,Thank you for your email. I will review it. Ref3015
spam,Congratulations! You have won a cash prize. Claim now. Ref2086
ham,"Hi, can we schedule a meeting for tomorrow? Ref721"
spam,Earn money fast from home. Click here now. Ref681
ham,Reminder: team meeting at 3 PM today. Ref32
ham,Let's discuss the requirements in today's call. Ref1656
spam,Earn money fast from home. Click here now. Ref4337
spam,Urgent: Verify your account and win a bonus. Ref1657
spam,Urgent: Verify your account and win a bonus. Ref3218
spam,Earn money fast from home. Click here now. Ref1221
spam,Limited time offer! Get free rewards today. Ref2181
ham,"Hi, can we schedule a meeting for tomorrow? Ref2080"
ham,Let's discuss the requirements in today's call. Ref236
spam,Urgent: Verify your account and win a bonus. Ref430
ham,Let's discuss the requirements in today's call. Ref3295
spam,Urgent: Verify your account and win a bonus. Ref4515
spam,You have been selected for an exclusive gift card. Ref2549
spam,Limited time offer! Get free rewards today. Ref4137
ham,Thank you for your email. I will review it. Ref2293
spam,You have been selected for an exclusive gift card. Ref595
spam,Urgent: Verify your account and win a bonus. Ref2282
ham,Please find the project update attached. Ref1585
spam,Congratulations! You have won a cash prize. Claim now. Ref870
ham,Please find the project update attached. Ref3727
ham,Let's discuss the requirements in today's call. Ref3600
spam,Urgent: Verify your account and win a bonus. Ref1682
spam,Limited time offer! Get free rewards today. Ref2551
spam,Congratulations! You have won a cash prize. Claim now. Ref4270
spam,Congratulations! You have won a cash prize. Claim now. Ref3561
spam,You have been selected for an exclusive gift card. Ref884
ham,Please find the project update attached. Ref1645
spam,You have been selected for an exclusive gift card. Ref512
ham,Please find the project update attached. Ref637
ham,Reminder: team meeting at 3 PM today. Ref375
spam,Limited time offer! Get free rewards today. Ref4058
spam,You have been selected for an exclusive gift card. Ref1148
ham,Let's discuss the requirements in today's call. Ref3177
spam,Limited time offer! Get free rewards today. Ref3227
ham,Let's discuss the requirements in today's call. Ref2964
spam,Limited time offer! Get free rewards today. Ref25
spam,Limited time offer! Get free rewards today. Ref1541
ham,"Hi, can we schedule a meeting for tomorrow? Ref2695"
ham,Reminder: team meeting at 3 PM today. Ref943
spam,Urgent: Verify your account and win a bonus. Ref2034
spam,Urgent: Verify your account and win a bonus. Ref4383
ham,"Hi, can we schedule a meeting for tomorrow? Ref628"
ham,Please find the project update attached. Ref3805
ham,"Hi, can we schedule a meeting for tomorrow? Ref154"
spam,Limited time offer! Get free rewards today. Ref2289
ham,Please find the project update attached. Ref564
ham,Please find the project update attached. Ref2702
spam,Congratulations! You have won a cash prize. Claim now. Ref353
ham,Let's discuss the requirements in today's call. Ref1671
ham,Let's discuss the requirements in today's call. Ref4749
spam,Earn money fast from home. Click here now. Ref2938
spam,Limited time offer! Get free rewards today. Ref4829
ham,Thank you for your email. I will review it. Ref2555
spam,Limited time offer! Get free rewards today. Ref2233
ham,Please find the project update attached. Ref4682
ham,Please find the project update attached. Ref4921
ham,"Hi, can we schedule a meeting for tomorrow? Ref2855"
ham,"Hi, can we schedule a meeting for tomorrow? Ref70"
spam,Earn money fast from home. Click here now. Ref4690
spam,Limited time offer! Get free rewards today. Ref4785
spam,Limited time offer! Get free rewards today. Ref1119
spam,You have been selected for an exclusive gift card. Ref4050
ham,Thank you for your email. I will review it. Ref2431
spam,Urgent: Verify your account and win a bonus. Ref1166
spam,Earn money fast from home. Click here now. Ref4173
spam,Congratulations! You have won a cash prize. Claim now. Ref3958
spam,Congratulations! You have won a cash prize. Claim now. Ref1631
spam,Earn money fast from home. Click here now. Ref1608
ham,Let's discuss the requirements in today's call. Ref1322
ham,"Hi, can we schedule a meeting for tomorrow? Ref3530"
spam,Earn money fast from home. Click here now. Ref4502
spam,You have been selected for an exclusive gift card. Ref1066
ham,Thank you for your email. I will review it. Ref1429
ham,"Hi, can we schedule a meeting for tomorrow? Ref523"
ham,Reminder: team meeting at 3 PM today. Ref4262
ham,"Hi, can we schedule a meeting for tomorrow? Ref1658"
ham,Thank you for your email. I will review it. Ref2570
ham,Reminder: team meeting at 3 PM today. Ref932
spam,Urgent: Verify your account and win a bonus. Ref3549
spam,Urgent: Verify your account and win a bonus. Ref1082
ham,Reminder: team meeting at 3 PM today. Ref1215
spam,You have been selected for an exclusive gift card. Ref2303
ham,Reminder: team meeting at 3 PM today. Ref2367
ham,Let's discuss the requirements in today's call. Ref4094
ham,Please find the project update attached. Ref3456
spam,Congratulations! You have won a cash prize. Claim now. Ref53
ham,Let's discuss the requirements in today's call. Ref1886
spam,Limited time offer! Get free rewards today. Ref2689
ham,Please find the project update attached. Ref2807
ham,Reminder: team meeting at 3 PM today. Ref2295
spam,Urgent: Verify your account and win a bonus. Ref4395
ham,Reminder: team meeting at 3 PM today. Ref3887
ham,"Hi, can we schedule a meeting for tomorrow? Ref1821"
spam,Limited time offer! Get free rewards today. Ref1880
spam,Urgent: Verify your account and win a bonus. Ref1496
spam,Earn money fast from home. Click here now. Ref4798
spam,Earn money fast from home. Click here now. Ref3786
spam,Earn money fast from home. Click here now. Ref3035
spam,You have been selected for an exclusive gift card. Ref116
spam,You have been selected for an exclusive gift card. Ref4356
spam,Limited time offer! Get free rewards today. Ref3986
ham,"Hi, can we schedule a meeting for tomorrow? Ref317"
spam,You have been selected for an exclusive gift card. Ref3693
spam,You have been selected for an exclusive gift card. Ref256
spam,Congratulations! You have won a cash prize. Claim now. Ref4182
ham,Please find the project update attached. Ref835
spam,Earn money fast from home. Click here now. Ref4730
ham,Let's discuss the requirements in today's call. Ref1841
spam,You have been selected for an exclusive gift card. Ref2912
spam,Urgent: Verify your account and win a bonus. Ref2459
spam,Limited time offer! Get free rewards today. Ref4906
spam,Urgent: Verify your account and win a bonus. Ref4756
ham,Let's discuss the requirements in today's call. Ref435
spam,Earn money fast from home. Click here now. Ref2129
ham,Let's discuss the requirements in today's call. Ref640
ham,"Hi, can we schedule a meeting for tomorrow? Ref2286"
ham,Let's discuss the requirements in today's call. Ref1124
ham,Let's discuss the requirements in today's call. Ref4000
spam,Limited time offer! Get free rewards today. Ref4603
spam,Congratulations! You have won a cash prize. Claim now. Ref1064
spam,Congratulations! You have won a cash prize. Claim now. Ref243
spam,Urgent: Verify your account and win a bonus. Ref2637
ham,Let's discuss the requirements in today's call. Ref1684
spam,Earn money fast from home. Click here now. Ref1965
spam,Congratulations! You have won a cash prize. Claim now. Ref887
spam,Congratulations! You have won a cash prize. Claim now. Ref2235
ham,"Hi, can we schedule a meeting for tomorrow? Ref4465"
ham,Let's discuss the requirements in today's call. Ref4782
ham,"Hi, can we schedule a meeting for tomorrow? Ref1211"
spam,Limited time offer! Get free rewards today. Ref1857
ham,Thank you for your email. I will review it. Ref1126
ham,Thank you for your email. I will review it. Ref4427
ham,Let's discuss the requirements in today's call. Ref1070
spam,You have been selected for an exclusive gift card. Ref1889
spam,Earn money fast from home. Click here now. Ref1728
ham,"Hi, can we schedule a meeting for tomorrow? Ref2923"
spam,Congratulations! You have won a cash prize. Claim now. Ref276
ham,Thank you for your email. I will review it. Ref3968
ham,Reminder: team meeting at 3 PM today. Ref1611
spam,Congratulations! You have won a cash prize. Claim now. Ref287
spam,Earn money fast from home. Click here now. Ref590
spam,You have been selected for an exclusive gift card. Ref2654
spam,Urgent: Verify your account and win a bonus. Ref2001
spam,Urgent: Verify your account and win a bonus. Ref457
ham,"Hi, can we schedule a meeting for tomorrow? Ref3236"
spam,You have been selected for an exclusive gift card. Ref3154
ham,Thank you for your email. I will review it. Ref791
spam,Limited time offer! Get free rewards today. Ref470
ham,Thank you for your email. I will review it. Ref4960
spam,Limited time offer! Get free rewards today. Ref4670
ham,Reminder: team meeting at 3 PM today. Ref3602
ham,Please find the project update attached. Ref2629
spam,Limited time offer! Get free rewards today. Ref2404
spam,Congratulations! You have won a cash prize. Claim now. Ref175
ham,"Hi, can we schedule a meeting for tomorrow? Ref917"
spam,Limited time offer! Get free rewards today. Ref2513
ham,Thank you for your email. I will review it. Ref279
spam,Congratulations! You have won a cash prize. Claim now. Ref1680
spam,Earn money fast from home. Click here now. Ref177
spam,Earn money fast from home. Click here now. Ref4272
ham,Please find the project update attached. Ref1852
spam,Urgent: Verify your account and win a bonus. Ref1627
ham,Thank you for your email. I will review it. Ref4411
spam,Congratulations! You have won a cash prize. Claim now. Ref3838
spam,Limited time offer! Get free rewards today. Ref3800
spam,Earn money fast from home. Click here now. Ref3358
ham,Reminder: team meeting at 3 PM today. Ref790
ham,Reminder: team meeting at 3 PM today. Ref1385
ham,Please find the project update attached. Ref2777
spam,You have been selected for an exclusive gift card. Ref2811
ham,Please find the project update attached. Ref4393
spam,Limited time offer! Get free rewards today. Ref4482
ham,Please find the project update attached. Ref1558
ham,"Hi, can we schedule a meeting for tomorrow? Ref46"
spam,Limited time offer! Get free rewards today. Ref1200
ham,Let's discuss the requirements in today's call. Ref4259
spam,Urgent: Verify your account and win a bonus. Ref1943
ham,"Hi, can we schedule a meeting for tomorrow? Ref2937"
ham,Please find the project update attached. Ref1144
spam,Limited time offer! Get free rewards today. Ref511
ham,"Hi, can we schedule a meeting for tomorrow? Ref3281"
spam,Earn money fast from home. Click here now. Ref740
ham,"Hi, can we schedule a meeting for tomorrow? Ref3914"
ham,Thank you for your email. I will review it. Ref1720
spam,Congratulations! You have won a cash prize. Claim now. Ref4438
spam,Limited time offer! Get free rewards today. Ref564
ham,"Hi, can we schedule a meeting for tomorrow? Ref1630"
spam,Limited time offer! Get free rewards today. Ref4153
spam,Earn money fast from home. Click here now. Ref919
ham,Reminder: team meeting at 3 PM today. Ref861
ham,Please find the project update attached. Ref3372
ham,Please find the project update attached. Ref2738
spam,You have been selected for an exclusive gift card. Ref3911
ham,Reminder: team meeting at 3 PM today. Ref1193
spam,Congratulations! You have won a cash prize. Claim now. Ref1723
spam,Congratulations! You have won a cash prize. Claim now. Ref1955
spam,Urgent: Verify your account and win a bonus. Ref417
ham,"Hi, can we schedule a meeting for tomorrow? Ref1613"
spam,Limited time offer! Get free rewards today. Ref4632
spam,You have been selected for an exclusive gift card. Ref4096
ham,Please find the project update attached. Ref3764
spam,You have been selected for an exclusive gift card. Ref27
spam,Congratulations! You have won a cash prize. Claim now. Ref484
spam,Urgent: Verify your account and win a bonus. Ref534
spam,Limited time offer! Get free rewards today. Ref4392
spam,Urgent: Verify your account and win a bonus. Ref1036
spam,You have been selected for an exclusive gift card. Ref4900
spam,Urgent: Verify your account and win a bonus. Ref4711
spam,You have been selected for an exclusive gift card. Ref1099
ham,Please find the project update attached. Ref4728
ham,Let's discuss the requirements in today's call. Ref3693
spam,Congratulations! You have won a cash prize. Claim now. Ref3644
ham,"Hi, can we schedule a meeting for tomorrow? Ref4077"
ham,Reminder: team meeting at 3 PM today. Ref833
ham,Thank you for your email. I will review it. Ref2156
ham,Thank you for your email. I will review it. Ref4361
ham,Let's discuss the requirements in today's call. Ref4550
spam,Urgent: Verify your account and win a bonus. Ref3165
spam,Congratulations! You have won a cash prize. Claim now. Ref3300
ham,"Hi, can we schedule a meeting for tomorrow? Ref432"
ham,Please find the project update attached. Ref3901
spam,Congratulations! You have won a cash prize. Claim now. Ref3123
ham,Reminder: team meeting at 3 PM today. Ref3073
spam,Earn money fast from home. Click here now. Ref2143
spam,You have been selected for an exclusive gift card. Ref2486
ham,Let's discuss the requirements in today's call. Ref660
spam,Urgent: Verify your account and win a bonus. Ref1270
spam,Earn money fast from home. Click here now. Ref1094
ham,Let's discuss the requirements in today's call. Ref3211
spam,Congratulations! You have won a cash prize. Claim now. Ref299
ham,"Hi, can we schedule a meeting for tomorrow? Ref1235"
ham,Thank you for your email. I will review it. Ref2041
ham,Let's discuss the requirements in today's call. Ref4383
ham,Please find the project update attached. Ref3413
spam,You have been selected for an exclusive gift card. Ref3304
spam,Congratulations! You have won a cash prize. Claim now. Ref894
ham,Reminder: team meeting at 3 PM today. Ref419
ham,"Hi, can we schedule a meeting for tomorrow? Ref954"
ham,Let's discuss the requirements in today's call. Ref4447
spam,Urgent: Verify your account and win a bonus. Ref4228
spam,Earn money fast from home. Click here now. Ref4596
ham,"Hi, can we schedule a meeting for tomorrow? Ref4416"
ham,Thank you for your email. I will review it. Ref3988
spam,You have been selected for an exclusive gift card. Ref1872
spam,Urgent: Verify your account and win a bonus. Ref4190
spam,You have been selected for an exclusive gift card. Ref1338
ham,"Hi, can we schedule a meeting for tomorrow? Ref4122"
spam,Limited time offer! Get free rewards today. Ref1776
ham,Thank you for your email. I will review it. Ref1865
ham,"Hi, can we schedule a meeting for tomorrow? Ref4193"
ham,Let's discuss the requirements in today's call. Ref2975
ham,Reminder: team meeting at 3 PM today. Ref4207
spam,Earn money fast from home. Click here now. Ref2844
ham,Please find the project update attached. Ref4975
ham,Thank you for your email. I will review it. Ref3379
ham,Let's discuss the requirements in today's call. Ref3485
spam,Congratulations! You have won a cash prize. Claim now. Ref3214
spam,Limited time offer! Get free rewards today. Ref2363
ham,Please find the project update attached. Ref14
spam,Congratulations! You have won a cash prize. Claim now. Ref1382
ham,Thank you for your email. I will review it. Ref4209
ham,Thank you for your email. I will review it. Ref862
ham,Thank you for your email. I will review it. Ref2833
spam,You have been selected for an exclusive gift card. Ref3315
ham,"Hi, can we schedule a meeting for tomorrow? Ref4157"
spam,Congratulations! You have won a cash prize. Claim now. Ref4015
spam,Earn money fast from home. Click here now. Ref3316
spam,Congratulations! You have won a cash prize. Claim now. Ref539
ham,Thank you for your email. I will review it. Ref4912
spam,Earn money fast from home. Click here now. Ref1288
spam,Urgent: Verify your account and win a bonus. Ref3659
spam,Earn money fast from home. Click here now. Ref2466
ham,Thank you for your email. I will review it. Ref3121
ham,Reminder: team meeting at 3 PM today. Ref2870
ham,Thank you for your email. I will review it. Ref2466
spam,Urgent: Verify your account and win a bonus. Ref426
spam,Limited time offer! Get free rewards today. Ref3314
ham,Reminder: team meeting at 3 PM today. Ref2535
spam,Limited time offer! Get free rewards today. Ref812
ham,Thank you for your email. I will review it. Ref2859
spam,Urgent: Verify your account and win a bonus. Ref4306
spam,Limited time offer! Get free rewards today. Ref414
ham,Please find the project update attached. Ref3961
spam,Congratulations! You have won a cash prize. Claim now. Ref3075
spam,Limited time offer! Get free rewards today. Ref195
spam,Earn money fast from home. Click here now. Ref4876
ham,Reminder: team meeting at 3 PM today. Ref2579
spam,Urgent: Verify your account and win a bonus. Ref409
ham,Reminder: team meeting at 3 PM today. Ref206
spam,You have been selected for an exclusive gift card. Ref2875
spam,Limited time offer! Get free rewards today. Ref2145
spam,You have been selected for an exclusive gift card. Ref2052
ham,Reminder: team meeting at 3 PM today. Ref3691
spam,Earn money fast from home. Click here now. Ref4354
spam,Congratulations! You have won a cash prize. Claim now. Ref4398
spam,Urgent: Verify your account and win a bonus. Ref2913
spam,Earn money fast from home. Click here now. Ref3014
ham,Thank you for your email. I will review it. Ref2878
spam,Earn money fast from home. Click here now. Ref2895
ham,Reminder: team meeting at 3 PM today. Ref446
ham,Reminder: team meeting at 3 PM today. Ref372
spam,Congratulations! You have won a cash prize. Claim now. Ref3553
ham,"Hi, can we schedule a meeting for tomorrow? Ref1964"
ham,Reminder: team meeting at 3 PM today. Ref294
spam,Congratulations! You have won a cash prize. Claim now. Ref3640
spam,Earn money fast from home. Click here now. Ref449
ham,Let's discuss the requirements in today's call. Ref3763
ham,Let's discuss the requirements in today's call. Ref298
spam,Congratulations! You have won a cash prize. Claim now. Ref3701
ham,"Hi, can we schedule a meeting for tomorrow? Ref3463"
ham,Reminder: team meeting at 3 PM today. Ref4084
spam,Urgent: Verify your account and win a bonus. Ref4944
ham,Let's discuss the requirements in today's call. Ref4471
spam,Earn money fast from home. Click here now. Ref2380
spam,Congratulations! You have won a cash prize. Claim now. Ref2982
spam,You have been selected for an exclusive gift card. Ref4974
ham,"Hi, can we schedule a meeting for tomorrow? Ref3431"
spam,Earn money fast from home. Click here now. Ref2474
ham,Reminder: team meeting at 3 PM today. Ref4004
ham,Thank you for your email. I will review it. Ref3241
spam,You have been selected for an exclusive gift card. Ref3188
spam,Congratulations! You have won a cash prize. Claim now. Ref2787
ham,Reminder: team meeting at 3 PM today. Ref3459
spam,Limited time offer! Get free rewards today. Ref3645
ham,Let's discuss the requirements in today's call. Ref313
spam,Earn money fast from home. Click here now. Ref2855
ham,Let's discuss the requirements in today's call. Ref4658
spam,Earn money fast from home. Click here now. Ref2550
ham,Let's discuss the requirements in today's call. Ref2108
spam,You have been selected for an exclusive gift card. Ref1046
ham,"Hi, can we schedule a meeting for tomorrow? Ref1097"
spam,Earn money fast from home. Click here now. Ref3944
ham,Let's discuss the requirements in today's call. Ref614
ham,"Hi, can we schedule a meeting for tomorrow? Ref224"
spam,Limited time offer! Get free rewards today. Ref3675
spam,Earn money fast from home. Click here now. Ref1929
spam,Congratulations! You have won a cash prize. Claim now. Ref3480
ham,"Hi, can we schedule a meeting for tomorrow? Ref2110"
spam,Congratulations! You have won a cash prize. Claim now. Ref42
ham,"Hi, can we schedule a meeting for tomorrow? Ref1132"
spam,Earn money fast from home. Click here now. Ref3337
ham,Thank you for your email. I will review it. Ref683
spam,Urgent: Verify your account and win a bonus. Ref3501
spam,Congratulations! You have won a cash prize. Claim now. Ref347
spam,Limited time offer! Get free rewards today. Ref1363
ham,Please find the project update attached. Ref726
spam,You have been selected for an exclusive gift card. Ref2464
ham,Please find the project update attached. Ref2234
spam,You have been selected for an exclusive gift card. Ref4782
ham,Reminder: team meeting at 3 PM today. Ref4245
ham,Let's discuss the requirements in today's call. Ref2147
spam,You have been selected for an exclusive gift card. Ref4530
ham,Let's discuss the requirements in today's call. Ref995
spam,Congratulations! You have won a cash prize. Claim now. Ref1381
ham,"Hi, can we schedule a meeting for tomorrow? Ref2647"
ham,Please find the project update attached. Ref3588
spam,Earn money fast from home. Click here now. Ref2684
spam,You have been selected for an exclusive gift card. Ref4656
spam,Urgent: Verify your account and win a bonus. Ref1348
spam,Congratulations! You have won a cash prize. Claim now. Ref3249
ham,Let's discuss the requirements in today's call. Ref1353
spam,Limited time offer! Get free rewards today. Ref1665
ham,"Hi, can we schedule a meeting for tomorrow? Ref704"
ham,Thank you for your email. I will review it. Ref3696
spam,Urgent: Verify your account and win a bonus. Ref1132
ham,Let's discuss the requirements in today's call. Ref2587
spam,Urgent: Verify your account and win a bonus. Ref2525
spam,Earn money fast from home. Click here now. Ref2076
ham,Reminder: team meeting at 3 PM today. Ref3549
spam,You have been selected for an exclusive gift card. Ref2953
ham,Reminder: team meeting at 3 PM today. Ref3665
ham,Please find the project update attached. Ref645
spam,Congratulations! You have won a cash prize. Claim now. Ref2723
spam,Earn money fast from home. Click here now. Ref3607
ham,Reminder: team meeting at 3 PM today. Ref3581
spam,Congratulations! You have won a cash prize. Claim now. Ref3396
spam,Limited time offer! Get free rewards today. Ref1115
ham,"Hi, can we schedule a meeting for tomorrow? Ref338"
spam,Urgent: Verify your account and win a bonus. Ref4639
ham,Reminder: team meeting at 3 PM today. Ref3468
spam,Urgent: Verify your account and win a bonus. Ref4243
ham,Let's discuss the requirements in today's call. Ref2948
spam,You have been selected for an exclusive gift card. Ref779
ham,Let's discuss the requirements in today's call. Ref4281
ham,Please find the project update attached. Ref3332
spam,You have been selected for an exclusive gift card. Ref4616
spam,Urgent: Verify your account and win a bonus. Ref2410
spam,Congratulations! You have won a cash prize. Claim now. Ref4302
spam,You have been selected for an exclusive gift card. Ref1802
spam,Earn money fast from home. Click here now. Ref1057
spam,You have been selected for an exclusive gift card. Ref1403
ham,Thank you for your email. I will review it. Ref1121
ham,Thank you for your email. I will review it. Ref1648
spam,Congratulations! You have won a cash prize. Claim now. Ref2775
ham,Please find the project update attached. Ref371
ham,"Hi, can we schedule a meeting for tomorrow? Ref1875"
spam,You have been selected for an exclusive gift card. Ref2117
ham,Let's discuss the requirements in today's call. Ref3209
spam,You have been selected for an exclusive gift card. Ref26
spam,Urgent: Verify your account and win a bonus. Ref4828
spam,Urgent: Verify your account and win a bonus. Ref3468
ham,Let's discuss the requirements in today's call. Ref1404
spam,Urgent: Verify your account and win a bonus. Ref2340
ham,"Hi, can we schedule a meeting for tomorrow? Ref2477"
ham,Let's discuss the requirements in today's call. Ref2780
spam,Earn money fast from home. Click here now. Ref4415
spam,Urgent: Verify your account and win a bonus. Ref1654
ham,Let's discuss the requirements in today's call. Ref4683
ham,Let's discuss the requirements in today's call. Ref277
ham,"Hi, can we schedule a meeting for tomorrow? Ref3854"
ham,Reminder: team meeting at 3 PM today. Ref3803
spam,Urgent: Verify your account and win a bonus. Ref43
spam,Congratulations! You have won a cash prize. Claim now. Ref2044
ham,"Hi, can we schedule a meeting for tomorrow? Ref1363"
ham,Please find the project update attached. Ref3842
ham,Reminder: team meeting at 3 PM today. Ref1360
spam,You have been selected for an exclusive gift card. Ref1978
ham,Reminder: team meeting at 3 PM today. Ref3151
ham,Let's discuss the requirements in today's call. Ref4584
ham,Let's discuss the requirements in today's call. Ref1560
ham,Thank you for your email. I will review it. Ref36
spam,Urgent: Verify your account and win a bonus. Ref4180
ham,Let's discuss the requirements in today's call. Ref3049
ham,Reminder: team meeting at 3 PM today. Ref1819
spam,Earn money fast from home. Click here now. Ref3966
ham,Please find the project update attached. Ref4162
spam,You have been selected for an exclusive gift card. Ref4527
ham,Let's discuss the requirements in today's call. Ref3959
ham,Thank you for your email. I will review it. Ref3371
spam,You have been selected for an exclusive gift card. Ref1210
ham,Let's discuss the requirements in today's call. Ref3563
ham,"Hi, can we schedule a meeting for tomorrow? Ref1105"
ham,"Hi, can we schedule a meeting for tomorrow? Ref2996"
ham,Let's discuss the requirements in today's call. Ref1098
ham,Let's discuss the requirements in today's call. Ref1967
ham,Let's discuss the requirements in today's call. Ref2958
ham,Please find the project update attached. Ref347
ham,"Hi, can we schedule a meeting for tomorrow? Ref1933"
spam,Congratulations! You have won a cash prize. Claim now. Ref4779
ham,Thank you for your email. I will review it. Ref3648
ham,Reminder: team meeting at 3 PM today. Ref4625
ham,Reminder: team meeting at 3 PM today. Ref1325
spam,You have been selected for an exclusive gift card. Ref1146
spam,Urgent: Verify your account and win a bonus. Ref2419
spam,Congratulations! You have won a cash prize. Claim now. Ref3238
ham,"Hi, can we schedule a meeting for tomorrow? Ref3003"
ham,Let's discuss the requirements in today's call. Ref1063
spam,Congratulations! You have won a cash prize. Claim now. Ref4080
ham,Please find the project update attached. Ref2037
ham,"Hi, can we schedule a meeting for tomorrow? Ref4132"
spam,Limited time offer! Get free rewards today. Ref1032
ham,Reminder: team meeting at 3 PM today. Ref4202
spam,Limited time offer! Get free rewards today. Ref2338
spam,Earn money fast from home. Click here now. Ref1619
ham,Thank you for your email. I will review it. Ref3827
ham,Please find the project update attached. Ref1466
ham,"Hi, can we schedule a meeting for tomorrow? Ref2152"
ham,Thank you for your email. I will review it. Ref4089
ham,"Hi, can we schedule a meeting for tomorrow? Ref997"
ham,Please find the project update attached. Ref1255
spam,Urgent: Verify your account and win a bonus. Ref1931
spam,Urgent: Verify your account and win a bonus. Ref3526
spam,Urgent: Verify your account and win a bonus. Ref2128
ham,Let's discuss the requirements in today's call. Ref1712
spam,Congratulations! You have won a cash prize. Claim now. Ref4458
spam,Congratulations! You have won a cash prize. Claim now. Ref3513
ham,Thank you for your email. I will review it. Ref1797
spam,Urgent: Verify your account and win a bonus. Ref2785
spam,You have been selected for an exclusive gift card. Ref2803
ham,Thank you for your email. I will review it. Ref164
ham,Thank you for your email. I will review it. Ref4420
spam,Urgent: Verify your account and win a bonus. Ref2094
spam,Urgent: Verify your account and win a bonus. Ref3500
ham,Let's discuss the requirements in today's call. Ref4419
spam,Congratulations! You have won a cash prize. Claim now. Ref2165
ham,Let's discuss the requirements in today's call. Ref4526
spam,Limited time offer! Get free rewards today. Ref2022
spam,Urgent: Verify your account and win a bonus. Ref4196
ham,"Hi, can we schedule a meeting for tomorrow? Ref3043"
spam,Limited time offer! Get free rewards today. Ref2298
spam,Urgent: Verify your account and win a bonus. Ref2828
spam,Congratulations! You have won a cash prize. Claim now. Ref4281
spam,You have been selected for an exclusive gift card. Ref2417
spam,Congratulations! You have won a cash prize. Claim now. Ref2319
spam,Limited time offer! Get free rewards today. Ref4575
spam,Congratulations! You have won a cash prize. Claim now. Ref1917
spam,Urgent: Verify your account and win a bonus. Ref1980
spam,You have been selected for an exclusive gift card. Ref1337
spam,Urgent: Verify your account and win a bonus. Ref2478
spam,You have been selected for an exclusive gift card. Ref874
spam,Congratulations! You have won a cash prize. Claim now. Ref4930
ham,Please find the project update attached. Ref2486
spam,Urgent: Verify your account and win a bonus. Ref4319
spam,You have been selected for an exclusive gift card. Ref1314
ham,"Hi, can we schedule a meeting for tomorrow? Ref617"
ham,Reminder: team meeting at 3 PM today. Ref2798
spam,You have been selected for an exclusive gift card. Ref4305
spam,Earn money fast from home. Click here now. Ref4833
ham,Reminder: team meeting at 3 PM today. Ref2069
ham,Reminder: team meeting at 3 PM today. Ref3094
spam,You have been selected for an exclusive gift card. Ref3478
ham,Thank you for your email. I will review it. Ref3370
ham,Reminder: team meeting at 3 PM today. Ref4175
spam,Congratulations! You have won a cash prize. Claim now. Ref1623
spam,Earn money fast from home. Click here now. Ref4825
ham,Please find the project update attached. Ref3081
ham,Reminder: team meeting at 3 PM today. Ref1443
spam,Congratulations! You have won a cash prize. Claim now. Ref1171
ham,Reminder: team meeting at 3 PM today. Ref3270
ham,"Hi, can we schedule a meeting for tomorrow? Ref4323"
spam,Limited time offer! Get free rewards today. Ref3915
ham,Reminder: team meeting at 3 PM today. Ref4803
spam,Urgent: Verify your account and win a bonus. Ref3426
spam,You have been selected for an exclusive gift card. Ref1218
spam,Urgent: Verify your account and win a bonus. Ref2241
spam,You have been selected for an exclusive gift card. Ref2174
spam,Limited time offer! Get free rewards today. Ref1727
spam,Limited time offer! Get free rewards today. Ref94
spam,Congratulations! You have won a cash prize. Claim now. Ref4006
spam,Urgent: Verify your account and win a bonus. Ref3388
spam,Earn money fast from home. Click here now. Ref2492
ham,Let's discuss the requirements in today's call. Ref4295
ham,Thank you for your email. I will review it. Ref2858
ham,Reminder: team meeting at 3 PM today. Ref960
spam,Earn money fast from home. Click here now. Ref1184
spam,Congratulations! You have won a cash prize. Claim now. Ref1953
spam,Limited time offer! Get free rewards today. Ref2711
ham,Thank you for your email. I will review it. Ref3688
ham,Please find the project update attached. Ref1945
ham,Thank you for your email. I will review it. Ref2361
spam,Urgent: Verify your account and win a bonus. Ref1367
spam,Congratulations! You have won a cash prize. Claim now. Ref2469
ham,Let's discuss the requirements in today's call. Ref4341
ham,Let's discuss the requirements in today's call. Ref4093
spam,Limited time offer! Get free rewards today. Ref2960
ham,Please find the project update attached. Ref362
spam,Limited time offer! Get free rewards today. Ref578
ham,Thank you for your email. I will review it. Ref1400
ham,Thank you for your email. I will review it. Ref1109
ham,Let's discuss the requirements in today's call. Ref190
ham,Thank you for your email. I will review it. Ref4722
spam,Limited time offer! Get free rewards today. Ref2041
spam,Urgent: Verify your account and win a bonus. Ref3623
ham,Let's discuss the requirements in today's call. Ref4795
spam,Limited time offer! Get free rewards today. Ref2883
ham,Thank you for your email. I will review it. Ref4254
ham,Thank you for your email. I will review it. Ref2889
spam,Urgent: Verify your account and win a bonus. Ref2576
ham,Please find the project update attached. Ref4512
ham,"Hi, can we schedule a meeting for tomorrow? Ref4010"
spam,Earn money fast from home. Click here now. Ref84
ham,Please find the project update attached. Ref794
spam,You have been selected for an exclusive gift card. Ref4376
ham,Reminder: team meeting at 3 PM today. Ref2658
ham,"Hi, can we schedule a meeting for tomorrow? Ref3500"
ham,Reminder: team meeting at 3 PM today. Ref1679
ham,Let's discuss the requirements in today's call. Ref2178
spam,You have been selected for an exclusive gift card. Ref2232
ham,Thank you for your email. I will review it. Ref953
spam,Limited time offer! Get free rewards today. Ref3779
spam,You have been selected for an exclusive gift card. Ref4516
spam,You have been selected for an exclusive gift card. Ref1445
ham,"Hi, can we schedule a meeting for tomorrow? Ref4704"
spam,Urgent: Verify your account and win a bonus. Ref2940
spam,You have been selected for an exclusive gift card. Ref3221
spam,Urgent: Verify your account and win a bonus. Ref2192
spam,Limited time offer! Get free rewards today. Ref3276
ham,Thank you for your email. I will review it. Ref1830
ham,Thank you for your email. I will review it. Ref2786
ham,"Hi, can we schedule a meeting for tomorrow? Ref308"
ham,Reminder: team meeting at 3 PM today. Ref878
spam,Earn money fast from home. Click here now. Ref20
ham,"Hi, can we schedule a meeting for tomorrow? Ref4597"
spam,Limited time offer! Get free rewards today. Ref4344
ham,Please find the project update attached. Ref355
spam,You have been selected for an exclusive gift card. Ref1365
spam,You have been selected for an exclusive gift card. Ref2905
ham,"Hi, can we schedule a meeting for tomorrow? Ref2029"
ham,Let's discuss the requirements in today's call. Ref3726
spam,Congratulations! You have won a cash prize. Claim now. Ref4016
ham,Reminder: team meeting at 3 PM today. Ref3744
ham,"Hi, can we schedule a meeting for tomorrow? Ref1152"
ham,Thank you for your email. I will review it. Ref2891
ham,Reminder: team meeting at 3 PM today. Ref4545
spam,Limited time offer! Get free rewards today. Ref4644
ham,Reminder: team meeting at 3 PM today. Ref4078
spam,Earn money fast from home. Click here now. Ref31
spam,Congratulations! You have won a cash prize. Claim now. Ref1287
ham,Please find the project update attached. Ref2223
spam,Earn money fast from home. Click here now. Ref412
spam,Congratulations! You have won a cash prize. Claim now. Ref2663
spam,You have been selected for an exclusive gift card. Ref182
ham,Let's discuss the requirements in today's call. Ref2281
ham,Reminder: team meeting at 3 PM today. Ref3471
spam,Limited time offer! Get free rewards today. Ref52
ham,Please find the project update attached. Ref212
spam,Earn money fast from home. Click here now. Ref1703
spam,Earn money fast from home. Click here now. Ref543
spam,You have been selected for an exclusive gift card. Ref1893
spam,Congratulations! You have won a cash prize. Claim now. Ref197
spam,Congratulations! You have won a cash prize. Claim now. Ref2748
spam,Earn money fast from home. Click here now. Ref765
spam,Earn money fast from home. Click here now. Ref4189
spam,You have been selected for an exclusive gift card. Ref1787
spam,Earn money fast from home. Click here now. Ref1434
ham,Please find the project update attached. Ref1347
spam,Earn money fast from home. Click here now. Ref807
spam,Limited time offer! Get free rewards today. Ref2222
ham,"Hi, can we schedule a meeting for tomorrow? Ref1568"
ham,"Hi, can we schedule a meeting for tomorrow? Ref3554"
ham,Let's discuss the requirements in today's call. Ref487
ham,Reminder: team meeting at 3 PM today. Ref1031
spam,Limited time offer! Get free rewards today. Ref2906
ham,Reminder: team meeting at 3 PM today. Ref1848
ham,Please find the project update attached. Ref3231
spam,You have been selected for an exclusive gift card. Ref4359
spam,Congratulations! You have won a cash prize. Claim now. Ref3465
ham,Thank you for your email. I will review it. Ref1039
spam,Earn money fast from home. Click here now. Ref123
ham,Thank you for your email. I will review it. Ref4654
ham,Reminder: team meeting at 3 PM today. Ref4889
spam,Congratulations! You have won a cash prize. Claim now. Ref2702
spam,Urgent: Verify your account and win a bonus. Ref736
spam,Urgent: Verify your account and win a bonus. Ref4391
spam,You have been selected for an exclusive gift card. Ref2721
spam,Limited time offer! Get free rewards today. Ref1737
ham,Thank you for your email. I will review it. Ref2592
spam,Limited time offer! Get free rewards today. Ref524
spam,Congratulations! You have won a cash prize. Claim now. Ref877
ham,Thank you for your email. I will review it. Ref1197
ham,Reminder: team meeting at 3 PM today. Ref2420
ham,Let's discuss the requirements in today's call. Ref1782
spam,Congratulations! You have won a cash prize. Claim now. Ref270
spam,Urgent: Verify your account and win a bonus. Ref810
spam,Limited time offer! Get free rewards today. Ref3529
ham,Let's discuss the requirements in today's call. Ref4498
ham,Let's discuss the requirements in today's call. Ref1300
ham,"Hi, can we schedule a meeting for tomorrow? Ref1834"
ham,"Hi, can we schedule a meeting for tomorrow? Ref3511"
ham,"Hi, can we schedule a meeting for tomorrow? Ref1243"
ham,Let's discuss the requirements in today's call. Ref3026
spam,You have been selected for an exclusive gift card. Ref4948
ham,Reminder: team meeting at 3 PM today. Ref4269
spam,Congratulations! You have won a cash prize. Claim now. Ref1993
ham,Reminder: team meeting at 3 PM today. Ref2123
spam,Limited time offer! Get free rewards today. Ref149
ham,Thank you for your email. I will review it. Ref2149
ham,Reminder: team meeting at 3 PM today. Ref503
ham,"Hi, can we schedule a meeting for tomorrow? Ref1825"
spam,Congratulations! You have won a cash prize. Claim now. Ref2187
spam,Urgent: Verify your account and win a bonus. Ref3178
ham,"Hi, can we schedule a meeting for tomorrow? Ref1480"
ham,"Hi, can we schedule a meeting for tomorrow? Ref1284"
ham,"Hi, can we schedule a meeting for tomorrow? Ref58"
spam,Limited time offer! Get free rewards today. Ref1187
ham,Reminder: team meeting at 3 PM today. Ref3197
ham,Reminder: team meeting at 3 PM today. Ref1986
ham,Thank you for your email. I will review it. Ref2724
ham,"Hi, can we schedule a meeting for tomorrow? Ref2221"
ham,Please find the project update attached. Ref1785
spam,You have been selected for an exclusive gift card. Ref1222
ham,Thank you for your email. I will review it. Ref2249
ham,Reminder: team meeting at 3 PM today. Ref4024
ham,Thank you for your email. I will review it. Ref3071
ham,Thank you for your email. I will review it. Ref2168
spam,Urgent: Verify your account and win a bonus. Ref3776
ham,Let's discuss the requirements in today's call. Ref17
spam,You have been selected for an exclusive gift card. Ref2089
ham,Let's discuss the requirements in today's call. Ref2402
spam,Earn money fast from home. Click here now. Ref2762
ham,Reminder: team meeting at 3 PM today. Ref4915
spam,Congratulations! You have won a cash prize. Claim now. Ref2200
ham,Reminder: team meeting at 3 PM today. Ref623
ham,Thank you for your email. I will review it. Ref1409
ham,Thank you for your email. I will review it. Ref4914
spam,Urgent: Verify your account and win a bonus. Ref3454
spam,You have been selected for an exclusive gift card. Ref2160
ham,Let's discuss the requirements in today's call. Ref770
spam,Urgent: Verify your account and win a bonus. Ref3146
ham,"Hi, can we schedule a meeting for tomorrow? Ref4466"
spam,Urgent: Verify your account and win a bonus. Ref2437
ham,Reminder: team meeting at 3 PM today. Ref116
ham,Please find the project update attached. Ref4546
spam,Earn money fast from home. Click here now. Ref1560
ham,Please find the project update attached. Ref3548
ham,"Hi, can we schedule a meeting for tomorrow? Ref2895"
spam,Urgent: Verify your account and win a bonus. Ref2351
spam,Urgent: Verify your account and win a bonus. Ref4227
spam,Congratulations! You have won a cash prize. Claim now. Ref4816
spam,Limited time offer! Get free rewards today. Ref3884
ham,"Hi, can we schedule a meeting for tomorrow? Ref1874"
spam,Urgent: Verify your account and win a bonus. Ref4431
ham,Please find the project update attached. Ref2898
spam,Congratulations! You have won a cash prize. Claim now. Ref4568
spam,Urgent: Verify your account and win a bonus. Ref2862
ham,Please find the project update attached. Ref4601
spam,Urgent: Verify your account and win a bonus. Ref2488
ham,Please find the project update attached. Ref844
ham,Thank you for your email. I will review it. Ref4243
spam,Limited time offer! Get free rewards today. Ref3813
spam,Congratulations! You have won a cash prize. Claim now. Ref4460
spam,Limited time offer! Get free rewards today. Ref3326
ham,Let's discuss the requirements in today's call. Ref4043
spam,Urgent: Verify your account and win a bonus. Ref2660
spam,Limited time offer! Get free rewards today. Ref2929
ham,Thank you for your email. I will review it. Ref3781
spam,Congratulations! You have won a cash prize. Claim now. Ref1958
ham,Please find the project update attached. Ref1655
ham,Let's discuss the requirements in today's call. Ref3943
spam,You have been selected for an exclusive gift card. Ref573
ham,Thank you for your email. I will review it. Ref4194
spam,Limited time offer! Get free rewards today. Ref1345
spam,Limited time offer! Get free rewards today. Ref2529
ham,Reminder: team meeting at 3 PM today. Ref3275
ham,Let's discuss the requirements in today's call. Ref4104
ham,"Hi, can we schedule a meeting for tomorrow? Ref482"
spam,You have been selected for an exclusive gift card. Ref1433
ham,Thank you for your email. I will review it. Ref4200
spam,Congratulations! You have won a cash prize. Claim now. Ref3106
ham,Reminder: team meeting at 3 PM today. Ref3921
spam,You have been selected for an exclusive gift card. Ref2280
ham,Reminder: team meeting at 3 PM today. Ref3897
spam,Earn money fast from home. Click here now. Ref159
ham,Please find the project update attached. Ref4769
spam,Congratulations! You have won a cash prize. Claim now. Ref4222
ham,Let's discuss the requirements in today's call. Ref4373
spam,Congratulations! You have won a cash prize. Claim now. Ref2183
spam,Earn money fast from home. Click here now. Ref1571
spam,Urgent: Verify your account and win a bonus. Ref3689
ham,Reminder: team meeting at 3 PM today. Ref265
ham,Let's discuss the requirements in today's call. Ref3772
spam,Urgent: Verify your account and win a bonus. Ref3018
ham,Please find the project update attached. Ref1543
ham,"Hi, can we schedule a meeting for tomorrow? Ref4198"
ham,"Hi, can we schedule a meeting for tomorrow? Ref3290"
ham,Reminder: team meeting at 3 PM today. Ref1608
spam,Congratulations! You have won a cash prize. Claim now. Ref2215
spam,Congratulations! You have won a cash prize. Claim now. Ref565
ham,Thank you for your email. I will review it. Ref4733
ham,Please find the project update attached. Ref3341
spam,You have been selected for an exclusive gift card. Ref3285
ham,Thank you for your email. I will review it. Ref4701
ham,"Hi, can we schedule a meeting for tomorrow? Ref2266"
ham,Let's discuss the requirements in today's call. Ref3039
spam,Urgent: Verify your account and win a bonus. Ref3346
spam,You have been selected for an exclusive gift card. Ref3960
spam,Limited time offer! Get free rewards today. Ref2224
ham,Please find the project update attached. Ref2880
spam,You have been selected for an exclusive gift card. Ref2483
spam,Earn money fast from home. Click here now. Ref1803
spam,Limited time offer! Get free rewards today. Ref1825
ham,Reminder: team meeting at 3 PM today. Ref4696
spam,Congratulations! You have won a cash prize. Claim now. Ref2519
ham,Reminder: team meeting at 3 PM today. Ref1184
spam,Congratulations! You have won a cash prize. Claim now. Ref958
spam,Urgent: Verify your account and win a bonus. Ref772
ham,Please find the project update attached. Ref2290
spam,Congratulations! You have won a cash prize. Claim now. Ref4811
spam,Congratulations! You have won a cash prize. Claim now. Ref1924
spam,Urgent: Verify your account and win a bonus. Ref4430
ham,"Hi, can we schedule a meeting for tomorrow? Ref1038"
spam,Limited time offer! Get free rewards today. Ref999
ham,Reminder: team meeting at 3 PM today. Ref4284
ham,"Hi, can we schedule a meeting for tomorrow? Ref1703"
spam,Urgent: Verify your account and win a bonus. Ref4463
spam,Earn money fast from home. Click here now. Ref941
ham,Please find the project update attached. Ref4146
ham,"Hi, can we schedule a meeting for tomorrow? Ref4461"
ham,Let's discuss the requirements in today's call. Ref4581
spam,Earn money fast from home. Click here now. Ref4371
ham,Reminder: team meeting at 3 PM today. Ref22
spam,Limited time offer! Get free rewards today. Ref1079
ham,Thank you for your email. I will review it. Ref1889
ham,Please find the project update attached. Ref4277
ham,Reminder: team meeting at 3 PM today. Ref1817
ham,Reminder: team meeting at 3 PM today. Ref3509
spam,Urgent: Verify your account and win a bonus. Ref724
ham,Let's discuss the requirements in today's call. Ref4543
spam,Earn money fast from home. Click here now. Ref3831
spam,You have been selected for an exclusive gift card. Ref1390
spam,You have been selected for an exclusive gift card. Ref224
spam,Urgent: Verify your account and win a bonus. Ref3546
ham,Reminder: team meeting at 3 PM today. Ref550
spam,You have been selected for an exclusive gift card. Ref3318
ham,Please find the project update attached. Ref2425
ham,Let's discuss the requirements in today's call. Ref507
spam,Congratulations! You have won a cash prize. Claim now. Ref326
spam,You have been selected for an exclusive gift card. Ref4872
spam,Congratulations! You have won a cash prize. Claim now. Ref4488
spam,Earn money fast from home. Click here now. Ref1397
ham,"Hi, can we schedule a meeting for tomorrow? Ref4552"
spam,Limited time offer! Get free rewards today. Ref1189
spam,Congratulations! You have won a cash prize. Claim now. Ref4411
spam,Congratulations! You have won a cash prize. Claim now. Ref3373
ham,Please find the project update attached. Ref581
ham,"Hi, can we schedule a meeting for tomorrow? Ref2946"
ham,Please find the project update attached. Ref2829
ham,"Hi, can we schedule a meeting for tomorrow? Ref3304"
spam,Limited time offer! Get free rewards today. Ref4861
spam,Urgent: Verify your account and win a bonus. Ref2724
ham,Thank you for your email. I will review it. Ref3791
ham,Thank you for your email. I will review it. Ref3919
ham,"Hi, can we schedule a meeting for tomorrow? Ref296"
spam,Congratulations! You have won a cash prize. Claim now. Ref768
ham,Please find the project update attached. Ref2101
spam,Limited time offer! Get free rewards today. Ref4424
spam,You have been selected for an exclusive gift card. Ref679
ham,Please find the project update attached. Ref2173
ham,"Hi, can we schedule a meeting for tomorrow? Ref1742"
ham,Let's discuss the requirements in today's call. Ref1503
ham,Thank you for your email. I will review it. Ref4893
spam,You have been selected for an exclusive gift card. Ref3494
ham,Let's discuss the requirements in today's call. Ref1045
ham,Reminder: team meeting at 3 PM today. Ref955
spam,You have been selected for an exclusive gift card. Ref4911
ham,"Hi, can we schedule a meeting for tomorrow? Ref1517"
spam,Urgent: Verify your account and win a bonus. Ref2965
ham,"Hi, can we schedule a meeting for tomorrow? Ref4869"
spam,You have been selected for an exclusive gift card. Ref4941
ham,Thank you for your email. I will review it. Ref2957
spam,Limited time offer! Get free rewards today. Ref384
spam,Congratulations! You have won a cash prize. Claim now. Ref2445
spam,Urgent: Verify your account and win a bonus. Ref2337
spam,Congratulations! You have won a cash prize. Claim now. Ref3192
ham,"Hi, can we schedule a meeting for tomorrow? Ref3486"
ham,Please find the project update attached. Ref4017
spam,Limited time offer! Get free rewards today. Ref3621
spam,Congratulations! You have won a cash prize. Claim now. Ref1542
spam,Limited time offer! Get free rewards today. Ref4885
ham,Please find the project update attached. Ref633
spam,Urgent: Verify your account and win a bonus. Ref1186
spam,Limited time offer! Get free rewards today. Ref2271
spam,Urgent: Verify your account and win a bonus. Ref1747
ham,Reminder: team meeting at 3 PM today. Ref4907
spam,Limited time offer! Get free rewards today. Ref1425
spam,Urgent: Verify your account and win a bonus. Ref325
ham,Reminder: team meeting at 3 PM today. Ref3162
spam,You have been selected for an exclusive gift card. Ref3516
ham,Reminder: team meeting at 3 PM today. Ref2215
spam,Congratulations! You have won a cash prize. Claim now. Ref4592
spam,Urgent: Verify your account and win a bonus. Ref633
ham,Reminder: team meeting at 3 PM today. Ref935
spam,You have been selected for an exclusive gift card. Ref3220
ham,"Hi, can we schedule a meeting for tomorrow? Ref1693"
spam,Urgent: Verify your account and win a bonus. Ref1722
ham,"Hi, can we schedule a meeting for tomorrow? Ref1278"
spam,You have been selected for an exclusive gift card. Ref638
spam,Limited time offer! Get free rewards today. Ref3873
spam,Earn money fast from home. Click here now. Ref4088
ham,Reminder: team meeting at 3 PM today. Ref3113
spam,You have been selected for an exclusive gift card. Ref2749
ham,Thank you for your email. I will review it. Ref727
spam,Congratulations! You have won a cash prize. Claim now. Ref798
ham,Thank you for your email. I will review it. Ref3000
spam,You have been selected for an exclusive gift card. Ref4845
ham,Reminder: team meeting at 3 PM today. Ref1061
ham,Thank you for your email. I will review it. Ref1598
spam,Urgent: Verify your account and win a bonus. Ref4888
ham,Reminder: team meeting at 3 PM today. Ref2087
ham,"Hi, can we schedule a meeting for tomorrow? Ref1232"
spam,Limited time offer! Get free rewards today. Ref3222
ham,"Hi, can we schedule a meeting for tomorrow? Ref2501"
ham,Reminder: team meeting at 3 PM today. Ref2729
spam,Earn money fast from home. Click here now. Ref4332
ham,Please find the project update attached. Ref54
spam,Congratulations! You have won a cash prize. Claim now. Ref978
ham,Reminder: team meeting at 3 PM today. Ref473
spam,Limited time offer! Get free rewards today. Ref4809
ham,Please find the project update attached. Ref2321
ham,Reminder: team meeting at 3 PM today. Ref2598
ham,Please find the project update attached. Ref2312
spam,Limited time offer! Get free rewards today. Ref1662
spam,Earn money fast from home. Click here now. Ref1830
spam,You have been selected for an exclusive gift card. Ref2028
spam,Congratulations! You have won a cash prize. Claim now. Ref2067
spam,Earn money fast from home. Click here now. Ref3207
spam,You have been selected for an exclusive gift card. Ref2362
spam,Congratulations! You have won a cash prize. Claim now. Ref2629
spam,Limited time offer! Get free rewards today. Ref3815
spam,You have been selected for an exclusive gift card. Ref3902
ham,"Hi, can we schedule a meeting for tomorrow? Ref3527"
ham,"Hi, can we schedule a meeting for tomorrow? Ref1858"
spam,You have been selected for an exclusive gift card. Ref1440
ham,Please find the project update attached. Ref4185
spam,Earn money fast from home. Click here now. Ref4218
spam,You have been selected for an exclusive gift card. Ref1758
ham,Let's discuss the requirements in today's call. Ref3414
spam,Limited time offer! Get free rewards today. Ref35
spam,You have been selected for an exclusive gift card. Ref4856
ham,Please find the project update attached. Ref2132
spam,Limited time offer! Get free rewards today. Ref2863
ham,Thank you for your email. I will review it. Ref4726
ham,"Hi, can we schedule a meeting for tomorrow? Ref4716"
ham,Let's discuss the requirements in today's call. Ref370
spam,Urgent: Verify your account and win a bonus. Ref2874
ham,Please find the project update attached. Ref2462
ham,Thank you for your email. I will review it. Ref4118
ham,Please find the project update attached. Ref1950
spam,Urgent: Verify your account and win a bonus. Ref1655
spam,Urgent: Verify your account and win a bonus. Ref216
ham,Let's discuss the requirements in today's call. Ref1100
spam,Limited time offer! Get free rewards today. Ref854
ham,Let's discuss the requirements in today's call. Ref2022
ham,Let's discuss the requirements in today's call. Ref376
spam,Limited time offer! Get free rewards today. Ref3795
spam,Congratulations! You have won a cash prize. Claim now. Ref1587
spam,Urgent: Verify your account and win a bonus. Ref1419
ham,"Hi, can we schedule a meeting for tomorrow? Ref4866"
ham,Let's discuss the requirements in today's call. Ref250
spam,Limited time offer! Get free rewards today. Ref3375
spam,Urgent: Verify your account and win a bonus. Ref3223
spam,Urgent: Verify your account and win a bonus. Ref3433
spam,Congratulations! You have won a cash prize. Claim now. Ref2186
ham,Reminder: team meeting at 3 PM today. Ref3930
spam,Limited time offer! Get free rewards today. Ref3953
ham,Thank you for your email. I will review it. Ref1578
ham,Let's discuss the requirements in today's call. Ref3217
spam,You have been selected for an exclusive gift card. Ref2988
ham,Please find the project update attached. Ref4760
spam,Limited time offer! Get free rewards today. Ref3361
ham,Please find the project update attached. Ref2015
spam,Congratulations! You have won a cash prize. Claim now. Ref3451
ham,"Hi, can we schedule a meeting for tomorrow? Ref684"
ham,"Hi, can we schedule a meeting for tomorrow? Ref474"
spam,Limited time offer! Get free rewards today. Ref288
ham,Thank you for your email. I will review it. Ref751
ham,Thank you for your email. I will review it. Ref1952
ham,Please find the project update attached. Ref3222
spam,Earn money fast from home. Click here now. Ref4269
ham,Let's discuss the requirements in today's call. Ref3795
ham,Reminder: team meeting at 3 PM today. Ref2305
spam,Urgent: Verify your account and win a bonus. Ref22
ham,Reminder: team meeting at 3 PM today. Ref2483
ham,Let's discuss the requirements in today's call. Ref3728
ham,Reminder: team meeting at 3 PM today. Ref625
spam,Earn money fast from home. Click here now. Ref2236
spam,Congratulations! You have won a cash prize. Claim now. Ref4720
ham,Let's discuss the requirements in today's call. Ref3497
ham,Reminder: team meeting at 3 PM today. Ref2568
ham,"Hi, can we schedule a meeting for tomorrow? Ref3990"
ham,Please find the project update attached. Ref4150
spam,Limited time offer! Get free rewards today. Ref3596
ham,Reminder: team meeting at 3 PM today. Ref2137
spam,You have been selected for an exclusive gift card. Ref200
ham,Let's discuss the requirements in today's call. Ref876
spam,Congratulations! You have won a cash prize. Claim now. Ref3538
spam,You have been selected for an exclusive gift card. Ref1962
spam,Limited time offer! Get free rewards today. Ref3697
spam,You have been selected for an exclusive gift card. Ref3497
spam,Earn money fast from home. Click here now. Ref1379
ham,Let's discuss the requirements in today's call. Ref3417
spam,Urgent: Verify your account and win a bonus. Ref1494
ham,Let's discuss the requirements in today's call. Ref2789
spam,Urgent: Verify your account and win a bonus. Ref1391
spam,Urgent: Verify your account and win a bonus. Ref551
ham,Please find the project update attached. Ref1816
spam,Congratulations! You have won a cash prize. Claim now. Ref909
spam,You have been selected for an exclusive gift card. Ref519
ham,Let's discuss the requirements in today's call. Ref2890
spam,Urgent: Verify your account and win a bonus. Ref1346
spam,Urgent: Verify your account and win a bonus. Ref1404
spam,Urgent: Verify your account and win a bonus. Ref1948
spam,Limited time offer! Get free rewards today. Ref3699
spam,Congratulations! You have won a cash prize. Claim now. Ref4915
spam,Limited time offer! Get free rewards today. Ref2056
spam,Limited time offer! Get free rewards today. Ref3755
ham,Let's discuss the requirements in today's call. Ref452
spam,Earn money fast from home. Click here now. Ref2597
spam,You have been selected for an exclusive gift card. Ref2020
ham,Thank you for your email. I will review it. Ref1350
ham,"Hi, can we schedule a meeting for tomorrow? Ref1584"
ham,Reminder: team meeting at 3 PM today. Ref3305
spam,Urgent: Verify your account and win a bonus. Ref2582
ham,"Hi, can we schedule a meeting for tomorrow? Ref2357"
spam,Urgent: Verify your account and win a bonus. Ref4075
spam,Limited time offer! Get free rewards today. Ref3870
ham,Please find the project update attached. Ref2831
spam,Earn money fast from home. Click here now. Ref4646
spam,You have been selected for an exclusive gift card. Ref2675
ham,Thank you for your email. I will review it. Ref1064
spam,Congratulations! You have won a cash prize. Claim now. Ref372
ham,Thank you for your email. I will review it. Ref3014
ham,Please find the project update attached. Ref3813
ham,"Hi, can we schedule a meeting for tomorrow? Ref2294"
ham,Please find the project update attached. Ref2387
ham,Reminder: team meeting at 3 PM today. Ref2843
ham,Thank you for your email. I will review it. Ref3705
spam,Congratulations! You have won a cash prize. Claim now. Ref3320
ham,Thank you for your email. I will review it. Ref4808
ham,Let's discuss the requirements in today's call. Ref3176
spam,Earn money fast from home. Click here now. Ref1438
ham,Reminder: team meeting at 3 PM today. Ref2129
ham,"Hi, can we schedule a meeting for tomorrow? Ref2140"
spam,Congratulations! You have won a cash prize. Claim now. Ref3148
ham,Reminder: team meeting at 3 PM today. Ref1145
ham,Thank you for your email. I will review it. Ref2216
spam,Earn money fast from home. Click here now. Ref4066
spam,Urgent: Verify your account and win a bonus. Ref3885
spam,Earn money fast from home. Click here now. Ref183
ham,Let's discuss the requirements in today's call. Ref72
spam,Urgent: Verify your account and win a bonus. Ref2237
spam,You have been selected for an exclusive gift card. Ref2572
spam,Urgent: Verify your account and win a bonus. Ref1670
spam,Congratulations! You have won a cash prize. Claim now. Ref3125
spam,Earn money fast from home. Click here now. Ref2141
ham,Let's discuss the requirements in today's call. Ref1725
spam,You have been selected for an exclusive gift card. Ref1844
ham,Please find the project update attached. Ref76
spam,You have been selected for an exclusive gift card. Ref1443
ham,Please find the project update attached. Ref2997
spam,Limited time offer! Get free rewards today. Ref4823
ham,Thank you for your email. I will review it. Ref1161
ham,Reminder: team meeting at 3 PM today. Ref2248
ham,"Hi, can we schedule a meeting for tomorrow? Ref1247"
ham,"Hi, can we schedule a meeting for tomorrow? Ref941"
spam,Limited time offer! Get free rewards today. Ref498
ham,Thank you for your email. I will review it. Ref2608
spam,Limited time offer! Get free rewards today. Ref65
ham,Let's discuss the requirements in today's call. Ref8
spam,You have been selected for an exclusive gift card. Ref1633
spam,You have been selected for an exclusive gift card. Ref4912
ham,"Hi, can we schedule a meeting for tomorrow? Ref4529"
spam,You have been selected for an exclusive gift card. Ref168
spam,Earn money fast from home. Click here now. Ref3266
ham,Reminder: team meeting at 3 PM today. Ref4680
spam,Limited time offer! Get free rewards today. Ref3391
spam,Earn money fast from home. Click here now. Ref866
ham,Thank you for your email. I will review it. Ref3969
spam,Urgent: Verify your account and win a bonus. Ref2969
spam,Urgent: Verify your account and win a bonus. Ref4210
ham,"Hi, can we schedule a meeting for tomorrow? Ref2884"
ham,"Hi, can we schedule a meeting for tomorrow? Ref423"
spam,Limited time offer! Get free rewards today. Ref4667
spam,Earn money fast from home. Click here now. Ref3215
spam,You have been selected for an exclusive gift card. Ref4324
ham,Thank you for your email. I will review it. Ref4251
spam,Congratulations! You have won a cash prize. Claim now. Ref152
ham,Thank you for your email. I will review it. Ref3303
spam,Urgent: Verify your account and win a bonus. Ref3649
ham,"Hi, can we schedule a meeting for tomorrow? Ref1239"
ham,Please find the project update attached. Ref586
ham,"Hi, can we schedule a meeting for tomorrow? Ref1872"
ham,Reminder: team meeting at 3 PM today. Ref118
ham,Please find the project update attached. Ref668
spam,Urgent: Verify your account and win a bonus. Ref317
ham,Reminder: team meeting at 3 PM today. Ref2694
spam,Urgent: Verify your account and win a bonus. Ref547
ham,Thank you for your email. I will review it. Ref2229
spam,Congratulations! You have won a cash prize. Claim now. Ref3878
ham,Thank you for your email. I will review it. Ref1570
spam,Urgent: Verify your account and win a bonus. Ref241
spam,Congratulations! You have won a cash prize. Claim now. Ref1412
spam,Limited time offer! Get free rewards today. Ref3871
spam,You have been selected for an exclusive gift card. Ref4619
ham,Thank you for your email. I will review it. Ref2204
ham,Let's discuss the requirements in today's call. Ref4745
spam,Urgent: Verify your account and win a bonus. Ref2401
spam,Congratulations! You have won a cash prize. Claim now. Ref1117
spam,Limited time offer! Get free rewards today. Ref3490
spam,Limited time offer! Get free rewards today. Ref139
spam,Limited time offer! Get free rewards today. Ref1161
spam,Earn money fast from home. Click here now. Ref3908
spam,You have been selected for an exclusive gift card. Ref701
ham,Reminder: team meeting at 3 PM today. Ref698
ham,Let's discuss the requirements in today's call. Ref1744
spam,Limited time offer! Get free rewards today. Ref2712
spam,Earn money fast from home. Click here now. Ref250
ham,Please find the project update attached. Ref3913
spam,Urgent: Verify your account and win a bonus. Ref3377
ham,Let's discuss the requirements in today's call. Ref2849
spam,Earn money fast from home. Click here now. Ref1219
spam,Limited time offer! Get free rewards today. Ref3793
spam,Limited time offer! Get free rewards today. Ref4360
ham,Let's discuss the requirements in today's call. Ref2092
spam,You have been selected for an exclusive gift card. Ref1333
ham,Let's discuss the requirements in today's call. Ref0
spam,Urgent: Verify your account and win a bonus. Ref2085
ham,Let's discuss the requirements in today's call. Ref1444
ham,Reminder: team meeting at 3 PM today. Ref4591
spam,Congratulations! You have won a cash prize. Claim now. Ref2531
spam,Congratulations! You have won a cash prize. Claim now. Ref2532
ham,Let's discuss the requirements in today's call. Ref4484
ham,Thank you for your email. I will review it. Ref3160
ham,Thank you for your email. I will review it. Ref200
ham,Reminder: team meeting at 3 PM today. Ref4481
ham,"Hi, can we schedule a meeting for tomorrow? Ref2280"
ham,Let's discuss the requirements in today's call. Ref778
spam,Congratulations! You have won a cash prize. Claim now. Ref2485
ham,Thank you for your email. I will review it. Ref188
ham,Thank you for your email. I will review it. Ref4774
ham,Reminder: team meeting at 3 PM today. Ref4694
ham,Reminder: team meeting at 3 PM today. Ref2377
spam,Earn money fast from home. Click here now. Ref3000
spam,Limited time offer! Get free rewards today. Ref1981
spam,You have been selected for an exclusive gift card. Ref1792
spam,Limited time offer! Get free rewards today. Ref1116
spam,Congratulations! You have won a cash prize. Claim now. Ref2324
ham,Please find the project update attached. Ref4994
ham,Thank you for your email. I will review it. Ref1597
ham,"Hi, can we schedule a meeting for tomorrow? Ref594"
ham,Let's discuss the requirements in today's call. Ref124
spam,Limited time offer! Get free rewards today. Ref3371
ham,Thank you for your email. I will review it. Ref397
ham,"Hi, can we schedule a meeting for tomorrow? Ref722"
spam,You have been selected for an exclusive gift card. Ref1086
spam,Congratulations! You have won a cash prize. Claim now. Ref1820
ham,Reminder: team meeting at 3 PM today. Ref1228
spam,You have been selected for an exclusive gift card. Ref2553
spam,Limited time offer! Get free rewards today. Ref3236
spam,Earn money fast from home. Click here now. Ref1625
spam,Limited time offer! Get free rewards today. Ref3015
ham,Reminder: team meeting at 3 PM today. Ref2482
spam,Congratulations! You have won a cash prize. Claim now. Ref990
spam,Urgent: Verify your account and win a bonus. Ref66
spam,You have been selected for an exclusive gift card. Ref4384
spam,Limited time offer! Get free rewards today. Ref2296
ham,"Hi, can we schedule a meeting for tomorrow? Ref2802"
ham,Thank you for your email. I will review it. Ref4569
spam,Limited time offer! Get free rewards today. Ref303
spam,Limited time offer! Get free rewards today. Ref3050
spam,Earn money fast from home. Click here now. Ref873
spam,Urgent: Verify your account and win a bonus. Ref4792
spam,Earn money fast from home. Click here now. Ref4634
ham,Reminder: team meeting at 3 PM today. Ref1030
ham,Please find the project update attached. Ref150
ham,"Hi, can we schedule a meeting for tomorrow? Ref3150"
spam,Urgent: Verify your account and win a bonus. Ref4813
spam,Urgent: Verify your account and win a bonus. Ref1250
spam,Earn money fast from home. Click here now. Ref1584
spam,You have been selected for an exclusive gift card. Ref1091
spam,You have been selected for an exclusive gift card. Ref2911
spam,Limited time offer! Get free rewards today. Ref481
spam,Congratulations! You have won a cash prize. Claim now. Ref528
ham,Thank you for your email. I will review it. Ref4675
ham,Please find the project update attached. Ref2399
ham,Thank you for your email. I will review it. Ref3187
ham,Let's discuss the requirements in today's call. Ref2760
ham,Thank you for your email. I will review it. Ref714
ham,Let's discuss the requirements in today's call. Ref887
ham,Reminder: team meeting at 3 PM today. Ref3489
spam,Congratulations! You have won a cash prize. Claim now. Ref3283
spam,You have been selected for an exclusive gift card. Ref3916
spam,You have been selected for an exclusive gift card. Ref2994
ham,Reminder: team meeting at 3 PM today. Ref133
spam,You have been selected for an exclusive gift card. Ref1671
ham,Reminder: team meeting at 3 PM today. Ref2460
ham,Thank you for your email. I will review it. Ref2654
spam,You have been selected for an exclusive gift card. Ref2060
ham,Let's discuss the requirements in today's call. Ref1198
spam,Congratulations! You have won a cash prize. Claim now. Ref2923
spam,You have been selected for an exclusive gift card. Ref3312
ham,Please find the project update attached. Ref4908
spam,Congratulations! You have won a cash prize. Claim now. Ref4723
spam,You have been selected for an exclusive gift card. Ref1874
spam,Urgent: Verify your account and win a bonus. Ref4225
spam,Congratulations! You have won a cash prize. Claim now. Ref2048
spam,You have been selected for an exclusive gift card. Ref46
ham,"Hi, can we schedule a meeting for tomorrow? Ref28"
ham,"Hi, can we schedule a meeting for tomorrow? Ref3670"
ham,Thank you for your email. I will review it. Ref3288
spam,Urgent: Verify your account and win a bonus. Ref2497
ham,Thank you for your email. I will review it. Ref3745
ham,Let's discuss the requirements in today's call. Ref2573
spam,Earn money fast from home. Click here now. Ref8
spam,Congratulations! You have won a cash prize. Claim now. Ref4866
spam,You have been selected for an exclusive gift card. Ref3580
ham,Please find the project update attached. Ref772
ham,Please find the project update attached. Ref1049
ham,Thank you for your email. I will review it. Ref1122
ham,Please find the project update attached. Ref4775
spam,Earn money fast from home. Click here now. Ref4150
spam,Limited time offer! Get free rewards today. Ref3669
spam,Congratulations! You have won a cash prize. Claim now. Ref1318
spam,You have been selected for an exclusive gift card. Ref649
ham,Please find the project update attached. Ref1548
spam,Congratulations! You have won a cash prize. Claim now. Ref971
spam,Urgent: Verify your account and win a bonus. Ref1695
ham,Please find the project update attached. Ref1489
spam,Urgent: Verify your account and win a bonus. Ref2734
spam,Earn money fast from home. Click here now. Ref58
ham,Please find the project update attached. Ref267
ham,Please find the project update attached. Ref3465
ham,Please find the project update attached. Ref3684
ham,Please find the project update attached. Ref3284
spam,You have been selected for an exclusive gift card. Ref4884
ham,Please find the project update attached. Ref781
ham,Let's discuss the requirements in today's call. Ref3277
spam,Congratulations! You have won a cash prize. Claim now. Ref495
ham,Reminder: team meeting at 3 PM today. Ref1199
ham,Thank you for your email. I will review it. Ref2504
ham,Please find the project update attached. Ref1491
spam,Urgent: Verify your account and win a bonus. Ref566
ham,Reminder: team meeting at 3 PM today. Ref3046
spam,Congratulations! You have won a cash prize. Claim now. Ref4427
ham,Thank you for your email. I will review it. Ref1506
spam,Limited time offer! Get free rewards today. Ref589
spam,Earn money fast from home. Click here now. Ref1520
spam,Congratulations! You have won a cash prize. Claim now. Ref796
spam,Urgent: Verify your account and win a bonus. Ref1811
spam,Congratulations! You have won a cash prize. Claim now. Ref4139
spam,Congratulations! You have won a cash prize. Claim now. Ref3597
ham,Thank you for your email. I will review it. Ref4729
ham,Please find the project update attached. Ref246
spam,Limited time offer! Get free rewards today. Ref983
ham,Please find the project update attached. Ref1021
ham,Let's discuss the requirements in today's call. Ref1893
spam,Limited time offer! Get free rewards today. Ref4412
ham,Reminder: team meeting at 3 PM today. Ref4500
spam,You have been selected for an exclusive gift card. Ref170
ham,Please find the project update attached. Ref2042
spam,Earn money fast from home. Click here now. Ref2534
ham,Thank you for your email. I will review it. Ref1033
spam,Earn money fast from home. Click here now. Ref4562
ham,Let's discuss the requirements in today's call. Ref2909
ham,Thank you for your email. I will review it. Ref208
ham,Thank you for your email. I will review it. Ref3770
ham,Let's discuss the requirements in today's call. Ref4746
ham,Reminder: team meeting at 3 PM today. Ref3928
spam,Urgent: Verify your account and win a bonus. Ref3235
spam,Congratulations! You have won a cash prize. Claim now. Ref3319
ham,Thank you for your email. I will review it. Ref4170
spam,Urgent: Verify your account and win a bonus. Ref3806
spam,You have been selected for an exclusive gift card. Ref4837
spam,Limited time offer! Get free rewards today. Ref259
spam,You have been selected for an exclusive gift card. Ref1701
ham,"Hi, can we schedule a meeting for tomorrow? Ref3427"
spam,Limited time offer! Get free rewards today. Ref4263
ham,"Hi, can we schedule a meeting for tomorrow? Ref2626"
spam,Congratulations! You have won a cash prize. Claim now. Ref2758
ham,Let's discuss the requirements in today's call. Ref136
ham,"Hi, can we schedule a meeting for tomorrow? Ref381"
ham,Please find the project update attached. Ref3363
spam,Limited time offer! Get free rewards today. Ref4417
ham,Thank you for your email. I will review it. Ref3931
spam,Limited time offer! Get free rewards today. Ref2107
spam,You have been selected for an exclusive gift card. Ref1672
spam,Urgent: Verify your account and win a bonus. Ref260
spam,Earn money fast from home. Click here now. Ref3687
spam,Urgent: Verify your account and win a bonus. Ref1785
spam,Congratulations! You have won a cash prize. Claim now. Ref3905
spam,Limited time offer! Get free rewards today. Ref3059
spam,Limited time offer! Get free rewards today. Ref906
ham,Let's discuss the requirements in today's call. Ref3762
ham,"Hi, can we schedule a meeting for tomorrow? Ref886"
spam,You have been selected for an exclusive gift card. Ref1640
ham,Reminder: team meeting at 3 PM today. Ref3880
ham,Reminder: team meeting at 3 PM today. Ref1883
spam,Congratulations! You have won a cash prize. Claim now. Ref3198
ham,Reminder: team meeting at 3 PM today. Ref1162
ham,Let's discuss the requirements in today's call. Ref1828
ham,Reminder: team meeting at 3 PM today. Ref1575
spam,Limited time offer! Get free rewards today. Ref2168
ham,Let's discuss the requirements in today's call. Ref2426
spam,Limited time offer! Get free rewards today. Ref4378
ham,Thank you for your email. I will review it. Ref4984
spam,Congratulations! You have won a cash prize. Claim now. Ref4466
spam,Congratulations! You have won a cash prize. Claim now. Ref1093
ham,Reminder: team meeting at 3 PM today. Ref3572
spam,Earn money fast from home. Click here now. Ref3101
ham,Let's discuss the requirements in today's call. Ref3274
ham,Please find the project update attached. Ref2720
spam,Urgent: Verify your account and win a bonus. Ref4140
spam,You have been selected for an exclusive gift card. Ref463
ham,Reminder: team meeting at 3 PM today. Ref3114
spam,Earn money fast from home. Click here now. Ref2317
spam,You have been selected for an exclusive gift card. Ref1658
spam,Congratulations! You have won a cash prize. Claim now. Ref3374
ham,Thank you for your email. I will review it. Ref4895
spam,Earn money fast from home. Click here now. Ref3079
spam,Limited time offer! Get free rewards today. Ref3598
ham,"Hi, can we schedule a meeting for tomorrow? Ref2320"
ham,Reminder: team meeting at 3 PM today. Ref1398
spam,Limited time offer! Get free rewards today. Ref3197
spam,You have been selected for an exclusive gift card. Ref4600
spam,Congratulations! You have won a cash prize. Claim now. Ref2138
ham,Please find the project update attached. Ref395
ham,Please find the project update attached. Ref1509
spam,Congratulations! You have won a cash prize. Claim now. Ref985
ham,Reminder: team meeting at 3 PM today. Ref1604
spam,Limited time offer! Get free rewards today. Ref103
ham,Please find the project update attached. Ref1605
ham,"Hi, can we schedule a meeting for tomorrow? Ref1374"
ham,Please find the project update attached. Ref2468
ham,Reminder: team meeting at 3 PM today. Ref1365
spam,Earn money fast from home. Click here now. Ref4174
spam,Congratulations! You have won a cash prize. Claim now. Ref2045
ham,"Hi, can we schedule a meeting for tomorrow? Ref3296"
spam,You have been selected for an exclusive gift card. Ref3582
spam,Congratulations! You have won a cash prize. Claim now. Ref1570
ham,Thank you for your email. I will review it. Ref693
ham,Reminder: team meeting at 3 PM today. Ref3760
ham,Thank you for your email. I will review it. Ref4250
ham,Please find the project update attached. Ref2748
spam,Urgent: Verify your account and win a bonus. Ref1923
ham,Let's discuss the requirements in today's call. Ref2390
ham,Thank you for your email. I will review it. Ref4834
ham,Thank you for your email. I will review it. Ref484
ham,Let's discuss the requirements in today's call. Ref724
ham,"Hi, can we schedule a meeting for tomorrow? Ref897"
spam,Congratulations! You have won a cash prize. Claim now. Ref2381
ham,"Hi, can we schedule a meeting for tomorrow? Ref428"
spam,Congratulations! You have won a cash prize. Claim now. Ref4668
spam,You have been selected for an exclusive gift card. Ref4309
ham,"Hi, can we schedule a meeting for tomorrow? Ref924"
spam,You have been selected for an exclusive gift card. Ref1360
spam,Urgent: Verify your account and win a bonus. Ref2046
spam,Congratulations! You have won a cash prize. Claim now. Ref4684
spam,You have been selected for an exclusive gift card. Ref1524
spam,Earn money fast from home. Click here now. Ref4875
spam,Congratulations! You have won a cash prize. Claim now. Ref3748
ham,Reminder: team meeting at 3 PM today. Ref1326
ham,Reminder: team meeting at 3 PM today. Ref1801
ham,Reminder: team meeting at 3 PM today. Ref4264
ham,Reminder: team meeting at 3 PM today. Ref2726
ham,"Hi, can we schedule a meeting for tomorrow? Ref1237"
ham,Thank you for your email. I will review it. Ref4448
ham,Please find the project update attached. Ref2386
spam,Congratulations! You have won a cash prize. Claim now. Ref2101
ham,Let's discuss the requirements in today's call. Ref3385
ham,Reminder: team meeting at 3 PM today. Ref4148
spam,You have been selected for an exclusive gift card. Ref2807
spam,Congratulations! You have won a cash prize. Claim now. Ref816
ham,Reminder: team meeting at 3 PM today. Ref1746
ham,Please find the project update attached. Ref2530
ham,Reminder: team meeting at 3 PM today. Ref4387
spam,Urgent: Verify your account and win a bonus. Ref1821
spam,Limited time offer! Get free rewards today. Ref1436
spam,You have been selected for an exclusive gift card. Ref4889
spam,Urgent: Verify your account and win a bonus. Ref4878
ham,Thank you for your email. I will review it. Ref2035
ham,Please find the project update attached. Ref1804
ham,Thank you for your email. I will review it. Ref1997
ham,Reminder: team meeting at 3 PM today. Ref3318
ham,"Hi, can we schedule a meeting for tomorrow? Ref19"
ham,"Hi, can we schedule a meeting for tomorrow? Ref1942"
ham,Thank you for your email. I will review it. Ref1798
ham,"Hi, can we schedule a meeting for tomorrow? Ref4640"
spam,Earn money fast from home. Click here now. Ref929
spam,Congratulations! You have won a cash prize. Claim now. Ref3209
ham,"Hi, can we schedule a meeting for tomorrow? Ref3642"
ham,Please find the project update attached. Ref2601
ham,Reminder: team meeting at 3 PM today. Ref653
ham,Thank you for your email. I will review it. Ref1536
spam,Limited time offer! Get free rewards today. Ref1566
spam,Congratulations! You have won a cash prize. Claim now. Ref1959
ham,Let's discuss the requirements in today's call. Ref4227
spam,Congratulations! You have won a cash prize. Claim now. Ref4093
spam,Limited time offer! Get free rewards today. Ref1041
spam,Congratulations! You have won a cash prize. Claim now. Ref2347
ham,"Hi, can we schedule a meeting for tomorrow? Ref1538"
spam,You have been selected for an exclusive gift card. Ref289
ham,Please find the project update attached. Ref2291
ham,Thank you for your email. I will review it. Ref771
ham,Please find the project update attached. Ref577
ham,Let's discuss the requirements in today's call. Ref768
ham,Let's discuss the requirements in today's call. Ref2336
spam,You have been selected for an exclusive gift card. Ref1169
ham,Reminder: team meeting at 3 PM today. Ref967
spam,Limited time offer! Get free rewards today. Ref4558
spam,You have been selected for an exclusive gift card. Ref2505
ham,"Hi, can we schedule a meeting for tomorrow? Ref1375"
spam,You have been selected for an exclusive gift card. Ref1630
ham,Please find the project update attached. Ref867
spam,Congratulations! You have won a cash prize. Claim now. Ref3194
spam,You have been selected for an exclusive gift card. Ref3941
spam,Congratulations! You have won a cash prize. Claim now. Ref1580
ham,Thank you for your email. I will review it. Ref2633
spam,You have been selected for an exclusive gift card. Ref1416
ham,Please find the project update attached. Ref2663
spam,Earn money fast from home. Click here now. Ref2452
spam,Urgent: Verify your account and win a bonus. Ref3461
ham,Reminder: team meeting at 3 PM today. Ref4887
spam,Urgent: Verify your account and win a bonus. Ref3372
spam,Urgent: Verify your account and win a bonus. Ref610
ham,Let's discuss the requirements in today's call. Ref4759
ham,Please find the project update attached. Ref1113
spam,You have been selected for an exclusive gift card. Ref254
ham,"Hi, can we schedule a meeting for tomorrow? Ref466"
spam,Limited time offer! Get free rewards today. Ref3947
ham,Please find the project update attached. Ref1909
spam,You have been selected for an exclusive gift card. Ref1458
spam,Earn money fast from home. Click here now. Ref663
spam,You have been selected for an exclusive gift card. Ref1583
spam,Limited time offer! Get free rewards today. Ref3185
ham,Let's discuss the requirements in today's call. Ref2561
spam,Earn money fast from home. Click here now. Ref4683
spam,Earn money fast from home. Click here now. Ref4529
spam,Congratulations! You have won a cash prize. Claim now. Ref1196
ham,Let's discuss the requirements in today's call. Ref293
spam,Congratulations! You have won a cash prize. Claim now. Ref3258
ham,"Hi, can we schedule a meeting for tomorrow? Ref2742"
spam,Limited time offer! Get free rewards today. Ref2370
spam,Congratulations! You have won a cash prize. Claim now. Ref719
spam,You have been selected for an exclusive gift card. Ref2330
ham,"Hi, can we schedule a meeting for tomorrow? Ref3437"
spam,Limited time offer! Get free rewards today. Ref3354
ham,Please find the project update attached. Ref1981
spam,Urgent: Verify your account and win a bonus. Ref356
spam,You have been selected for an exclusive gift card. Ref2285
spam,You have been selected for an exclusive gift card. Ref3985
ham,Thank you for your email. I will review it. Ref1914
ham,"Hi, can we schedule a meeting for tomorrow? Ref1299"
ham,Let's discuss the requirements in today's call. Ref3995
spam,Earn money fast from home. Click here now. Ref2374
spam,Congratulations! You have won a cash prize. Claim now. Ref1121
ham,Let's discuss the requirements in today's call. Ref2020
ham,Reminder: team meeting at 3 PM today. Ref3469
spam,Congratulations! You have won a cash prize. Claim now. Ref313
spam,Urgent: Verify your account and win a bonus. Ref2853
ham,Thank you for your email. I will review it. Ref4903
spam,You have been selected for an exclusive gift card. Ref23
spam,Urgent: Verify your account and win a bonus. Ref2456
spam,Earn money fast from home. Click here now. Ref4631
spam,Urgent: Verify your account and win a bonus. Ref3212
spam,Congratulations! You have won a cash prize. Claim now. Ref4116
spam,Limited time offer! Get free rewards today. Ref4965
spam,Urgent: Verify your account and win a bonus. Ref821
ham,Please find the project update attached. Ref4699
spam,Urgent: Verify your account and win a bonus. Ref1080
spam,Urgent: Verify your account and win a bonus. Ref3854
ham,Let's discuss the requirements in today's call. Ref4870
spam,Earn money fast from home. Click here now. Ref1279
ham,Please find the project update attached. Ref4853
ham,Please find the project update attached. Ref4201
ham,Let's discuss the requirements in today's call. Ref572
ham,"Hi, can we schedule a meeting for tomorrow? Ref1174"
spam,Limited time offer! Get free rewards today. Ref2815
ham,"Hi, can we schedule a meeting for tomorrow? Ref3680"
spam,Earn money fast from home. Click here now. Ref1289
ham,"Hi, can we schedule a meeting for tomorrow? Ref3239"
spam,You have been selected for an exclusive gift card. Ref4322
spam,Congratulations! You have won a cash prize. Claim now. Ref4074
spam,Congratulations! You have won a cash prize. Claim now. Ref2651
ham,Please find the project update attached. Ref24
spam,Congratulations! You have won a cash prize. Claim now. Ref4565
spam,You have been selected for an exclusive gift card. Ref1418
ham,Please find the project update attached. Ref3714
spam,Urgent: Verify your account and win a bonus. Ref2765
ham,"Hi, can we schedule a meeting for tomorrow? Ref3136"
spam,Limited time offer! Get free rewards today. Ref2868
ham,Thank you for your email. I will review it. Ref4375
spam,Limited time offer! Get free rewards today. Ref4687
ham,Please find the project update attached. Ref4234
ham,Let's discuss the requirements in today's call. Ref559
ham,Let's discuss the requirements in today's call. Ref3451
ham,Thank you for your email. I will review it. Ref1458
ham,Let's discuss the requirements in today's call. Ref1369
ham,Thank you for your email. I will review it. Ref3457
spam,Limited time offer! Get free rewards today. Ref1759
spam,Earn money fast from home. Click here now. Ref2221
ham,"Hi, can we schedule a meeting for tomorrow? Ref2547"
ham,"Hi, can we schedule a meeting for tomorrow? Ref1272"
ham,Reminder: team meeting at 3 PM today. Ref3163
spam,Urgent: Verify your account and win a bonus. Ref4898
ham,Please find the project update attached. Ref549
spam,Earn money fast from home. Click here now. Ref4636
ham,Reminder: team meeting at 3 PM today. Ref4796
ham,Reminder: team meeting at 3 PM today. Ref3116
ham,Please find the project update attached. Ref1838
spam,You have been selected for an exclusive gift card. Ref1344
ham,Let's discuss the requirements in today's call. Ref1424
ham,Reminder: team meeting at 3 PM today. Ref3060
spam,Limited time offer! Get free rewards today. Ref4348
ham,"Hi, can we schedule a meeting for tomorrow? Ref2144"
ham,"Hi, can we schedule a meeting for tomorrow? Ref2205"
ham,"Hi, can we schedule a meeting for tomorrow? Ref3793"
ham,Let's discuss the requirements in today's call. Ref275
ham,Please find the project update attached. Ref3120
spam,Urgent: Verify your account and win a bonus. Ref2009
ham,"Hi, can we schedule a meeting for tomorrow? Ref3709"
ham,Please find the project update attached. Ref1559
spam,Urgent: Verify your account and win a bonus. Ref2521
spam,Earn money fast from home. Click here now. Ref2817
ham,Thank you for your email. I will review it. Ref4033
spam,Urgent: Verify your account and win a bonus. Ref3624
ham,Let's discuss the requirements in today's call. Ref2071
spam,Earn money fast from home. Click here now. Ref3848
ham,"Hi, can we schedule a meeting for tomorrow? Ref4487"
spam,Urgent: Verify your account and win a bonus. Ref189
spam,Limited time offer! Get free rewards today. Ref2031
ham,Thank you for your email. I will review it. Ref1202
ham,Thank you for your email. I will review it. Ref4080
spam,You have been selected for an exclusive gift card. Ref4986
ham,Please find the project update attached. Ref3208
spam,Limited time offer! Get free rewards today. Ref4342
ham,"Hi, can we schedule a meeting for tomorrow? Ref803"
ham,Thank you for your email. I will review it. Ref4931
spam,Congratulations! You have won a cash prize. Claim now. Ref88
spam,Limited time offer! Get free rewards today. Ref376
spam,Earn money fast from home. Click here now. Ref4840
ham,Reminder: team meeting at 3 PM today. Ref4824
spam,Earn money fast from home. Click here now. Ref2898
ham,Let's discuss the requirements in today's call. Ref2949
spam,Urgent: Verify your account and win a bonus. Ref2299
spam,Congratulations! You have won a cash prize. Claim now. Ref4952
ham,Thank you for your email. I will review it. Ref2487
ham,Thank you for your email. I will review it. Ref2768
spam,Congratulations! You have won a cash prize. Claim now. Ref2957
ham,Thank you for your email. I will review it. Ref4159
spam,Urgent: Verify your account and win a bonus. Ref2050
spam,Earn money fast from home. Click here now. Ref2213
ham,Let's discuss the requirements in today's call. Ref3408
spam,Congratulations! You have won a cash prize. Claim now. Ref747
spam,Earn money fast from home. Click here now. Ref3390
ham,Let's discuss the requirements in today's call. Ref158
ham,Let's discuss the requirements in today's call. Ref3343
ham,Reminder: team meeting at 3 PM today. Ref1229
spam,Earn money fast from home. Click here now. Ref1465
spam,You have been selected for an exclusive gift card. Ref1214
spam,Limited time offer! Get free rewards today. Ref811
spam,You have been selected for an exclusive gift card. Ref1533
ham,Reminder: team meeting at 3 PM today. Ref2557
ham,Let's discuss the requirements in today's call. Ref1248
ham,Let's discuss the requirements in today's call. Ref1700
spam,You have been selected for an exclusive gift card. Ref2207
ham,Thank you for your email. I will review it. Ref3384
ham,Please find the project update attached. Ref4763
spam,Earn money fast from home. Click here now. Ref2981
spam,Earn money fast from home. Click here now. Ref1068
spam,Earn money fast from home. Click here now. Ref622
ham,Reminder: team meeting at 3 PM today. Ref1898
ham,"Hi, can we schedule a meeting for tomorrow? Ref4555"
spam,Earn money fast from home. Click here now. Ref3205
spam,Earn money fast from home. Click here now. Ref3552
spam,Limited time offer! Get free rewards today. Ref2468
ham,Thank you for your email. I will review it. Ref3263
spam,You have been selected for an exclusive gift card. Ref1967
spam,You have been selected for an exclusive gift card. Ref3228
spam,You have been selected for an exclusive gift card. Ref3775
spam,Earn money fast from home. Click here now. Ref1228
spam,Earn money fast from home. Click here now. Ref1063
spam,Earn money fast from home. Click here now. Ref2403
ham,Reminder: team meeting at 3 PM today. Ref1940
ham,Please find the project update attached. Ref819
spam,You have been selected for an exclusive gift card. Ref2882
spam,Limited time offer! Get free rewards today. Ref3591
ham,"Hi, can we schedule a meeting for tomorrow? Ref3993"
spam,Congratulations! You have won a cash prize. Claim now. Ref4766
spam,You have been selected for an exclusive gift card. Ref3631
spam,You have been selected for an exclusive gift card. Ref4166
spam,Congratulations! You have won a cash prize. Claim now. Ref4278
ham,Please find the project update attached. Ref1023
spam,Congratulations! You have won a cash prize. Claim now. Ref616
spam,Congratulations! You have won a cash prize. Claim now. Ref2185
spam,You have been selected for an exclusive gift card. Ref875
spam,You have been selected for an exclusive gift card. Ref75
spam,Limited time offer! Get free rewards today. Ref1616
spam,Urgent: Verify your account and win a bonus. Ref732
spam,You have been selected for an exclusive gift card. Ref322
spam,Earn money fast from home. Click here now. Ref2432
spam,Urgent: Verify your account and win a bonus. Ref1641
ham,Please find the project update attached. Ref1799
ham,Reminder: team meeting at 3 PM today. Ref2182
spam,You have been selected for an exclusive gift card. Ref2142
ham,Thank you for your email. I will review it. Ref2961
ham,Please find the project update attached. Ref107
ham,Thank you for your email. I will review it. Ref4293
ham,"Hi, can we schedule a meeting for tomorrow? Ref2230"
ham,Thank you for your email. I will review it. Ref1
ham,Let's discuss the requirements in today's call. Ref1194
spam,You have been selected for an exclusive gift card. Ref1411
spam,You have been selected for an exclusive gift card. Ref2998
spam,Congratulations! You have won a cash prize. Claim now. Ref3642
ham,"Hi, can we schedule a meeting for tomorrow? Ref1345"
spam,You have been selected for an exclusive gift card. Ref939
ham,Reminder: team meeting at 3 PM today. Ref899
spam,Limited time offer! Get free rewards today. Ref3039
ham,Please find the project update attached. Ref4307
spam,Congratulations! You have won a cash prize. Claim now. Ref1626
ham,Thank you for your email. I will review it. Ref80
spam,Congratulations! You have won a cash prize. Claim now. Ref1858
ham,"Hi, can we schedule a meeting for tomorrow? Ref2595"
ham,Please find the project update attached. Ref1336
ham,Please find the project update attached. Ref3545
ham,Please find the project update attached. Ref4653
ham,Thank you for your email. I will review it. Ref2239
spam,Limited time offer! Get free rewards today. Ref4762
spam,Urgent: Verify your account and win a bonus. Ref261
spam,Earn money fast from home. Click here now. Ref3674
ham,Reminder: team meeting at 3 PM today. Ref3472
ham,Please find the project update attached. Ref3292
spam,Congratulations! You have won a cash prize. Claim now. Ref1071
spam,You have been selected for an exclusive gift card. Ref4710
spam,You have been selected for an exclusive gift card. Ref2189
ham,Reminder: team meeting at 3 PM today. Ref2007
ham,"Hi, can we schedule a meeting for tomorrow? Ref2741"
ham,Thank you for your email. I will review it. Ref4278
spam,Congratulations! You have won a cash prize. Claim now. Ref4419
ham,Thank you for your email. I will review it. Ref1420
spam,Limited time offer! Get free rewards today. Ref3241
ham,Thank you for your email. I will review it. Ref2537
spam,Limited time offer! Get free rewards today. Ref834
spam,Urgent: Verify your account and win a bonus. Ref503
ham,Please find the project update attached. Ref4240
spam,Earn money fast from home. Click here now. Ref4671
ham,Reminder: team meeting at 3 PM today. Ref725
spam,Congratulations! You have won a cash prize. Claim now. Ref4533
ham,Please find the project update attached. Ref4786
spam,Earn money fast from home. Click here now. Ref4824
spam,You have been selected for an exclusive gift card. Ref3470
spam,You have been selected for an exclusive gift card. Ref1575
ham,"Hi, can we schedule a meeting for tomorrow? Ref3047"
ham,Reminder: team meeting at 3 PM today. Ref4328
spam,You have been selected for an exclusive gift card. Ref4347
ham,Let's discuss the requirements in today's call. Ref3562
spam,Earn money fast from home. Click here now. Ref4287
ham,Please find the project update attached. Ref1676
ham,"Hi, can we schedule a meeting for tomorrow? Ref3141"
ham,Reminder: team meeting at 3 PM today. Ref1069
spam,Limited time offer! Get free rewards today. Ref1888
spam,Earn money fast from home. Click here now. Ref3104
spam,You have been selected for an exclusive gift card. Ref2088
spam,Urgent: Verify your account and win a bonus. Ref3955
ham,Let's discuss the requirements in today's call. Ref1516
spam,Urgent: Verify your account and win a bonus. Ref2159
ham,Reminder: team meeting at 3 PM today. Ref4206
ham,"Hi, can we schedule a meeting for tomorrow? Ref35"
spam,Congratulations! You have won a cash prize. Claim now. Ref2238
spam,Earn money fast from home. Click here now. Ref459
ham,Reminder: team meeting at 3 PM today. Ref4105
spam,Earn money fast from home. Click here now. Ref2620
spam,You have been selected for an exclusive gift card. Ref4773
spam,Urgent: Verify your account and win a bonus. Ref4597
ham,Thank you for your email. I will review it. Ref3769
ham,Please find the project update attached. Ref406
spam,Limited time offer! Get free rewards today. Ref480
spam,Congratulations! You have won a cash prize. Claim now. Ref2463
spam,Limited time offer! Get free rewards today. Ref3666
spam,Limited time offer! Get free rewards today. Ref446
ham,Let's discuss the requirements in today's call. Ref2217
ham,Please find the project update attached. Ref2710
spam,Urgent: Verify your account and win a bonus. Ref4097
ham,Reminder: team meeting at 3 PM today. Ref4064
ham,Reminder: team meeting at 3 PM today. Ref3971
ham,Let's discuss the requirements in today's call. Ref3547
spam,Congratulations! You have won a cash prize. Claim now. Ref1235
spam,Congratulations! You have won a cash prize. Claim now. Ref3865
spam,Limited time offer! Get free rewards today. Ref4531
spam,Limited time offer! Get free rewards today. Ref3271
spam,Congratulations! You have won a cash prize. Claim now. Ref3826
spam,Congratulations! You have won a cash prize. Claim now. Ref3802
spam,Congratulations! You have won a cash prize. Claim now. Ref3045
spam,Congratulations! You have won a cash prize. Claim now. Ref4183
spam,Earn money fast from home. Click here now. Ref806
spam,Limited time offer! Get free rewards today. Ref4962
ham,Reminder: team meeting at 3 PM today. Ref1210
spam,Urgent: Verify your account and win a bonus. Ref3891
spam,Earn money fast from home. Click here now. Ref2566
spam,Limited time offer! Get free rewards today. Ref2039
ham,Thank you for your email. I will review it. Ref1142
ham,Please find the project update attached. Ref1864
ham,Reminder: team meeting at 3 PM today. Ref3998
ham,Thank you for your email. I will review it. Ref4666
spam,Urgent: Verify your account and win a bonus. Ref2014
spam,Limited time offer! Get free rewards today. Ref1797
spam,Congratulations! You have won a cash prize. Claim now. Ref603
ham,Let's discuss the requirements in today's call. Ref2525
ham,Reminder: team meeting at 3 PM today. Ref3905
spam,Urgent: Verify your account and win a bonus. Ref2634
ham,Let's discuss the requirements in today's call. Ref1339
ham,"Hi, can we schedule a meeting for tomorrow? Ref2877"
ham,Thank you for your email. I will review it. Ref163
spam,You have been selected for an exclusive gift card. Ref3656
spam,You have been selected for an exclusive gift card. Ref3617
spam,Urgent: Verify your account and win a bonus. Ref4649
spam,Congratulations! You have won a cash prize. Claim now. Ref1449
ham,Thank you for your email. I will review it. Ref4040
spam,Congratulations! You have won a cash prize. Claim now. Ref1574
ham,Let's discuss the requirements in today's call. Ref4331
ham,Thank you for your email. I will review it. Ref817
spam,Earn money fast from home. Click here now. Ref2580
spam,Urgent: Verify your account and win a bonus. Ref2968
spam,Earn money fast from home. Click here now. Ref4484
spam,You have been selected for an exclusive gift card. Ref3010
spam,Limited time offer! Get free rewards today. Ref3335
spam,Urgent: Verify your account and win a bonus. Ref3082
spam,Limited time offer! Get free rewards today. Ref863
spam,Limited time offer! Get free rewards today. Ref1850
ham,Let's discuss the requirements in today's call. Ref1810
spam,You have been selected for an exclusive gift card. Ref4249
ham,Thank you for your email. I will review it. Ref3189
spam,You have been selected for an exclusive gift card. Ref483
spam,Congratulations! You have won a cash prize. Claim now. Ref4289
ham,Reminder: team meeting at 3 PM today. Ref3390
ham,"Hi, can we schedule a meeting for tomorrow? Ref691"
ham,Let's discuss the requirements in today's call. Ref1108
spam,You have been selected for an exclusive gift card. Ref3093
ham,Please find the project update attached. Ref125
spam,Congratulations! You have won a cash prize. Claim now. Ref1269
ham,Reminder: team meeting at 3 PM today. Ref4844
spam,Congratulations! You have won a cash prize. Claim now. Ref2335
ham,Please find the project update attached. Ref2093
spam,Urgent: Verify your account and win a bonus. Ref2281
spam,Urgent: Verify your account and win a bonus. Ref4955
ham,Reminder: team meeting at 3 PM today. Ref1926
ham,Reminder: team meeting at 3 PM today. Ref4671
ham,Thank you for your email. I will review it. Ref4510
spam,Limited time offer! Get free rewards today. Ref1299
spam,You have been selected for an exclusive gift card. Ref2767
ham,Let's discuss the requirements in today's call. Ref3520
ham,Thank you for your email. I will review it. Ref2186
spam,Limited time offer! Get free rewards today. Ref3428
ham,Please find the project update attached. Ref1916
ham,Reminder: team meeting at 3 PM today. Ref3725
spam,Limited time offer! Get free rewards today. Ref2149
spam,You have been selected for an exclusive gift card. Ref2109
spam,You have been selected for an exclusive gift card. Ref4244
spam,Earn money fast from home. Click here now. Ref2012
spam,Congratulations! You have won a cash prize. Claim now. Ref1130
spam,Urgent: Verify your account and win a bonus. Ref2878
ham,Reminder: team meeting at 3 PM today. Ref2688
spam,Urgent: Verify your account and win a bonus. Ref609
ham,Reminder: team meeting at 3 PM today. Ref4688
spam,Limited time offer! Get free rewards today. Ref1252
ham,Please find the project update attached. Ref1349
spam,Limited time offer! Get free rewards today. Ref4172
ham,Reminder: team meeting at 3 PM today. Ref1728
spam,Congratulations! You have won a cash prize. Claim now. Ref4330
ham,"Hi, can we schedule a meeting for tomorrow? Ref1298"
ham,Let's discuss the requirements in today's call. Ref2734
ham,Thank you for your email. I will review it. Ref2014
ham,Reminder: team meeting at 3 PM today. Ref2270
spam,Urgent: Verify your account and win a bonus. Ref3464
ham,Thank you for your email. I will review it. Ref961
spam,You have been selected for an exclusive gift card. Ref3448
spam,Limited time offer! Get free rewards today. Ref1773
spam,Earn money fast from home. Click here now. Ref3344
ham,Let's discuss the requirements in today's call. Ref4718
ham,Reminder: team meeting at 3 PM today. Ref4867
ham,Thank you for your email. I will review it. Ref2735
spam,Limited time offer! Get free rewards today. Ref3728
ham,Thank you for your email. I will review it. Ref2804
spam,Congratulations! You have won a cash prize. Claim now. Ref4715
spam,Congratulations! You have won a cash prize. Claim now. Ref3593
spam,Congratulations! You have won a cash prize. Claim now. Ref1264
ham,Reminder: team meeting at 3 PM today. Ref4137
ham,Thank you for your email. I will review it. Ref4530
spam,Limited time offer! Get free rewards today. Ref4897
spam,Limited time offer! Get free rewards today. Ref2894
ham,Please find the project update attached. Ref2424
spam,Limited time offer! Get free rewards today. Ref1471
spam,Earn money fast from home. Click here now. Ref1519
ham,Reminder: team meeting at 3 PM today. Ref1951
spam,Urgent: Verify your account and win a bonus. Ref716
spam,You have been selected for an exclusive gift card. Ref477
spam,Urgent: Verify your account and win a bonus. Ref1378
spam,Limited time offer! Get free rewards today. Ref4726
ham,Reminder: team meeting at 3 PM today. Ref2810
spam,Urgent: Verify your account and win a bonus. Ref1497
ham,"Hi, can we schedule a meeting for tomorrow? Ref734"
spam,Urgent: Verify your account and win a bonus. Ref3057
spam,Urgent: Verify your account and win a bonus. Ref1456
spam,Earn money fast from home. Click here now. Ref3329
spam,Earn money fast from home. Click here now. Ref1489
ham,Thank you for your email. I will review it. Ref4839
ham,Reminder: team meeting at 3 PM today. Ref3335
spam,Limited time offer! Get free rewards today. Ref1668
ham,Let's discuss the requirements in today's call. Ref1755
spam,Limited time offer! Get free rewards today. Ref1298
spam,You have been selected for an exclusive gift card. Ref4455
spam,Urgent: Verify your account and win a bonus. Ref3812
spam,Earn money fast from home. Click here now. Ref4514
spam,Earn money fast from home. Click here now. Ref3242
spam,Congratulations! You have won a cash prize. Claim now. Ref1326
ham,Let's discuss the requirements in today's call. Ref1653
spam,Urgent: Verify your account and win a bonus. Ref1244
ham,Please find the project update attached. Ref2999
ham,Thank you for your email. I will review it. Ref3848
spam,Congratulations! You have won a cash prize. Claim now. Ref842
spam,You have been selected for an exclusive gift card. Ref3255
ham,Thank you for your email. I will review it. Ref2360
ham,Thank you for your email. I will review it. Ref3067
spam,Earn money fast from home. Click here now. Ref1529
spam,Urgent: Verify your account and win a bonus. Ref3347
spam,Earn money fast from home. Click here now. Ref1999
ham,Reminder: team meeting at 3 PM today. Ref3326
ham,Reminder: team meeting at 3 PM today. Ref1974
spam,Urgent: Verify your account and win a bonus. Ref448
ham,Let's discuss the requirements in today's call. Ref576
spam,Earn money fast from home. Click here now. Ref3996
ham,"Hi, can we schedule a meeting for tomorrow? Ref2990"
ham,Reminder: team meeting at 3 PM today. Ref2364
ham,"Hi, can we schedule a meeting for tomorrow? Ref3946"
spam,Earn money fast from home. Click here now. Ref4405
ham,Thank you for your email. I will review it. Ref3137
ham,"Hi, can we schedule a meeting for tomorrow? Ref1183"
spam,Urgent: Verify your account and win a bonus. Ref1666
spam,Earn money fast from home. Click here now. Ref3760
spam,You have been selected for an exclusive gift card. Ref4680
spam,Congratulations! You have won a cash prize. Claim now. Ref2068
ham,Thank you for your email. I will review it. Ref2352
spam,Limited time offer! Get free rewards today. Ref2367
spam,Earn money fast from home. Click here now. Ref2369
ham,Let's discuss the requirements in today's call. Ref460
spam,Congratulations! You have won a cash prize. Claim now. Ref3601
ham,Thank you for your email. I will review it. Ref146
spam,Urgent: Verify your account and win a bonus. Ref2933
spam,Earn money fast from home. Click here now. Ref1315
spam,Urgent: Verify your account and win a bonus. Ref1232
ham,Reminder: team meeting at 3 PM today. Ref2894
spam,Congratulations! You have won a cash prize. Claim now. Ref598
spam,Earn money fast from home. Click here now. Ref612
ham,Thank you for your email. I will review it. Ref3955
ham,Thank you for your email. I will review it. Ref1912
ham,Reminder: team meeting at 3 PM today. Ref3646
ham,Let's discuss the requirements in today's call. Ref4249
spam,Urgent: Verify your account and win a bonus. Ref1371
ham,Please find the project update attached. Ref3313
ham,"Hi, can we schedule a meeting for tomorrow? Ref496"
ham,Reminder: team meeting at 3 PM today. Ref3142
spam,Earn money fast from home. Click here now. Ref3637
spam,You have been selected for an exclusive gift card. Ref50
spam,Earn money fast from home. Click here now. Ref236
ham,Reminder: team meeting at 3 PM today. Ref4061
ham,Reminder: team meeting at 3 PM today. Ref2033
ham,"Hi, can we schedule a meeting for tomorrow? Ref3920"
ham,Let's discuss the requirements in today's call. Ref2589
spam,Limited time offer! Get free rewards today. Ref3130
ham,Reminder: team meeting at 3 PM today. Ref2241
ham,Let's discuss the requirements in today's call. Ref456
spam,Earn money fast from home. Click here now. Ref1572
spam,Urgent: Verify your account and win a bonus. Ref3116
ham,Let's discuss the requirements in today's call. Ref1734
spam,You have been selected for an exclusive gift card. Ref1977
ham,Please find the project update attached. Ref963
spam,Limited time offer! Get free rewards today. Ref378
spam,Urgent: Verify your account and win a bonus. Ref763
ham,Let's discuss the requirements in today's call. Ref3981
spam,Earn money fast from home. Click here now. Ref3289
spam,Congratulations! You have won a cash prize. Claim now. Ref3822
spam,You have been selected for an exclusive gift card. Ref3
spam,Limited time offer! Get free rewards today. Ref1892
ham,"Hi, can we schedule a meeting for tomorrow? Ref632"
spam,Congratulations! You have won a cash prize. Claim now. Ref1107
ham,Please find the project update attached. Ref4441
spam,You have been selected for an exclusive gift card. Ref2611
ham,Please find the project update attached. Ref1619
spam,Congratulations! You have won a cash prize. Claim now. Ref4245
ham,Let's discuss the requirements in today's call. Ref1827
spam,Urgent: Verify your account and win a bonus. Ref1556
ham,Thank you for your email. I will review it. Ref2047
spam,Urgent: Verify your account and win a bonus. Ref1582
spam,Earn money fast from home. Click here now. Ref2783
spam,Limited time offer! Get free rewards today. Ref3566
ham,Please find the project update attached. Ref3893
spam,Congratulations! You have won a cash prize. Claim now. Ref4893
ham,Reminder: team meeting at 3 PM today. Ref342
ham,Let's discuss the requirements in today's call. Ref261
spam,You have been selected for an exclusive gift card. Ref55
ham,Reminder: team meeting at 3 PM today. Ref3556
spam,Congratulations! You have won a cash prize. Claim now. Ref1110
spam,Limited time offer! Get free rewards today. Ref2407
spam,Earn money fast from home. Click here now. Ref1177
ham,Thank you for your email. I will review it. Ref3954
ham,Reminder: team meeting at 3 PM today. Ref4345
spam,Congratulations! You have won a cash prize. Claim now. Ref4859
spam,You have been selected for an exclusive gift card. Ref2708
ham,Please find the project update attached. Ref3637
ham,Thank you for your email. I will review it. Ref223
ham,Thank you for your email. I will review it. Ref3494
ham,"Hi, can we schedule a meeting for tomorrow? Ref4882"
spam,Earn money fast from home. Click here now. Ref2214
spam,Earn money fast from home. Click here now. Ref3424
ham,Thank you for your email. I will review it. Ref566
ham,Thank you for your email. I will review it. Ref4619
spam,You have been selected for an exclusive gift card. Ref4282
ham,Please find the project update attached. Ref1806
spam,Limited time offer! Get free rewards today. Ref981
ham,Reminder: team meeting at 3 PM today. Ref889
ham,"Hi, can we schedule a meeting for tomorrow? Ref4488"
spam,Limited time offer! Get free rewards today. Ref1557
ham,Thank you for your email. I will review it. Ref2292
spam,Limited time offer! Get free rewards today. Ref232
spam,Limited time offer! Get free rewards today. Ref4672
spam,Earn money fast from home. Click here now. Ref93
spam,Limited time offer! Get free rewards today. Ref2697
spam,Limited time offer! Get free rewards today. Ref2867
ham,Reminder: team meeting at 3 PM today. Ref840
ham,Let's discuss the requirements in today's call. Ref762
ham,Thank you for your email. I will review it. Ref4167
ham,Please find the project update attached. Ref802
spam,Limited time offer! Get free rewards today. Ref4469
ham,"Hi, can we schedule a meeting for tomorrow? Ref357"
ham,"Hi, can we schedule a meeting for tomorrow? Ref4873"
spam,Limited time offer! Get free rewards today. Ref468
ham,Thank you for your email. I will review it. Ref3063
ham,"Hi, can we schedule a meeting for tomorrow? Ref2222"
spam,Earn money fast from home. Click here now. Ref445
ham,"Hi, can we schedule a meeting for tomorrow? Ref3947"
spam,Congratulations! You have won a cash prize. Claim now. Ref2623
spam,Limited time offer! Get free rewards today. Ref2769
ham,"Hi, can we schedule a meeting for tomorrow? Ref3192"
ham,Please find the project update attached. Ref3555
ham,Please find the project update attached. Ref3578
spam,Urgent: Verify your account and win a bonus. Ref196
spam,Earn money fast from home. Click here now. Ref4566
ham,"Hi, can we schedule a meeting for tomorrow? Ref3741"
ham,Let's discuss the requirements in today's call. Ref4062
spam,Congratulations! You have won a cash prize. Claim now. Ref2627
ham,"Hi, can we schedule a meeting for tomorrow? Ref4787"
ham,Reminder: team meeting at 3 PM today. Ref3382
ham,Thank you for your email. I will review it. Ref1262
spam,Earn money fast from home. Click here now. Ref1223
spam,Urgent: Verify your account and win a bonus. Ref4679
ham,Please find the project update attached. Ref3402
ham,Thank you for your email. I will review it. Ref3663
ham,Reminder: team meeting at 3 PM today. Ref2214
ham,Please find the project update attached. Ref3800
spam,Limited time offer! Get free rewards today. Ref3086
ham,"Hi, can we schedule a meeting for tomorrow? Ref1159"
spam,Earn money fast from home. Click here now. Ref2175
spam,Congratulations! You have won a cash prize. Claim now. Ref4107
spam,Urgent: Verify your account and win a bonus. Ref3635
ham,Thank you for your email. I will review it. Ref1599
ham,"Hi, can we schedule a meeting for tomorrow? Ref4859"
ham,"Hi, can we schedule a meeting for tomorrow? Ref3129"
spam,Congratulations! You have won a cash prize. Claim now. Ref2908
ham,Reminder: team meeting at 3 PM today. Ref1579
ham,Reminder: team meeting at 3 PM today. Ref2082
spam,Earn money fast from home. Click here now. Ref2864
spam,You have been selected for an exclusive gift card. Ref2246
spam,Limited time offer! Get free rewards today. Ref4290
ham,"Hi, can we schedule a meeting for tomorrow? Ref2846"
ham,Thank you for your email. I will review it. Ref927
spam,Limited time offer! Get free rewards today. Ref4477
ham,Please find the project update attached. Ref4070
ham,Reminder: team meeting at 3 PM today. Ref1356
ham,Thank you for your email. I will review it. Ref2540
ham,Reminder: team meeting at 3 PM today. Ref4804
ham,Reminder: team meeting at 3 PM today. Ref642
spam,Congratulations! You have won a cash prize. Claim now. Ref3313
ham,Please find the project update attached. Ref643
ham,Reminder: team meeting at 3 PM today. Ref1767
ham,Let's discuss the requirements in today's call. Ref3360
spam,Congratulations! You have won a cash prize. Claim now. Ref96
ham,Thank you for your email. I will review it. Ref2254
ham,Please find the project update attached. Ref4154
spam,Urgent: Verify your account and win a bonus. Ref1349
ham,Let's discuss the requirements in today's call. Ref11
spam,Congratulations! You have won a cash prize. Claim now. Ref4238
ham,Reminder: team meeting at 3 PM today. Ref4211
ham,Let's discuss the requirements in today's call. Ref3906
spam,Earn money fast from home. Click here now. Ref4826
ham,Please find the project update attached. Ref2185
spam,Limited time offer! Get free rewards today. Ref2518
spam,Earn money fast from home. Click here now. Ref2581
ham,Let's discuss the requirements in today's call. Ref504
ham,Thank you for your email. I will review it. Ref3347
ham,Reminder: team meeting at 3 PM today. Ref100
ham,Thank you for your email. I will review it. Ref3514
spam,Congratulations! You have won a cash prize. Claim now. Ref3835
spam,Urgent: Verify your account and win a bonus. Ref2607
ham,Reminder: team meeting at 3 PM today. Ref4549
ham,Please find the project update attached. Ref2639
spam,Urgent: Verify your account and win a bonus. Ref4112
ham,Let's discuss the requirements in today's call. Ref2611
spam,Congratulations! You have won a cash prize. Claim now. Ref1613
ham,"Hi, can we schedule a meeting for tomorrow? Ref3407"
ham,Thank you for your email. I will review it. Ref4311
ham,Please find the project update attached. Ref2759
spam,Urgent: Verify your account and win a bonus. Ref1067
ham,Thank you for your email. I will review it. Ref2415
spam,You have been selected for an exclusive gift card. Ref262
ham,Please find the project update attached. Ref4072
ham,"Hi, can we schedule a meeting for tomorrow? Ref1352"
spam,Limited time offer! Get free rewards today. Ref3281
spam,You have been selected for an exclusive gift card. Ref1141
spam,Congratulations! You have won a cash prize. Claim now. Ref2515
spam,Congratulations! You have won a cash prize. Claim now. Ref3991
spam,Earn money fast from home. Click here now. Ref4202
ham,Please find the project update attached. Ref3519
spam,You have been selected for an exclusive gift card. Ref2925
ham,Please find the project update attached. Ref991
ham,Reminder: team meeting at 3 PM today. Ref2021
spam,Congratulations! You have won a cash prize. Claim now. Ref63
spam,Limited time offer! Get free rewards today. Ref1855
ham,Thank you for your email. I will review it. Ref3388
ham,Thank you for your email. I will review it. Ref613
ham,Let's discuss the requirements in today's call. Ref3829
ham,Reminder: team meeting at 3 PM today. Ref4518
ham,Let's discuss the requirements in today's call. Ref1714
ham,Please find the project update attached. Ref3033
spam,Earn money fast from home. Click here now. Ref1710
ham,Let's discuss the requirements in today's call. Ref2210
ham,Please find the project update attached. Ref2680
ham,Thank you for your email. I will review it. Ref1969
spam,Congratulations! You have won a cash prize. Claim now. Ref2618
ham,"Hi, can we schedule a meeting for tomorrow? Ref1743"
ham,Let's discuss the requirements in today's call. Ref3119
ham,Let's discuss the requirements in today's call. Ref3579
ham,Please find the project update attached. Ref3668
ham,Let's discuss the requirements in today's call. Ref2648
ham,Reminder: team meeting at 3 PM today. Ref4047
spam,Congratulations! You have won a cash prize. Claim now. Ref3595
spam,Earn money fast from home. Click here now. Ref4073
ham,"Hi, can we schedule a meeting for tomorrow? Ref1396"
ham,Let's discuss the requirements in today's call. Ref1205
spam,Urgent: Verify your account and win a bonus. Ref1694
ham,"Hi, can we schedule a meeting for tomorrow? Ref1384"
spam,Earn money fast from home. Click here now. Ref402
ham,"Hi, can we schedule a meeting for tomorrow? Ref3424"
ham,Thank you for your email. I will review it. Ref3286
ham,Thank you for your email. I will review it. Ref3673
spam,Urgent: Verify your account and win a bonus. Ref4078
spam,Earn money fast from home. Click here now. Ref2666
ham,"Hi, can we schedule a meeting for tomorrow? Ref3735"
spam,Earn money fast from home. Click here now. Ref1118
spam,You have been selected for an exclusive gift card. Ref1602
spam,Earn money fast from home. Click here now. Ref1499
ham,"Hi, can we schedule a meeting for tomorrow? Ref120"
spam,Urgent: Verify your account and win a bonus. Ref3702
ham,"Hi, can we schedule a meeting for tomorrow? Ref1190"
ham,Please find the project update attached. Ref2603
ham,Thank you for your email. I will review it. Ref2545
spam,Congratulations! You have won a cash prize. Claim now. Ref4057
spam,You have been selected for an exclusive gift card. Ref2545
ham,Reminder: team meeting at 3 PM today. Ref195
ham,Please find the project update attached. Ref1892
ham,Please find the project update attached. Ref2054
ham,Thank you for your email. I will review it. Ref2070
spam,Congratulations! You have won a cash prize. Claim now. Ref1190
ham,Reminder: team meeting at 3 PM today. Ref2638
spam,Earn money fast from home. Click here now. Ref2591
spam,Earn money fast from home. Click here now. Ref2633
ham,Please find the project update attached. Ref3212
ham,"Hi, can we schedule a meeting for tomorrow? Ref974"
spam,Congratulations! You have won a cash prize. Claim now. Ref2025
ham,Thank you for your email. I will review it. Ref4906
ham,Thank you for your email. I will review it. Ref4637
ham,"Hi, can we schedule a meeting for tomorrow? Ref3836"
spam,Urgent: Verify your account and win a bonus. Ref4660
ham,"Hi, can we schedule a meeting for tomorrow? Ref1724"
spam,Congratulations! You have won a cash prize. Claim now. Ref3425
ham,Let's discuss the requirements in today's call. Ref2916
spam,Congratulations! You have won a cash prize. Claim now. Ref3968
ham,Reminder: team meeting at 3 PM today. Ref2005
spam,Congratulations! You have won a cash prize. Claim now. Ref1900
ham,Thank you for your email. I will review it. Ref2135
ham,Thank you for your email. I will review it. Ref2703
ham,"Hi, can we schedule a meeting for tomorrow? Ref3244"
ham,Let's discuss the requirements in today's call. Ref1955
spam,Earn money fast from home. Click here now. Ref340
ham,Reminder: team meeting at 3 PM today. Ref4282
spam,Earn money fast from home. Click here now. Ref4019
ham,Please find the project update attached. Ref3166
ham,Reminder: team meeting at 3 PM today. Ref4120
ham,Thank you for your email. I will review it. Ref3703
spam,Earn money fast from home. Click here now. Ref1383
spam,Urgent: Verify your account and win a bonus. Ref1176
ham,"Hi, can we schedule a meeting for tomorrow? Ref1835"
spam,Urgent: Verify your account and win a bonus. Ref3170
ham,Reminder: team meeting at 3 PM today. Ref29
ham,Please find the project update attached. Ref1011
spam,Earn money fast from home. Click here now. Ref3407
ham,Thank you for your email. I will review it. Ref1946
spam,Congratulations! You have won a cash prize. Claim now. Ref311
ham,Reminder: team meeting at 3 PM today. Ref3439
spam,Limited time offer! Get free rewards today. Ref2270
spam,Congratulations! You have won a cash prize. Claim now. Ref4787
ham,Reminder: team meeting at 3 PM today. Ref3810
spam,You have been selected for an exclusive gift card. Ref3844
ham,Reminder: team meeting at 3 PM today. Ref16
spam,Limited time offer! Get free rewards today. Ref1750
ham,Let's discuss the requirements in today's call. Ref3685
ham,Please find the project update attached. Ref83
spam,Urgent: Verify your account and win a bonus. Ref438
ham,Reminder: team meeting at 3 PM today. Ref4217
spam,Earn money fast from home. Click here now. Ref4389
ham,Please find the project update attached. Ref2338
spam,Limited time offer! Get free rewards today. Ref1047
ham,Thank you for your email. I will review it. Ref1307
spam,Earn money fast from home. Click here now. Ref2019
spam,Congratulations! You have won a cash prize. Claim now. Ref3046
spam,You have been selected for an exclusive gift card. Ref3369
spam,Congratulations! You have won a cash prize. Claim now. Ref2945
ham,Thank you for your email. I will review it. Ref62
ham,Thank you for your email. I will review it. Ref130
ham,Please find the project update attached. Ref1674
ham,"Hi, can we schedule a meeting for tomorrow? Ref3416"
ham,Thank you for your email. I will review it. Ref1451
spam,Limited time offer! Get free rewards today. Ref3829
ham,Thank you for your email. I will review it. Ref2986
ham,Please find the project update attached. Ref2533
ham,Thank you for your email. I will review it. Ref4612
spam,Limited time offer! Get free rewards today. Ref3594
ham,Thank you for your email. I will review it. Ref3103
spam,Limited time offer! Get free rewards today. Ref4311
ham,"Hi, can we schedule a meeting for tomorrow? Ref3219"
spam,Limited time offer! Get free rewards today. Ref497
ham,"Hi, can we schedule a meeting for tomorrow? Ref2004"
ham,Thank you for your email. I will review it. Ref3115
ham,Thank you for your email. I will review it. Ref3052
spam,You have been selected for an exclusive gift card. Ref1331
ham,"Hi, can we schedule a meeting for tomorrow? Ref4995"
spam,Congratulations! You have won a cash prize. Claim now. Ref3972
spam,Urgent: Verify your account and win a bonus. Ref660
spam,Congratulations! You have won a cash prize. Claim now. Ref4064
ham,Reminder: team meeting at 3 PM today. Ref1715
spam,Urgent: Verify your account and win a bonus. Ref4307
ham,Let's discuss the requirements in today's call. Ref3112
ham,"Hi, can we schedule a meeting for tomorrow? Ref2892"
spam,Urgent: Verify your account and win a bonus. Ref2059
spam,Congratulations! You have won a cash prize. Claim now. Ref3512
spam,Congratulations! You have won a cash prize. Claim now. Ref1649
ham,Let's discuss the requirements in today's call. Ref3143
spam,Urgent: Verify your account and win a bonus. Ref274
ham,Please find the project update attached. Ref4486
spam,Limited time offer! Get free rewards today. Ref4194
spam,You have been selected for an exclusive gift card. Ref300
spam,You have been selected for an exclusive gift card. Ref479
spam,Limited time offer! Get free rewards today. Ref4020
spam,Congratulations! You have won a cash prize. Claim now. Ref4961
spam,Congratulations! You have won a cash prize. Claim now. Ref2153
ham,Let's discuss the requirements in today's call. Ref2755
spam,Congratulations! You have won a cash prize. Claim now. Ref2944
spam,Urgent: Verify your account and win a bonus. Ref577
spam,Earn money fast from home. Click here now. Ref2996
spam,Congratulations! You have won a cash prize. Claim now. Ref2507
spam,You have been selected for an exclusive gift card. Ref3964
spam,Earn money fast from home. Click here now. Ref1617
spam,Urgent: Verify your account and win a bonus. Ref307
spam,Limited time offer! Get free rewards today. Ref2989
spam,Earn money fast from home. Click here now. Ref1304
spam,Congratulations! You have won a cash prize. Claim now. Ref611
spam,You have been selected for an exclusive gift card. Ref1467
ham,Let's discuss the requirements in today's call. Ref832
ham,Reminder: team meeting at 3 PM today. Ref4354
ham,Please find the project update attached. Ref4807
ham,Please find the project update attached. Ref181
ham,Please find the project update attached. Ref421
ham,Please find the project update attached. Ref4692
spam,Urgent: Verify your account and win a bonus. Ref2974
ham,Thank you for your email. I will review it. Ref1408
spam,You have been selected for an exclusive gift card. Ref4092
ham,Please find the project update attached. Ref3346
ham,Reminder: team meeting at 3 PM today. Ref404
spam,Earn money fast from home. Click here now. Ref1312
ham,Thank you for your email. I will review it. Ref1622
ham,Let's discuss the requirements in today's call. Ref2458
ham,Please find the project update attached. Ref1034
spam,Limited time offer! Get free rewards today. Ref2786
spam,Earn money fast from home. Click here now. Ref386
spam,Limited time offer! Get free rewards today. Ref1914
spam,Earn money fast from home. Click here now. Ref4370
spam,Limited time offer! Get free rewards today. Ref1439
spam,Urgent: Verify your account and win a bonus. Ref1995
spam,Limited time offer! Get free rewards today. Ref4059
spam,Earn money fast from home. Click here now. Ref4273
spam,You have been selected for an exclusive gift card. Ref2836
ham,Reminder: team meeting at 3 PM today. Ref4930
ham,Let's discuss the requirements in today's call. Ref2934
spam,Earn money fast from home. Click here now. Ref4564
spam,You have been selected for an exclusive gift card. Ref176
spam,Congratulations! You have won a cash prize. Claim now. Ref3383
ham,Reminder: team meeting at 3 PM today. Ref3926
ham,Reminder: team meeting at 3 PM today. Ref736
spam,Limited time offer! Get free rewards today. Ref733
ham,Please find the project update attached. Ref1103
spam,You have been selected for an exclusive gift card. Ref1628
spam,Congratulations! You have won a cash prize. Claim now. Ref2406
spam,Congratulations! You have won a cash prize. Claim now. Ref1997
spam,Congratulations! You have won a cash prize. Claim now. Ref1083
ham,Please find the project update attached. Ref2166
ham,Reminder: team meeting at 3 PM today. Ref3246
spam,Limited time offer! Get free rewards today. Ref2584
spam,Congratulations! You have won a cash prize. Claim now. Ref1752
ham,Let's discuss the requirements in today's call. Ref3191
spam,You have been selected for an exclusive gift card. Ref518
ham,Reminder: team meeting at 3 PM today. Ref383
ham,Thank you for your email. I will review it. Ref4099
spam,Congratulations! You have won a cash prize. Claim now. Ref4702
spam,Earn money fast from home. Click here now. Ref1807
spam,You have been selected for an exclusive gift card. Ref192
spam,Limited time offer! Get free rewards today. Ref1259
spam,Earn money fast from home. Click here now. Ref686
ham,Thank you for your email. I will review it. Ref1939
spam,Urgent: Verify your account and win a bonus. Ref2125
ham,Thank you for your email. I will review it. Ref1795
ham,Please find the project update attached. Ref1471
ham,Thank you for your email. I will review it. Ref4228
spam,Urgent: Verify your account and win a bonus. Ref1673
ham,Reminder: team meeting at 3 PM today. Ref1172
spam,Urgent: Verify your account and win a bonus. Ref623
spam,You have been selected for an exclusive gift card. Ref3171
ham,Reminder: team meeting at 3 PM today. Ref4828
spam,You have been selected for an exclusive gift card. Ref4233
spam,Urgent: Verify your account and win a bonus. Ref2746
ham,Please find the project update attached. Ref825
ham,Thank you for your email. I will review it. Ref401
ham,Thank you for your email. I will review it. Ref3766
ham,Let's discuss the requirements in today's call. Ref4456
ham,Thank you for your email. I will review it. Ref2043
spam,Urgent: Verify your account and win a bonus. Ref2946
ham,Reminder: team meeting at 3 PM today. Ref4439
ham,Let's discuss the requirements in today's call. Ref3845
spam,Congratulations! You have won a cash prize. Claim now. Ref2473
spam,Urgent: Verify your account and win a bonus. Ref269
ham,Reminder: team meeting at 3 PM today. Ref3226
ham,Reminder: team meeting at 3 PM today. Ref1219
ham,Reminder: team meeting at 3 PM today. Ref561
spam,Limited time offer! Get free rewards today. Ref2097
ham,Let's discuss the requirements in today's call. Ref2536
spam,Urgent: Verify your account and win a bonus. Ref1698
ham,Please find the project update attached. Ref3828
spam,Urgent: Verify your account and win a bonus. Ref4248
spam,Urgent: Verify your account and win a bonus. Ref2676
ham,Let's discuss the requirements in today's call. Ref2179
ham,Let's discuss the requirements in today's call. Ref3907
spam,Earn money fast from home. Click here now. Ref2907
ham,Thank you for your email. I will review it. Ref4642
spam,You have been selected for an exclusive gift card. Ref2080
spam,Earn money fast from home. Click here now. Ref3477
spam,You have been selected for an exclusive gift card. Ref868
spam,Earn money fast from home. Click here now. Ref3856
ham,Please find the project update attached. Ref3890
spam,Urgent: Verify your account and win a bonus. Ref3817
ham,Let's discuss the requirements in today's call. Ref1060
ham,"Hi, can we schedule a meeting for tomorrow? Ref2604"
ham,Let's discuss the requirements in today's call. Ref2362
ham,Reminder: team meeting at 3 PM today. Ref4909
spam,Limited time offer! Get free rewards today. Ref2263
spam,Congratulations! You have won a cash prize. Claim now. Ref3439
spam,Congratulations! You have won a cash prize. Claim now. Ref6
spam,Limited time offer! Get free rewards today. Ref934
spam,Earn money fast from home. Click here now. Ref4708
ham,Reminder: team meeting at 3 PM today. Ref3258
ham,Let's discuss the requirements in today's call. Ref2060
spam,Congratulations! You have won a cash prize. Claim now. Ref3839
spam,Earn money fast from home. Click here now. Ref2451
spam,You have been selected for an exclusive gift card. Ref3997
ham,"Hi, can we schedule a meeting for tomorrow? Ref3817"
spam,Earn money fast from home. Click here now. Ref1135
spam,Urgent: Verify your account and win a bonus. Ref3048
ham,Reminder: team meeting at 3 PM today. Ref4491
spam,Earn money fast from home. Click here now. Ref1947
spam,Earn money fast from home. Click here now. Ref1678
spam,Limited time offer! Get free rewards today. Ref248
ham,Let's discuss the requirements in today's call. Ref4734
ham,Reminder: team meeting at 3 PM today. Ref4647
ham,"Hi, can we schedule a meeting for tomorrow? Ref1423"
spam,Earn money fast from home. Click here now. Ref3126
ham,Thank you for your email. I will review it. Ref2044
spam,Limited time offer! Get free rewards today. Ref3867
spam,Limited time offer! Get free rewards today. Ref2598
spam,Earn money fast from home. Click here now. Ref607
spam,Limited time offer! Get free rewards today. Ref3120
ham,"Hi, can we schedule a meeting for tomorrow? Ref4613"
ham,"Hi, can we schedule a meeting for tomorrow? Ref4286"
spam,Urgent: Verify your account and win a bonus. Ref444
ham,"Hi, can we schedule a meeting for tomorrow? Ref3606"
ham,Thank you for your email. I will review it. Ref4967
spam,Earn money fast from home. Click here now. Ref1487
ham,Please find the project update attached. Ref3667
spam,Congratulations! You have won a cash prize. Claim now. Ref1275
ham,Reminder: team meeting at 3 PM today. Ref115
spam,Urgent: Verify your account and win a bonus. Ref861
ham,Let's discuss the requirements in today's call. Ref918
ham,Reminder: team meeting at 3 PM today. Ref2823
ham,Please find the project update attached. Ref3512
ham,Reminder: team meeting at 3 PM today. Ref4742
spam,Limited time offer! Get free rewards today. Ref3828
ham,Please find the project update attached. Ref830
ham,Please find the project update attached. Ref525
ham,Let's discuss the requirements in today's call. Ref565
spam,Limited time offer! Get free rewards today. Ref3735
ham,Reminder: team meeting at 3 PM today. Ref2200
ham,Thank you for your email. I will review it. Ref648
ham,Thank you for your email. I will review it. Ref2614
ham,Thank you for your email. I will review it. Ref2287
ham,Reminder: team meeting at 3 PM today. Ref788
ham,Please find the project update attached. Ref304
ham,Please find the project update attached. Ref775
spam,Congratulations! You have won a cash prize. Claim now. Ref1441
ham,Please find the project update attached. Ref108
spam,Urgent: Verify your account and win a bonus. Ref4512
ham,Reminder: team meeting at 3 PM today. Ref4360
spam,Earn money fast from home. Click here now. Ref3541
ham,Let's discuss the requirements in today's call. Ref1082
ham,Let's discuss the requirements in today's call. Ref2063
spam,You have been selected for an exclusive gift card. Ref382
spam,Earn money fast from home. Click here now. Ref4197
ham,Thank you for your email. I will review it. Ref3526
spam,Urgent: Verify your account and win a bonus. Ref2556
spam,Limited time offer! Get free rewards today. Ref930
ham,Thank you for your email. I will review it. Ref3368
ham,Let's discuss the requirements in today's call. Ref752
ham,"Hi, can we schedule a meeting for tomorrow? Ref2765"
spam,Urgent: Verify your account and win a bonus. Ref3103
ham,Reminder: team meeting at 3 PM today. Ref2261
ham,Please find the project update attached. Ref3138
ham,Reminder: team meeting at 3 PM today. Ref2819
spam,Congratulations! You have won a cash prize. Claim now. Ref1607
spam,Limited time offer! Get free rewards today. Ref2259
spam,Urgent: Verify your account and win a bonus. Ref4283
ham,Reminder: team meeting at 3 PM today. Ref695
ham,Thank you for your email. I will review it. Ref3031
spam,You have been selected for an exclusive gift card. Ref1606
spam,Earn money fast from home. Click here now. Ref1473
spam,Congratulations! You have won a cash prize. Claim now. Ref2914
spam,You have been selected for an exclusive gift card. Ref4843
ham,Please find the project update attached. Ref2901
spam,Earn money fast from home. Click here now. Ref18
ham,Let's discuss the requirements in today's call. Ref754
spam,Limited time offer! Get free rewards today. Ref2816
ham,Please find the project update attached. Ref4314
spam,Limited time offer! Get free rewards today. Ref3536
ham,Please find the project update attached. Ref3096
ham,Thank you for your email. I will review it. Ref197
ham,Let's discuss the requirements in today's call. Ref2480
spam,You have been selected for an exclusive gift card. Ref1816
spam,Earn money fast from home. Click here now. Ref3975
spam,Congratulations! You have won a cash prize. Claim now. Ref4819
ham,"Hi, can we schedule a meeting for tomorrow? Ref2151"
ham,Let's discuss the requirements in today's call. Ref1637
spam,You have been selected for an exclusive gift card. Ref2394
spam,Congratulations! You have won a cash prize. Claim now. Ref316
ham,Please find the project update attached. Ref855
spam,Urgent: Verify your account and win a bonus. Ref489
spam,Limited time offer! Get free rewards today. Ref2201
spam,You have been selected for an exclusive gift card. Ref1564
ham,Reminder: team meeting at 3 PM today. Ref3477
ham,Let's discuss the requirements in today's call. Ref1540
spam,Urgent: Verify your account and win a bonus. Ref2123
spam,Congratulations! You have won a cash prize. Claim now. Ref2558
ham,"Hi, can we schedule a meeting for tomorrow? Ref3900"
ham,Please find the project update attached. Ref3179
ham,"Hi, can we schedule a meeting for tomorrow? Ref2783"
ham,Thank you for your email. I will review it. Ref352
spam,Urgent: Verify your account and win a bonus. Ref2594
ham,Please find the project update attached. Ref874
spam,Limited time offer! Get free rewards today. Ref362
spam,Earn money fast from home. Click here now. Ref2954
ham,Thank you for your email. I will review it. Ref2746
ham,Please find the project update attached. Ref2825
spam,You have been selected for an exclusive gift card. Ref4130
ham,Reminder: team meeting at 3 PM today. Ref1065
spam,Urgent: Verify your account and win a bonus. Ref1877
spam,Earn money fast from home. Click here now. Ref3408
ham,"Hi, can we schedule a meeting for tomorrow? Ref1280"
ham,"Hi, can we schedule a meeting for tomorrow? Ref1682"
ham,"Hi, can we schedule a meeting for tomorrow? Ref3074"
ham,Please find the project update attached. Ref4031
ham,"Hi, can we schedule a meeting for tomorrow? Ref4347"
spam,Limited time offer! Get free rewards today. Ref3791
spam,Limited time offer! Get free rewards today. Ref2533
spam,You have been selected for an exclusive gift card. Ref2829
ham,Reminder: team meeting at 3 PM today. Ref3717
spam,Limited time offer! Get free rewards today. Ref1236
ham,Let's discuss the requirements in today's call. Ref1502
spam,Limited time offer! Get free rewards today. Ref4418
ham,Please find the project update attached. Ref3747
ham,"Hi, can we schedule a meeting for tomorrow? Ref84"
ham,Please find the project update attached. Ref1195
spam,You have been selected for an exclusive gift card. Ref4177
spam,Urgent: Verify your account and win a bonus. Ref3971
spam,Urgent: Verify your account and win a bonus. Ref921
spam,You have been selected for an exclusive gift card. Ref1241
ham,Thank you for your email. I will review it. Ref2495
ham,Please find the project update attached. Ref235
spam,Earn money fast from home. Click here now. Ref4481
ham,Thank you for your email. I will review it. Ref356
spam,You have been selected for an exclusive gift card. Ref3423
ham,Thank you for your email. I will review it. Ref597
spam,Earn money fast from home. Click here now. Ref975
spam,Earn money fast from home. Click here now. Ref2035
ham,Thank you for your email. I will review it. Ref3230
ham,"Hi, can we schedule a meeting for tomorrow? Ref2038"
ham,Please find the project update attached. Ref2484
ham,"Hi, can we schedule a meeting for tomorrow? Ref4237"
spam,You have been selected for an exclusive gift card. Ref3317
spam,Earn money fast from home. Click here now. Ref4500
ham,"Hi, can we schedule a meeting for tomorrow? Ref2181"
spam,Limited time offer! Get free rewards today. Ref4432
spam,You have been selected for an exclusive gift card. Ref98
ham,Reminder: team meeting at 3 PM today. Ref1870
ham,"Hi, can we schedule a meeting for tomorrow? Ref3361"
ham,Please find the project update attached. Ref1628
spam,You have been selected for an exclusive gift card. Ref4967
ham,Please find the project update attached. Ref4183
spam,You have been selected for an exclusive gift card. Ref3980
spam,Limited time offer! Get free rewards today. Ref4604
ham,Thank you for your email. I will review it. Ref4929
ham,Please find the project update attached. Ref4005
ham,Please find the project update attached. Ref399
ham,Let's discuss the requirements in today's call. Ref1580
ham,Let's discuss the requirements in today's call. Ref2106
spam,Earn money fast from home. Click here now. Ref3625
spam,Congratulations! You have won a cash prize. Claim now. Ref933
ham,Let's discuss the requirements in today's call. Ref1432
spam,Congratulations! You have won a cash prize. Claim now. Ref974
spam,Earn money fast from home. Click here now. Ref4921
ham,Please find the project update attached. Ref2450
spam,You have been selected for an exclusive gift card. Ref3583
ham,Thank you for your email. I will review it. Ref254
spam,Urgent: Verify your account and win a bonus. Ref4717
spam,Urgent: Verify your account and win a bonus. Ref865
spam,Congratulations! You have won a cash prize. Claim now. Ref138
ham,Let's discuss the requirements in today's call. Ref3380
spam,Earn money fast from home. Click here now. Ref146
spam,Urgent: Verify your account and win a bonus. Ref3565
spam,Limited time offer! Get free rewards today. Ref628
spam,Limited time offer! Get free rewards today. Ref2461
ham,Thank you for your email. I will review it. Ref670
spam,Urgent: Verify your account and win a bonus. Ref3578
ham,Let's discuss the requirements in today's call. Ref3719
ham,Thank you for your email. I will review it. Ref2974
spam,You have been selected for an exclusive gift card. Ref275
ham,Reminder: team meeting at 3 PM today. Ref3598
ham,Thank you for your email. I will review it. Ref1632
ham,Thank you for your email. I will review it. Ref3433
ham,Please find the project update attached. Ref499
spam,Urgent: Verify your account and win a bonus. Ref617
ham,Let's discuss the requirements in today's call. Ref319
spam,Congratulations! You have won a cash prize. Claim now. Ref1757
ham,Thank you for your email. I will review it. Ref1899
ham,Please find the project update attached. Ref1904
ham,"Hi, can we schedule a meeting for tomorrow? Ref4648"
spam,Earn money fast from home. Click here now. Ref3298
ham,"Hi, can we schedule a meeting for tomorrow? Ref2740"
spam,Congratulations! You have won a cash prize. Claim now. Ref1975
ham,"Hi, can we schedule a meeting for tomorrow? Ref2031"
ham,Reminder: team meeting at 3 PM today. Ref2393
ham,Please find the project update attached. Ref687
ham,Thank you for your email. I will review it. Ref255
ham,Please find the project update attached. Ref2788
spam,You have been selected for an exclusive gift card. Ref2297
ham,Reminder: team meeting at 3 PM today. Ref2933
spam,Earn money fast from home. Click here now. Ref797
spam,Urgent: Verify your account and win a bonus. Ref2323
ham,"Hi, can we schedule a meeting for tomorrow? Ref1513"
spam,Earn money fast from home. Click here now. Ref462
spam,You have been selected for an exclusive gift card. Ref581
ham,"Hi, can we schedule a meeting for tomorrow? Ref2203"
spam,Earn money fast from home. Click here now. Ref809
ham,Please find the project update attached. Ref587
ham,Please find the project update attached. Ref1252
spam,Earn money fast from home. Click here now. Ref2719
ham,Please find the project update attached. Ref4376
spam,Urgent: Verify your account and win a bonus. Ref1180
ham,Reminder: team meeting at 3 PM today. Ref4319
ham,Let's discuss the requirements in today's call. Ref1961
ham,Please find the project update attached. Ref2764
ham,Please find the project update attached. Ref604
spam,Urgent: Verify your account and win a bonus. Ref4555
ham,"Hi, can we schedule a meeting for tomorrow? Ref1547"
ham,Please find the project update attached. Ref4630
spam,Urgent: Verify your account and win a bonus. Ref2565
ham,"Hi, can we schedule a meeting for tomorrow? Ref2297"
spam,Urgent: Verify your account and win a bonus. Ref2950
spam,Limited time offer! Get free rewards today. Ref3021
spam,You have been selected for an exclusive gift card. Ref4881
ham,Let's discuss the requirements in today's call. Ref3771
spam,Congratulations! You have won a cash prize. Claim now. Ref2481
spam,You have been selected for an exclusive gift card. Ref2212
spam,Congratulations! You have won a cash prize. Claim now. Ref2802
ham,Let's discuss the requirements in today's call. Ref471
ham,"Hi, can we schedule a meeting for tomorrow? Ref3097"
spam,Urgent: Verify your account and win a bonus. Ref2730
ham,Thank you for your email. I will review it. Ref827
ham,Reminder: team meeting at 3 PM today. Ref1589
ham,Let's discuss the requirements in today's call. Ref4928
spam,Limited time offer! Get free rewards today. Ref966
spam,Congratulations! You have won a cash prize. Claim now. Ref1911
ham,Thank you for your email. I will review it. Ref3621
ham,Thank you for your email. I will review it. Ref126
spam,You have been selected for an exclusive gift card. Ref2877
spam,Urgent: Verify your account and win a bonus. Ref4304
ham,"Hi, can we schedule a meeting for tomorrow? Ref1361"
spam,Congratulations! You have won a cash prize. Claim now. Ref341
ham,Reminder: team meeting at 3 PM today. Ref4233
spam,Earn money fast from home. Click here now. Ref1078
ham,Thank you for your email. I will review it. Ref641
spam,Earn money fast from home. Click here now. Ref1407
spam,Urgent: Verify your account and win a bonus. Ref1796
spam,Earn money fast from home. Click here now. Ref2490
spam,Limited time offer! Get free rewards today. Ref1648
ham,Reminder: team meeting at 3 PM today. Ref3822
spam,You have been selected for an exclusive gift card. Ref2645
spam,Urgent: Verify your account and win a bonus. Ref2557
spam,Limited time offer! Get free rewards today. Ref4079
spam,You have been selected for an exclusive gift card. Ref39
spam,Earn money fast from home. Click here now. Ref389
spam,Congratulations! You have won a cash prize. Claim now. Ref160
spam,You have been selected for an exclusive gift card. Ref1982
ham,Reminder: team meeting at 3 PM today. Ref1524
spam,Congratulations! You have won a cash prize. Claim now. Ref2036
spam,Congratulations! You have won a cash prize. Claim now. Ref848
spam,Earn money fast from home. Click here now. Ref601
ham,Reminder: team meeting at 3 PM today. Ref631
spam,Limited time offer! Get free rewards today. Ref2812
ham,Thank you for your email. I will review it. Ref340
ham,Reminder: team meeting at 3 PM today. Ref1465
ham,Reminder: team meeting at 3 PM today. Ref1531
ham,Please find the project update attached. Ref4022
spam,Congratulations! You have won a cash prize. Claim now. Ref1035
ham,Reminder: team meeting at 3 PM today. Ref595
spam,Congratulations! You have won a cash prize. Claim now. Ref3918
ham,"Hi, can we schedule a meeting for tomorrow? Ref3759"
spam,Limited time offer! Get free rewards today. Ref1389
ham,"Hi, can we schedule a meeting for tomorrow? Ref1454"
ham,Reminder: team meeting at 3 PM today. Ref4802
ham,Reminder: team meeting at 3 PM today. Ref1915
ham,Let's discuss the requirements in today's call. Ref851
spam,Limited time offer! Get free rewards today. Ref3491
ham,"Hi, can we schedule a meeting for tomorrow? Ref3627"
ham,Thank you for your email. I will review it. Ref3325
spam,Urgent: Verify your account and win a bonus. Ref4942
ham,Reminder: team meeting at 3 PM today. Ref1390
spam,You have been selected for an exclusive gift card. Ref1268
spam,Urgent: Verify your account and win a bonus. Ref3969
spam,Earn money fast from home. Click here now. Ref3001
ham,Thank you for your email. I will review it. Ref3723
spam,Urgent: Verify your account and win a bonus. Ref2219
spam,Urgent: Verify your account and win a bonus. Ref791
ham,Reminder: team meeting at 3 PM today. Ref2422
ham,Let's discuss the requirements in today's call. Ref3976
ham,Please find the project update attached. Ref2582
ham,"Hi, can we schedule a meeting for tomorrow? Ref1257"
ham,Reminder: team meeting at 3 PM today. Ref3133
spam,Limited time offer! Get free rewards today. Ref846
ham,Thank you for your email. I will review it. Ref2272
ham,Let's discuss the requirements in today's call. Ref3857
spam,Urgent: Verify your account and win a bonus. Ref3990
ham,Please find the project update attached. Ref2505
ham,Please find the project update attached. Ref2899
ham,Let's discuss the requirements in today's call. Ref2751
ham,Thank you for your email. I will review it. Ref1772
spam,Limited time offer! Get free rewards today. Ref4042
spam,You have been selected for an exclusive gift card. Ref952
ham,Reminder: team meeting at 3 PM today. Ref3850
ham,Reminder: team meeting at 3 PM today. Ref3316
ham,Thank you for your email. I will review it. Ref753
spam,Urgent: Verify your account and win a bonus. Ref1088
spam,Congratulations! You have won a cash prize. Claim now. Ref3773
ham,"Hi, can we schedule a meeting for tomorrow? Ref3585"
ham,Let's discuss the requirements in today's call. Ref2317
spam,Limited time offer! Get free rewards today. Ref4546
ham,Thank you for your email. I will review it. Ref4032
ham,Please find the project update attached. Ref2773
spam,Urgent: Verify your account and win a bonus. Ref3333
spam,Urgent: Verify your account and win a bonus. Ref3936
spam,Earn money fast from home. Click here now. Ref4408
ham,Let's discuss the requirements in today's call. Ref3965
spam,Congratulations! You have won a cash prize. Claim now. Ref4023
ham,Please find the project update attached. Ref4359
spam,You have been selected for an exclusive gift card. Ref699
ham,Please find the project update attached. Ref477
spam,Earn money fast from home. Click here now. Ref767
ham,Please find the project update attached. Ref1313
spam,Urgent: Verify your account and win a bonus. Ref3362
ham,"Hi, can we schedule a meeting for tomorrow? Ref4144"
ham,"Hi, can we schedule a meeting for tomorrow? Ref2176"
spam,Limited time offer! Get free rewards today. Ref2512
ham,Please find the project update attached. Ref2165
ham,Reminder: team meeting at 3 PM today. Ref1849
ham,Let's discuss the requirements in today's call. Ref3712
ham,Thank you for your email. I will review it. Ref1551
spam,Urgent: Verify your account and win a bonus. Ref70
ham,Let's discuss the requirements in today's call. Ref3122
ham,Please find the project update attached. Ref481
spam,You have been selected for an exclusive gift card. Ref2813
ham,Please find the project update attached. Ref3152
ham,Let's discuss the requirements in today's call. Ref3633
spam,Urgent: Verify your account and win a bonus. Ref2205
ham,Thank you for your email. I will review it. Ref4798
spam,Earn money fast from home. Click here now. Ref1030
spam,Limited time offer! Get free rewards today. Ref3054
spam,Earn money fast from home. Click here now. Ref3528
spam,Congratulations! You have won a cash prize. Claim now. Ref3921
ham,Thank you for your email. I will review it. Ref3276
spam,Congratulations! You have won a cash prize. Claim now. Ref1021
ham,"Hi, can we schedule a meeting for tomorrow? Ref3070"
ham,Thank you for your email. I will review it. Ref1176
spam,You have been selected for an exclusive gift card. Ref3503
spam,Congratulations! You have won a cash prize. Claim now. Ref3445
spam,Earn money fast from home. Click here now. Ref1302
ham,Thank you for your email. I will review it. Ref4497
spam,You have been selected for an exclusive gift card. Ref2839
spam,You have been selected for an exclusive gift card. Ref3967
ham,Let's discuss the requirements in today's call. Ref4972
ham,"Hi, can we schedule a meeting for tomorrow? Ref1053"
spam,You have been selected for an exclusive gift card. Ref403
spam,Urgent: Verify your account and win a bonus. Ref2202
spam,You have been selected for an exclusive gift card. Ref3119
spam,Urgent: Verify your account and win a bonus. Ref3088
ham,Thank you for your email. I will review it. Ref801
spam,Limited time offer! Get free rewards today. Ref4171
spam,Congratulations! You have won a cash prize. Claim now. Ref1124
spam,Congratulations! You have won a cash prize. Claim now. Ref2179
ham,Thank you for your email. I will review it. Ref2017
spam,Earn money fast from home. Click here now. Ref4046
spam,Urgent: Verify your account and win a bonus. Ref4165
ham,Reminder: team meeting at 3 PM today. Ref2850
ham,Reminder: team meeting at 3 PM today. Ref2257
spam,Limited time offer! Get free rewards today. Ref2808
spam,You have been selected for an exclusive gift card. Ref1427
ham,Thank you for your email. I will review it. Ref4208
spam,Urgent: Verify your account and win a bonus. Ref520
ham,"Hi, can we schedule a meeting for tomorrow? Ref3038"
ham,Thank you for your email. I will review it. Ref3846
ham,Please find the project update attached. Ref4937
ham,"Hi, can we schedule a meeting for tomorrow? Ref1701"
spam,Congratulations! You have won a cash prize. Claim now. Ref1522
ham,Please find the project update attached. Ref3972
spam,Limited time offer! Get free rewards today. Ref2668
spam,Earn money fast from home. Click here now. Ref2262
ham,"Hi, can we schedule a meeting for tomorrow? Ref1846"
spam,Urgent: Verify your account and win a bonus. Ref3655
ham,"Hi, can we schedule a meeting for tomorrow? Ref4985"
spam,Urgent: Verify your account and win a bonus. Ref2063
spam,Congratulations! You have won a cash prize. Claim now. Ref4750
spam,Urgent: Verify your account and win a bonus. Ref2288
ham,"Hi, can we schedule a meeting for tomorrow? Ref4165"
ham,Let's discuss the requirements in today's call. Ref3084
ham,Please find the project update attached. Ref1847
spam,You have been selected for an exclusive gift card. Ref2935
spam,Urgent: Verify your account and win a bonus. Ref804
ham,Thank you for your email. I will review it. Ref3590
spam,Congratulations! You have won a cash prize. Claim now. Ref1793
ham,"Hi, can we schedule a meeting for tomorrow? Ref34"
spam,You have been selected for an exclusive gift card. Ref3759
ham,Let's discuss the requirements in today's call. Ref2277
ham,"Hi, can we schedule a meeting for tomorrow? Ref2124"
spam,You have been selected for an exclusive gift card. Ref4989
ham,"Hi, can we schedule a meeting for tomorrow? Ref3657"
ham,Please find the project update attached. Ref2358
spam,Congratulations! You have won a cash prize. Claim now. Ref1341
spam,Limited time offer! Get free rewards today. Ref3211
ham,Let's discuss the requirements in today's call. Ref4978
ham,Please find the project update attached. Ref1595
ham,Reminder: team meeting at 3 PM today. Ref4846
spam,Limited time offer! Get free rewards today. Ref1092
ham,Thank you for your email. I will review it. Ref4689
spam,Earn money fast from home. Click here now. Ref1976
spam,You have been selected for an exclusive gift card. Ref4863
ham,Thank you for your email. I will review it. Ref1710
ham,Thank you for your email. I will review it. Ref50
ham,Let's discuss the requirements in today's call. Ref2449
ham,Let's discuss the requirements in today's call. Ref2612
ham,Let's discuss the requirements in today's call. Ref4777
ham,Please find the project update attached. Ref1016
spam,Limited time offer! Get free rewards today. Ref4733
ham,Reminder: team meeting at 3 PM today. Ref174
ham,Reminder: team meeting at 3 PM today. Ref1002
ham,"Hi, can we schedule a meeting for tomorrow? Ref1856"
spam,Congratulations! You have won a cash prize. Claim now. Ref3310
spam,Urgent: Verify your account and win a bonus. Ref3983
ham,"Hi, can we schedule a meeting for tomorrow? Ref3329"
spam,Limited time offer! Get free rewards today. Ref998
ham,Please find the project update attached. Ref4025
ham,"Hi, can we schedule a meeting for tomorrow? Ref2128"
spam,You have been selected for an exclusive gift card. Ref2818
ham,Reminder: team meeting at 3 PM today. Ref690
spam,Earn money fast from home. Click here now. Ref900
spam,Urgent: Verify your account and win a bonus. Ref4293
ham,Please find the project update attached. Ref4863
spam,Congratulations! You have won a cash prize. Claim now. Ref199
ham,Let's discuss the requirements in today's call. Ref2971
spam,Urgent: Verify your account and win a bonus. Ref2602
ham,Reminder: team meeting at 3 PM today. Ref4399
ham,Please find the project update attached. Ref2782
spam,Earn money fast from home. Click here now. Ref1181
ham,Let's discuss the requirements in today's call. Ref3079
spam,Limited time offer! Get free rewards today. Ref319
ham,Let's discuss the requirements in today's call. Ref574
ham,"Hi, can we schedule a meeting for tomorrow? Ref4885"
ham,Reminder: team meeting at 3 PM today. Ref526
ham,Let's discuss the requirements in today's call. Ref189
ham,Thank you for your email. I will review it. Ref4388
spam,Earn money fast from home. Click here now. Ref0
spam,Earn money fast from home. Click here now. Ref4084
spam,Earn money fast from home. Click here now. Ref1998
spam,Urgent: Verify your account and win a bonus. Ref1500
spam,Earn money fast from home. Click here now. Ref1125
ham,"Hi, can we schedule a meeting for tomorrow? Ref1072"
ham,Please find the project update attached. Ref4110
spam,Congratulations! You have won a cash prize. Claim now. Ref4601
spam,Earn money fast from home. Click here now. Ref4399
ham,Thank you for your email. I will review it. Ref3783
spam,Limited time offer! Get free rewards today. Ref4067
spam,Limited time offer! Get free rewards today. Ref657
spam,Earn money fast from home. Click here now. Ref1457
ham,Reminder: team meeting at 3 PM today. Ref458
spam,You have been selected for an exclusive gift card. Ref1611
ham,Let's discuss the requirements in today's call. Ref1119
ham,Thank you for your email. I will review it. Ref3293
ham,Please find the project update attached. Ref758
spam,Urgent: Verify your account and win a bonus. Ref943
ham,Please find the project update attached. Ref1490
spam,You have been selected for an exclusive gift card. Ref953
spam,Urgent: Verify your account and win a bonus. Ref3034
ham,Please find the project update attached. Ref237
ham,Reminder: team meeting at 3 PM today. Ref4044
ham,Reminder: team meeting at 3 PM today. Ref2155
ham,Let's discuss the requirements in today's call. Ref2617
spam,Urgent: Verify your account and win a bonus. Ref2872
spam,Limited time offer! Get free rewards today. Ref1651
ham,Thank you for your email. I will review it. Ref4422
ham,Thank you for your email. I will review it. Ref4933
spam,You have been selected for an exclusive gift card. Ref925
ham,"Hi, can we schedule a meeting for tomorrow? Ref4646"
spam,Congratulations! You have won a cash prize. Claim now. Ref3393
spam,Earn money fast from home. Click here now. Ref4508
ham,Please find the project update attached. Ref4129
spam,Congratulations! You have won a cash prize. Claim now. Ref2397
ham,Let's discuss the requirements in today's call. Ref2252
spam,Earn money fast from home. Click here now. Ref3166
spam,Congratulations! You have won a cash prize. Claim now. Ref659
ham,"Hi, can we schedule a meeting for tomorrow? Ref462"
ham,Thank you for your email. I will review it. Ref3778
spam,Urgent: Verify your account and win a bonus. Ref3744
spam,Earn money fast from home. Click here now. Ref204
spam,Urgent: Verify your account and win a bonus. Ref728
ham,Let's discuss the requirements in today's call. Ref2622
spam,Limited time offer! Get free rewards today. Ref548
spam,Congratulations! You have won a cash prize. Claim now. Ref392
ham,Let's discuss the requirements in today's call. Ref580
ham,Let's discuss the requirements in today's call. Ref2465
spam,Limited time offer! Get free rewards today. Ref383
ham,Reminder: team meeting at 3 PM today. Ref4117
ham,Please find the project update attached. Ref949
spam,Urgent: Verify your account and win a bonus. Ref3038
ham,Thank you for your email. I will review it. Ref1733
spam,Urgent: Verify your account and win a bonus. Ref339
ham,Thank you for your email. I will review it. Ref2988
spam,Urgent: Verify your account and win a bonus. Ref2395
spam,Earn money fast from home. Click here now. Ref4406
spam,Congratulations! You have won a cash prize. Claim now. Ref1639
spam,Urgent: Verify your account and win a bonus. Ref3322
spam,Earn money fast from home. Click here now. Ref3714
ham,"Hi, can we schedule a meeting for tomorrow? Ref2148"
spam,Earn money fast from home. Click here now. Ref4205
spam,Urgent: Verify your account and win a bonus. Ref2824
spam,You have been selected for an exclusive gift card. Ref1824
spam,Limited time offer! Get free rewards today. Ref4317
ham,Please find the project update attached. Ref3841
spam,Earn money fast from home. Click here now. Ref2952
spam,Limited time offer! Get free rewards today. Ref1756
spam,Limited time offer! Get free rewards today. Ref337
spam,Earn money fast from home. Click here now. Ref748
ham,Please find the project update attached. Ref739
ham,Reminder: team meeting at 3 PM today. Ref1470
spam,You have been selected for an exclusive gift card. Ref2171
spam,Earn money fast from home. Click here now. Ref637
ham,"Hi, can we schedule a meeting for tomorrow? Ref4107"
ham,"Hi, can we schedule a meeting for tomorrow? Ref4615"
spam,Limited time offer! Get free rewards today. Ref4496
ham,Please find the project update attached. Ref4009
ham,"Hi, can we schedule a meeting for tomorrow? Ref3294"
ham,"Hi, can we schedule a meeting for tomorrow? Ref2497"
ham,Let's discuss the requirements in today's call. Ref4408
ham,Let's discuss the requirements in today's call. Ref3864
spam,You have been selected for an exclusive gift card. Ref2656
spam,You have been selected for an exclusive gift card. Ref2858
spam,You have been selected for an exclusive gift card. Ref4835
spam,Limited time offer! Get free rewards today. Ref1868
spam,Earn money fast from home. Click here now. Ref1782
spam,Congratulations! You have won a cash prize. Claim now. Ref1843
spam,Limited time offer! Get free rewards today. Ref4499
spam,You have been selected for an exclusive gift card. Ref4624
spam,Congratulations! You have won a cash prize. Claim now. Ref3927
ham,Let's discuss the requirements in today's call. Ref1227
spam,Urgent: Verify your account and win a bonus. Ref2435
spam,Earn money fast from home. Click here now. Ref1320
spam,Limited time offer! Get free rewards today. Ref3293
ham,Thank you for your email. I will review it. Ref3030
spam,Limited time offer! Get free rewards today. Ref1774
spam,Limited time offer! Get free rewards today. Ref3421
spam,Urgent: Verify your account and win a bonus. Ref522
spam,Limited time offer! Get free rewards today. Ref3363
spam,Limited time offer! Get free rewards today. Ref1149
ham,Reminder: team meeting at 3 PM today. Ref4371
ham,Let's discuss the requirements in today's call. Ref3678
ham,Please find the project update attached. Ref106
spam,Urgent: Verify your account and win a bonus. Ref2691
spam,Congratulations! You have won a cash prize. Claim now. Ref625
ham,Please find the project update attached. Ref4111
ham,Reminder: team meeting at 3 PM today. Ref1520
spam,Congratulations! You have won a cash prize. Claim now. Ref984
ham,"Hi, can we schedule a meeting for tomorrow? Ref2686"
spam,Earn money fast from home. Click here now. Ref1988
ham,Thank you for your email. I will review it. Ref2245
spam,Earn money fast from home. Click here now. Ref4753
spam,Limited time offer! Get free rewards today. Ref34
ham,Let's discuss the requirements in today's call. Ref3075
spam,You have been selected for an exclusive gift card. Ref3511
ham,Reminder: team meeting at 3 PM today. Ref1037
spam,Limited time offer! Get free rewards today. Ref2541
ham,Reminder: team meeting at 3 PM today. Ref312
ham,Reminder: team meeting at 3 PM today. Ref2635
spam,You have been selected for an exclusive gift card. Ref2364
spam,Congratulations! You have won a cash prize. Claim now. Ref4748
ham,Thank you for your email. I will review it. Ref717
ham,Thank you for your email. I will review it. Ref1305
ham,"Hi, can we schedule a meeting for tomorrow? Ref634"
ham,Reminder: team meeting at 3 PM today. Ref4783
ham,Reminder: team meeting at 3 PM today. Ref1120
ham,Let's discuss the requirements in today's call. Ref1216
ham,Please find the project update attached. Ref4626
ham,Please find the project update attached. Ref3454
spam,Congratulations! You have won a cash prize. Claim now. Ref2640
ham,Let's discuss the requirements in today's call. Ref1903
ham,Thank you for your email. I will review it. Ref4071
spam,You have been selected for an exclusive gift card. Ref1495
spam,You have been selected for an exclusive gift card. Ref4226
ham,Thank you for your email. I will review it. Ref79
spam,Urgent: Verify your account and win a bonus. Ref3574
ham,Thank you for your email. I will review it. Ref4596
ham,Let's discuss the requirements in today's call. Ref680
spam,Earn money fast from home. Click here now. Ref755
spam,Urgent: Verify your account and win a bonus. Ref2760
ham,"Hi, can we schedule a meeting for tomorrow? Ref90"
spam,You have been selected for an exclusive gift card. Ref3724
spam,Congratulations! You have won a cash prize. Claim now. Ref4629
spam,Limited time offer! Get free rewards today. Ref83
ham,Please find the project update attached. Ref1800
ham,"Hi, can we schedule a meeting for tomorrow? Ref2840"
ham,Let's discuss the requirements in today's call. Ref1484
ham,Thank you for your email. I will review it. Ref4762
ham,Let's discuss the requirements in today's call. Ref3386
ham,Thank you for your email. I will review it. Ref3254
spam,Urgent: Verify your account and win a bonus. Ref4349
ham,Reminder: team meeting at 3 PM today. Ref2711
ham,Let's discuss the requirements in today's call. Ref2556
ham,Reminder: team meeting at 3 PM today. Ref3582
spam,Urgent: Verify your account and win a bonus. Ref2283
ham,Reminder: team meeting at 3 PM today. Ref3987
ham,Reminder: team meeting at 3 PM today. Ref2646
spam,Limited time offer! Get free rewards today. Ref4504
ham,Let's discuss the requirements in today's call. Ref3779
ham,Please find the project update attached. Ref4886
ham,"Hi, can we schedule a meeting for tomorrow? Ref3690"
ham,Please find the project update attached. Ref2335
ham,Reminder: team meeting at 3 PM today. Ref422
ham,Let's discuss the requirements in today's call. Ref1972
ham,"Hi, can we schedule a meeting for tomorrow? Ref3540"
spam,Earn money fast from home. Click here now. Ref4984
ham,Let's discuss the requirements in today's call. Ref529
ham,"Hi, can we schedule a meeting for tomorrow? Ref498"
spam,You have been selected for an exclusive gift card. Ref4167
ham,"Hi, can we schedule a meeting for tomorrow? Ref1918"
spam,You have been selected for an exclusive gift card. Ref1879
spam,You have been selected for an exclusive gift card. Ref4361
spam,You have been selected for an exclusive gift card. Ref1227
spam,You have been selected for an exclusive gift card. Ref211
ham,Please find the project update attached. Ref2061
spam,Earn money fast from home. Click here now. Ref986
ham,Let's discuss the requirements in today's call. Ref4502
spam,You have been selected for an exclusive gift card. Ref2334
ham,Let's discuss the requirements in today's call. Ref110
spam,Congratulations! You have won a cash prize. Claim now. Ref1075
spam,Limited time offer! Get free rewards today. Ref1935
spam,Limited time offer! Get free rewards today. Ref314
ham,"Hi, can we schedule a meeting for tomorrow? Ref400"
spam,Congratulations! You have won a cash prize. Claim now. Ref2460
spam,Earn money fast from home. Click here now. Ref4493
spam,Congratulations! You have won a cash prize. Claim now. Ref3343
ham,Please find the project update attached. Ref2998
spam,Earn money fast from home. Click here now. Ref3151
spam,Earn money fast from home. Click here now. Ref2522
ham,Reminder: team meeting at 3 PM today. Ref2649
spam,Limited time offer! Get free rewards today. Ref3156
ham,Let's discuss the requirements in today's call. Ref1860
spam,You have been selected for an exclusive gift card. Ref3332
spam,You have been selected for an exclusive gift card. Ref368
spam,Urgent: Verify your account and win a bonus. Ref1290
ham,Thank you for your email. I will review it. Ref3072
ham,Let's discuss the requirements in today's call. Ref2542
spam,Urgent: Verify your account and win a bonus. Ref3861
spam,You have been selected for an exclusive gift card. Ref3945
ham,Thank you for your email. I will review it. Ref1638
spam,Urgent: Verify your account and win a bonus. Ref2847
spam,You have been selected for an exclusive gift card. Ref3028
spam,Congratulations! You have won a cash prize. Claim now. Ref915
ham,"Hi, can we schedule a meeting for tomorrow? Ref1346"
spam,Limited time offer! Get free rewards today. Ref4842
spam,Limited time offer! Get free rewards today. Ref4571
ham,Thank you for your email. I will review it. Ref552
ham,Thank you for your email. I will review it. Ref1805
spam,You have been selected for an exclusive gift card. Ref2848
spam,You have been selected for an exclusive gift card. Ref112
ham,Reminder: team meeting at 3 PM today. Ref4958
spam,Earn money fast from home. Click here now. Ref4663
spam,Urgent: Verify your account and win a bonus. Ref2729
ham,Thank you for your email. I will review it. Ref3095
ham,Reminder: team meeting at 3 PM today. Ref2514
ham,Reminder: team meeting at 3 PM today. Ref1055
spam,Congratulations! You have won a cash prize. Claim now. Ref4998
ham,Please find the project update attached. Ref2407
spam,Congratulations! You have won a cash prize. Claim now. Ref4620
ham,Thank you for your email. I will review it. Ref4524
ham,Please find the project update attached. Ref506
ham,Please find the project update attached. Ref341
ham,Please find the project update attached. Ref4310
ham,Thank you for your email. I will review it. Ref4358
ham,Thank you for your email. I will review it. Ref3319
ham,"Hi, can we schedule a meeting for tomorrow? Ref2398"
ham,"Hi, can we schedule a meeting for tomorrow? Ref291"
spam,Limited time offer! Get free rewards today. Ref2182
ham,Please find the project update attached. Ref2526
ham,Please find the project update attached. Ref4050
ham,Please find the project update attached. Ref1787
spam,Congratulations! You have won a cash prize. Claim now. Ref883
spam,You have been selected for an exclusive gift card. Ref4440
spam,Earn money fast from home. Click here now. Ref310
ham,"Hi, can we schedule a meeting for tomorrow? Ref4258"
spam,Limited time offer! Get free rewards today. Ref2669
ham,Let's discuss the requirements in today's call. Ref1593
spam,Limited time offer! Get free rewards today. Ref3370
spam,Congratulations! You have won a cash prize. Claim now. Ref4988
ham,Thank you for your email. I will review it. Ref2237
ham,Let's discuss the requirements in today's call. Ref1690
ham,Thank you for your email. I will review it. Ref859
ham,Thank you for your email. I will review it. Ref592
ham,"Hi, can we schedule a meeting for tomorrow? Ref3048"
ham,Please find the project update attached. Ref4055
spam,Earn money fast from home. Click here now. Ref2585
ham,Thank you for your email. I will review it. Ref440
ham,"Hi, can we schedule a meeting for tomorrow? Ref4342"
ham,"Hi, can we schedule a meeting for tomorrow? Ref1192"
spam,Earn money fast from home. Click here now. Ref115
ham,"Hi, can we schedule a meeting for tomorrow? Ref671"
ham,"Hi, can we schedule a meeting for tomorrow? Ref2083"
ham,Thank you for your email. I will review it. Ref4570
ham,Thank you for your email. I will review it. Ref1148
spam,You have been selected for an exclusive gift card. Ref4795
spam,Earn money fast from home. Click here now. Ref1904
ham,"Hi, can we schedule a meeting for tomorrow? Ref3062"
ham,Thank you for your email. I will review it. Ref33
ham,Thank you for your email. I will review it. Ref866
spam,Urgent: Verify your account and win a bonus. Ref3810
spam,Congratulations! You have won a cash prize. Claim now. Ref997
ham,Reminder: team meeting at 3 PM today. Ref2324
spam,Urgent: Verify your account and win a bonus. Ref1934
spam,Limited time offer! Get free rewards today. Ref305
spam,Urgent: Verify your account and win a bonus. Ref745
spam,Congratulations! You have won a cash prize. Claim now. Ref3364
ham,Please find the project update attached. Ref3357
ham,Reminder: team meeting at 3 PM today. Ref56
ham,Let's discuss the requirements in today's call. Ref2643
spam,Earn money fast from home. Click here now. Ref4229
ham,Reminder: team meeting at 3 PM today. Ref4568
ham,Thank you for your email. I will review it. Ref4962
spam,Congratulations! You have won a cash prize. Claim now. Ref3864
spam,Limited time offer! Get free rewards today. Ref942
spam,You have been selected for an exclusive gift card. Ref927
ham,Thank you for your email. I will review it. Ref3761
spam,Urgent: Verify your account and win a bonus. Ref2873
spam,Limited time offer! Get free rewards today. Ref3766
ham,Please find the project update attached. Ref3997
spam,Congratulations! You have won a cash prize. Claim now. Ref4956
ham,Thank you for your email. I will review it. Ref4663
ham,Please find the project update attached. Ref3378
spam,Earn money fast from home. Click here now. Ref2127
spam,Urgent: Verify your account and win a bonus. Ref3031
ham,Reminder: team meeting at 3 PM today. Ref3065
spam,Congratulations! You have won a cash prize. Claim now. Ref1989
ham,Thank you for your email. I will review it. Ref2493
ham,"Hi, can we schedule a meeting for tomorrow? Ref4780"
spam,Earn money fast from home. Click here now. Ref44
ham,"Hi, can we schedule a meeting for tomorrow? Ref1441"
spam,Limited time offer! Get free rewards today. Ref4585
spam,Limited time offer! Get free rewards today. Ref1153
ham,"Hi, can we schedule a meeting for tomorrow? Ref68"
spam,Earn money fast from home. Click here now. Ref4674
ham,Thank you for your email. I will review it. Ref333
ham,Reminder: team meeting at 3 PM today. Ref2615
spam,You have been selected for an exclusive gift card. Ref2648
ham,"Hi, can we schedule a meeting for tomorrow? Ref615"
spam,Urgent: Verify your account and win a bonus. Ref770
ham,"Hi, can we schedule a meeting for tomorrow? Ref3355"
ham,"Hi, can we schedule a meeting for tomorrow? Ref1689"
ham,Thank you for your email. I will review it. Ref3487
spam,Congratulations! You have won a cash prize. Claim now. Ref552
spam,Earn money fast from home. Click here now. Ref4485
ham,"Hi, can we schedule a meeting for tomorrow? Ref1281"
ham,Please find the project update attached. Ref349
spam,Urgent: Verify your account and win a bonus. Ref3483
ham,Please find the project update attached. Ref416
ham,Let's discuss the requirements in today's call. Ref4133
ham,"Hi, can we schedule a meeting for tomorrow? Ref1158"
ham,Please find the project update attached. Ref1989
spam,Congratulations! You have won a cash prize. Claim now. Ref2208
spam,Urgent: Verify your account and win a bonus. Ref2191
ham,Thank you for your email. I will review it. Ref1472
ham,"Hi, can we schedule a meeting for tomorrow? Ref4436"
ham,"Hi, can we schedule a meeting for tomorrow? Ref4535"
ham,Let's discuss the requirements in today's call. Ref4993
ham,Reminder: team meeting at 3 PM today. Ref2613
ham,"Hi, can we schedule a meeting for tomorrow? Ref2078"
spam,Earn money fast from home. Click here now. Ref3496
ham,Let's discuss the requirements in today's call. Ref2625
spam,Earn money fast from home. Click here now. Ref2823
spam,Earn money fast from home. Click here now. Ref4393
spam,Urgent: Verify your account and win a bonus. Ref4627
ham,Reminder: team meeting at 3 PM today. Ref3733
ham,Reminder: team meeting at 3 PM today. Ref2198
ham,Let's discuss the requirements in today's call. Ref4624
spam,Congratulations! You have won a cash prize. Claim now. Ref1134
spam,You have been selected for an exclusive gift card. Ref234
spam,Limited time offer! Get free rewards today. Ref4336
spam,Congratulations! You have won a cash prize. Claim now. Ref973
ham,Thank you for your email. I will review it. Ref2127
ham,Let's discuss the requirements in today's call. Ref49
ham,Please find the project update attached. Ref141
ham,Please find the project update attached. Ref3551
ham,Let's discuss the requirements in today's call. Ref147
ham,"Hi, can we schedule a meeting for tomorrow? Ref1624"
spam,You have been selected for an exclusive gift card. Ref4345
ham,Let's discuss the requirements in today's call. Ref3839
ham,Thank you for your email. I will review it. Ref389
spam,Urgent: Verify your account and win a bonus. Ref4235
ham,Let's discuss the requirements in today's call. Ref1242
ham,Please find the project update attached. Ref4815
ham,Reminder: team meeting at 3 PM today. Ref3925
ham,Please find the project update attached. Ref3568
spam,Limited time offer! Get free rewards today. Ref3479
spam,Congratulations! You have won a cash prize. Claim now. Ref4446
spam,Congratulations! You have won a cash prize. Claim now. Ref4528
ham,Let's discuss the requirements in today's call. Ref86
spam,Earn money fast from home. Click here now. Ref2552
spam,Congratulations! You have won a cash prize. Claim now. Ref3172
spam,Urgent: Verify your account and win a bonus. Ref230
spam,Urgent: Verify your account and win a bonus. Ref2538
spam,Earn money fast from home. Click here now. Ref3803
ham,Please find the project update attached. Ref7
ham,"Hi, can we schedule a meeting for tomorrow? Ref4156"
ham,Please find the project update attached. Ref470
ham,Reminder: team meeting at 3 PM today. Ref3253
spam,Limited time offer! Get free rewards today. Ref2072
spam,Congratulations! You have won a cash prize. Claim now. Ref3243
ham,Reminder: team meeting at 3 PM today. Ref330
ham,"Hi, can we schedule a meeting for tomorrow? Ref3557"
spam,Congratulations! You have won a cash prize. Claim now. Ref4801
ham,Reminder: team meeting at 3 PM today. Ref3374
ham,Reminder: team meeting at 3 PM today. Ref2163
ham,Thank you for your email. I will review it. Ref779
spam,You have been selected for an exclusive gift card. Ref13
ham,Please find the project update attached. Ref4923
spam,You have been selected for an exclusive gift card. Ref2568
spam,Earn money fast from home. Click here now. Ref3435
spam,Earn money fast from home. Click here now. Ref4678
spam,Congratulations! You have won a cash prize. Claim now. Ref3543
ham,Reminder: team meeting at 3 PM today. Ref4438
ham,Thank you for your email. I will review it. Ref2970
ham,Please find the project update attached. Ref1258
spam,Earn money fast from home. Click here now. Ref357
ham,Let's discuss the requirements in today's call. Ref646
spam,Congratulations! You have won a cash prize. Claim now. Ref3475
ham,"Hi, can we schedule a meeting for tomorrow? Ref2904"
ham,Please find the project update attached. Ref1614
ham,Reminder: team meeting at 3 PM today. Ref996
ham,"Hi, can we schedule a meeting for tomorrow? Ref4325"
ham,Let's discuss the requirements in today's call. Ref211
ham,Thank you for your email. I will review it. Ref2143
ham,Let's discuss the requirements in today's call. Ref3851
ham,"Hi, can we schedule a meeting for tomorrow? Ref4679"
ham,Reminder: team meeting at 3 PM today. Ref3951
ham,"Hi, can we schedule a meeting for tomorrow? Ref3595"
ham,Please find the project update attached. Ref799
ham,Thank you for your email. I will review it. Ref1999
ham,Please find the project update attached. Ref538
ham,Let's discuss the requirements in today's call. Ref3802
ham,Please find the project update attached. Ref1135
ham,Let's discuss the requirements in today's call. Ref3395
ham,"Hi, can we schedule a meeting for tomorrow? Ref1165"
ham,Reminder: team meeting at 3 PM today. Ref3224
spam,Limited time offer! Get free rewards today. Ref2365
spam,Congratulations! You have won a cash prize. Claim now. Ref1516
spam,Limited time offer! Get free rewards today. Ref1744
spam,Congratulations! You have won a cash prize. Claim now. Ref1062
ham,Please find the project update attached. Ref2447
ham,"Hi, can we schedule a meeting for tomorrow? Ref688"
ham,"Hi, can we schedule a meeting for tomorrow? Ref2942"
spam,You have been selected for an exclusive gift card. Ref3230
ham,Thank you for your email. I will review it. Ref2560
spam,You have been selected for an exclusive gift card. Ref1684
ham,Please find the project update attached. Ref1050
spam,Urgent: Verify your account and win a bonus. Ref2
ham,Please find the project update attached. Ref1083
ham,Reminder: team meeting at 3 PM today. Ref3324
ham,Please find the project update attached. Ref2121
spam,You have been selected for an exclusive gift card. Ref4198
spam,Earn money fast from home. Click here now. Ref781
spam,You have been selected for an exclusive gift card. Ref1819
spam,Limited time offer! Get free rewards today. Ref654
spam,Congratulations! You have won a cash prize. Claim now. Ref1615
ham,Let's discuss the requirements in today's call. Ref2316
spam,Earn money fast from home. Click here now. Ref1624
ham,Please find the project update attached. Ref1387
spam,Urgent: Verify your account and win a bonus. Ref3506
spam,Congratulations! You have won a cash prize. Claim now. Ref1435
spam,Earn money fast from home. Click here now. Ref1755
spam,Earn money fast from home. Click here now. Ref550
spam,Limited time offer! Get free rewards today. Ref4908
spam,Urgent: Verify your account and win a bonus. Ref670
ham,"Hi, can we schedule a meeting for tomorrow? Ref1236"
spam,Urgent: Verify your account and win a bonus. Ref1647
spam,You have been selected for an exclusive gift card. Ref2995
spam,Urgent: Verify your account and win a bonus. Ref3842
spam,Earn money fast from home. Click here now. Ref1512
ham,Let's discuss the requirements in today's call. Ref3338
ham,Reminder: team meeting at 3 PM today. Ref3859
spam,Limited time offer! Get free rewards today. Ref4335
ham,Please find the project update attached. Ref977
spam,Urgent: Verify your account and win a bonus. Ref1709
spam,You have been selected for an exclusive gift card. Ref4936
spam,Congratulations! You have won a cash prize. Claim now. Ref3345
spam,Earn money fast from home. Click here now. Ref4286
spam,Earn money fast from home. Click here now. Ref594
ham,Please find the project update attached. Ref273
spam,Urgent: Verify your account and win a bonus. Ref2231
spam,Congratulations! You have won a cash prize. Claim now. Ref843
spam,Urgent: Verify your account and win a bonus. Ref1991
spam,Limited time offer! Get free rewards today. Ref423
ham,"Hi, can we schedule a meeting for tomorrow? Ref4707"
ham,Thank you for your email. I will review it. Ref2779
ham,Reminder: team meeting at 3 PM today. Ref1836
ham,Thank you for your email. I will review it. Ref4956
spam,Urgent: Verify your account and win a bonus. Ref493
ham,Thank you for your email. I will review it. Ref2177
spam,You have been selected for an exclusive gift card. Ref2112
spam,Earn money fast from home. Click here now. Ref2477
spam,Limited time offer! Get free rewards today. Ref2069
ham,"Hi, can we schedule a meeting for tomorrow? Ref1412"
ham,Let's discuss the requirements in today's call. Ref4826
spam,Earn money fast from home. Click here now. Ref4138
spam,Urgent: Verify your account and win a bonus. Ref614
ham,Let's discuss the requirements in today's call. Ref3032
spam,Urgent: Verify your account and win a bonus. Ref575
spam,Limited time offer! Get free rewards today. Ref1742
spam,You have been selected for an exclusive gift card. Ref1357
ham,Please find the project update attached. Ref243
ham,Please find the project update attached. Ref701
spam,You have been selected for an exclusive gift card. Ref3419
spam,You have been selected for an exclusive gift card. Ref3135
spam,Urgent: Verify your account and win a bonus. Ref3292
ham,Let's discuss the requirements in today's call. Ref3956
spam,Limited time offer! Get free rewards today. Ref4880
ham,Please find the project update attached. Ref4938
ham,Let's discuss the requirements in today's call. Ref2690
spam,Limited time offer! Get free rewards today. Ref2537
spam,Congratulations! You have won a cash prize. Claim now. Ref1610
spam,Limited time offer! Get free rewards today. Ref4735
spam,Urgent: Verify your account and win a bonus. Ref4255
spam,Urgent: Verify your account and win a bonus. Ref4751
spam,Congratulations! You have won a cash prize. Claim now. Ref2092
spam,Urgent: Verify your account and win a bonus. Ref1039
ham,Please find the project update attached. Ref2074
spam,Earn money fast from home. Click here now. Ref1544
spam,Limited time offer! Get free rewards today. Ref3804
spam,Limited time offer! Get free rewards today. Ref102
ham,Thank you for your email. I will review it. Ref1845
spam,You have been selected for an exclusive gift card. Ref3904
ham,"Hi, can we schedule a meeting for tomorrow? Ref3123"
spam,Limited time offer! Get free rewards today. Ref3177
ham,"Hi, can we schedule a meeting for tomorrow? Ref3117"
ham,Please find the project update attached. Ref1994
spam,Congratulations! You have won a cash prize. Claim now. Ref4095
spam,Congratulations! You have won a cash prize. Claim now. Ref2102
spam,Urgent: Verify your account and win a bonus. Ref4542
spam,Congratulations! You have won a cash prize. Claim now. Ref2523
spam,Congratulations! You have won a cash prize. Claim now. Ref4187
spam,Congratulations! You have won a cash prize. Claim now. Ref4375
ham,"Hi, can we schedule a meeting for tomorrow? Ref923"
ham,Reminder: team meeting at 3 PM today. Ref3238
spam,Earn money fast from home. Click here now. Ref639
ham,"Hi, can we schedule a meeting for tomorrow? Ref3686"
spam,Earn money fast from home. Click here now. Ref4949
spam,Earn money fast from home. Click here now. Ref1770
ham,Please find the project update attached. Ref4097
spam,Urgent: Verify your account and win a bonus. Ref922
ham,Let's discuss the requirements in today's call. Ref4308
ham,"Hi, can we schedule a meeting for tomorrow? Ref1764"
ham,Please find the project update attached. Ref1382
ham,Thank you for your email. I will review it. Ref4982
ham,Thank you for your email. I will review it. Ref4179
spam,Limited time offer! Get free rewards today. Ref10
spam,Earn money fast from home. Click here now. Ref4814
ham,Let's discuss the requirements in today's call. Ref2903
spam,Urgent: Verify your account and win a bonus. Ref1646
ham,Thank you for your email. I will review it. Ref1359
spam,Congratulations! You have won a cash prize. Claim now. Ref3752
spam,You have been selected for an exclusive gift card. Ref1480
ham,"Hi, can we schedule a meeting for tomorrow? Ref1087"
ham,"Hi, can we schedule a meeting for tomorrow? Ref1089"
ham,Reminder: team meeting at 3 PM today. Ref276
ham,Let's discuss the requirements in today's call. Ref3962
spam,Congratulations! You have won a cash prize. Claim now. Ref687
spam,You have been selected for an exclusive gift card. Ref3225
ham,Please find the project update attached. Ref205
ham,"Hi, can we schedule a meeting for tomorrow? Ref761"
spam,You have been selected for an exclusive gift card. Ref2346
ham,Let's discuss the requirements in today's call. Ref1971
ham,Reminder: team meeting at 3 PM today. Ref75
spam,You have been selected for an exclusive gift card. Ref737
ham,Please find the project update attached. Ref1807
ham,Thank you for your email. I will review it. Ref2157
spam,Limited time offer! Get free rewards today. Ref1531
ham,Reminder: team meeting at 3 PM today. Ref2588
spam,Limited time offer! Get free rewards today. Ref220
ham,Thank you for your email. I will review it. Ref4556
spam,Congratulations! You have won a cash prize. Claim now. Ref148
ham,Reminder: team meeting at 3 PM today. Ref3203
ham,Please find the project update attached. Ref3
spam,Congratulations! You have won a cash prize. Claim now. Ref2918
spam,You have been selected for an exclusive gift card. Ref2132
spam,Limited time offer! Get free rewards today. Ref4579
spam,Congratulations! You have won a cash prize. Claim now. Ref2983
ham,Let's discuss the requirements in today's call. Ref1820
ham,Let's discuss the requirements in today's call. Ref4478
spam,Earn money fast from home. Click here now. Ref3896
ham,"Hi, can we schedule a meeting for tomorrow? Ref3091"
ham,Let's discuss the requirements in today's call. Ref2228
spam,Congratulations! You have won a cash prize. Claim now. Ref1372
ham,Let's discuss the requirements in today's call. Ref45
spam,Earn money fast from home. Click here now. Ref3683
spam,Limited time offer! Get free rewards today. Ref4664
spam,Earn money fast from home. Click here now. Ref3913
ham,Please find the project update attached. Ref2427
ham,Thank you for your email. I will review it. Ref3932
spam,Congratulations! You have won a cash prize. Claim now. Ref2756
spam,Congratulations! You have won a cash prize. Claim now. Ref2243
ham,"Hi, can we schedule a meeting for tomorrow? Ref155"
spam,You have been selected for an exclusive gift card. Ref2405
ham,Let's discuss the requirements in today's call. Ref808
ham,Please find the project update attached. Ref1378
spam,You have been selected for an exclusive gift card. Ref249
ham,Thank you for your email. I will review it. Ref1842
ham,Let's discuss the requirements in today's call. Ref1388
ham,"Hi, can we schedule a meeting for tomorrow? Ref2951"
ham,Thank you for your email. I will review it. Ref767
ham,Reminder: team meeting at 3 PM today. Ref4814
ham,Please find the project update attached. Ref4344
ham,Let's discuss the requirements in today's call. Ref4470
ham,Thank you for your email. I will review it. Ref4678
ham,Please find the project update attached. Ref4274
spam,Urgent: Verify your account and win a bonus. Ref3250
ham,Please find the project update attached. Ref3405
ham,"Hi, can we schedule a meeting for tomorrow? Ref1644"
spam,Congratulations! You have won a cash prize. Claim now. Ref1361
spam,Limited time offer! Get free rewards today. Ref3502
ham,"Hi, can we schedule a meeting for tomorrow? Ref4976"
ham,Thank you for your email. I will review it. Ref571
ham,"Hi, can we schedule a meeting for tomorrow? Ref1851"
ham,Thank you for your email. I will review it. Ref4623
ham,Let's discuss the requirements in today's call. Ref4560
spam,Limited time offer! Get free rewards today. Ref3342
spam,Limited time offer! Get free rewards today. Ref591
spam,Earn money fast from home. Click here now. Ref4675
ham,Please find the project update attached. Ref2950
ham,"Hi, can we schedule a meeting for tomorrow? Ref3596"
ham,Please find the project update attached. Ref3108
ham,Reminder: team meeting at 3 PM today. Ref1581
ham,Reminder: team meeting at 3 PM today. Ref3237
ham,"Hi, can we schedule a meeting for tomorrow? Ref1164"
spam,Congratulations! You have won a cash prize. Claim now. Ref3963
ham,Reminder: team meeting at 3 PM today. Ref4161
ham,Let's discuss the requirements in today's call. Ref4731
ham,"Hi, can we schedule a meeting for tomorrow? Ref5"
ham,Thank you for your email. I will review it. Ref946
ham,"Hi, can we schedule a meeting for tomorrow? Ref4519"
spam,Earn money fast from home. Click here now. Ref3323
ham,Please find the project update attached. Ref4990
spam,Earn money fast from home. Click here now. Ref129
spam,Limited time offer! Get free rewards today. Ref4536
spam,Congratulations! You have won a cash prize. Claim now. Ref2194
ham,Let's discuss the requirements in today's call. Ref4042
ham,Thank you for your email. I will review it. Ref3109
spam,You have been selected for an exclusive gift card. Ref3696
spam,Earn money fast from home. Click here now. Ref3732
ham,"Hi, can we schedule a meeting for tomorrow? Ref1905"
spam,Congratulations! You have won a cash prize. Claim now. Ref3051
ham,Thank you for your email. I will review it. Ref3429
ham,Reminder: team meeting at 3 PM today. Ref1954
ham,Let's discuss the requirements in today's call. Ref1499
spam,Urgent: Verify your account and win a bonus. Ref2197
spam,Congratulations! You have won a cash prize. Claim now. Ref829
spam,Congratulations! You have won a cash prize. Claim now. Ref2249
spam,Earn money fast from home. Click here now. Ref4261
spam,Urgent: Verify your account and win a bonus. Ref743
spam,Urgent: Verify your account and win a bonus. Ref4608
ham,Reminder: team meeting at 3 PM today. Ref4253
ham,"Hi, can we schedule a meeting for tomorrow? Ref1405"
ham,Please find the project update attached. Ref3069
spam,Limited time offer! Get free rewards today. Ref2399
ham,Let's discuss the requirements in today's call. Ref2368
ham,"Hi, can we schedule a meeting for tomorrow? Ref3342"
spam,You have been selected for an exclusive gift card. Ref2657
ham,Let's discuss the requirements in today's call. Ref3755
ham,Let's discuss the requirements in today's call. Ref2158
spam,You have been selected for an exclusive gift card. Ref2325
spam,Limited time offer! Get free rewards today. Ref122
spam,You have been selected for an exclusive gift card. Ref4428
spam,Congratulations! You have won a cash prize. Claim now. Ref2706
ham,"Hi, can we schedule a meeting for tomorrow? Ref514"
ham,Let's discuss the requirements in today's call. Ref1706
ham,Let's discuss the requirements in today's call. Ref3619
spam,Limited time offer! Get free rewards today. Ref4922
ham,Thank you for your email. I will review it. Ref3488
spam,Urgent: Verify your account and win a bonus. Ref399
ham,Please find the project update attached. Ref3604
ham,"Hi, can we schedule a meeting for tomorrow? Ref3125"
spam,Earn money fast from home. Click here now. Ref1413
ham,Let's discuss the requirements in today's call. Ref3607
spam,Congratulations! You have won a cash prize. Claim now. Ref3417
ham,Thank you for your email. I will review it. Ref2445
spam,Urgent: Verify your account and win a bonus. Ref2793
spam,You have been selected for an exclusive gift card. Ref3962
ham,Please find the project update attached. Ref1537
ham,Reminder: team meeting at 3 PM today. Ref3835
spam,Earn money fast from home. Click here now. Ref2081
ham,Thank you for your email. I will review it. Ref950
spam,Urgent: Verify your account and win a bonus. Ref4001
ham,"Hi, can we schedule a meeting for tomorrow? Ref4618"
spam,You have been selected for an exclusive gift card. Ref1144
spam,Congratulations! You have won a cash prize. Claim now. Ref3005
spam,Limited time offer! Get free rewards today. Ref1964
ham,Thank you for your email. I will review it. Ref3773
spam,You have been selected for an exclusive gift card. Ref1197
ham,"Hi, can we schedule a meeting for tomorrow? Ref2666"
spam,You have been selected for an exclusive gift card. Ref1098
spam,Limited time offer! Get free rewards today. Ref3790
spam,You have been selected for an exclusive gift card. Ref3882
ham,Let's discuss the requirements in today's call. Ref1935
spam,Limited time offer! Get free rewards today. Ref640
ham,Reminder: team meeting at 3 PM today. Ref4875
ham,Please find the project update attached. Ref636
ham,Thank you for your email. I will review it. Ref3282
spam,You have been selected for an exclusive gift card. Ref1261
ham,Thank you for your email. I will review it. Ref1901
ham,"Hi, can we schedule a meeting for tomorrow? Ref3267"
ham,Please find the project update attached. Ref1642
ham,Please find the project update attached. Ref4091
spam,Limited time offer! Get free rewards today. Ref4010
spam,You have been selected for an exclusive gift card. Ref4132
spam,Congratulations! You have won a cash prize. Claim now. Ref2113
spam,Urgent: Verify your account and win a bonus. Ref1137
spam,Congratulations! You have won a cash prize. Claim now. Ref4014
ham,Reminder: team meeting at 3 PM today. Ref1462
spam,You have been selected for an exclusive gift card. Ref2642
ham,Thank you for your email. I will review it. Ref873
spam,Urgent: Verify your account and win a bonus. Ref3866
spam,Urgent: Verify your account and win a bonus. Ref4327
spam,Congratulations! You have won a cash prize. Claim now. Ref3482
ham,Let's discuss the requirements in today's call. Ref3498
ham,Let's discuss the requirements in today's call. Ref2439
spam,Urgent: Verify your account and win a bonus. Ref3096
spam,Congratulations! You have won a cash prize. Claim now. Ref87
spam,Earn money fast from home. Click here now. Ref247
ham,Please find the project update attached. Ref1534
spam,You have been selected for an exclusive gift card. Ref3907
ham,Please find the project update attached. Ref4892
spam,Urgent: Verify your account and win a bonus. Ref2449
spam,Earn money fast from home. Click here now. Ref1254
ham,Reminder: team meeting at 3 PM today. Ref2374
ham,Please find the project update attached. Ref2125
ham,"Hi, can we schedule a meeting for tomorrow? Ref911"
ham,Thank you for your email. I will review it. Ref3894
spam,Limited time offer! Get free rewards today. Ref3680
ham,Please find the project update attached. Ref731
spam,Urgent: Verify your account and win a bonus. Ref3115
spam,Urgent: Verify your account and win a bonus. Ref3992
spam,You have been selected for an exclusive gift card. Ref4128
spam,Urgent: Verify your account and win a bonus. Ref411
ham,"Hi, can we schedule a meeting for tomorrow? Ref4018"
ham,Thank you for your email. I will review it. Ref3552
ham,Reminder: team meeting at 3 PM today. Ref4052
spam,Earn money fast from home. Click here now. Ref3895
spam,You have been selected for an exclusive gift card. Ref3979
spam,Urgent: Verify your account and win a bonus. Ref4262
ham,"Hi, can we schedule a meeting for tomorrow? Ref534"
ham,Reminder: team meeting at 3 PM today. Ref4825
ham,Thank you for your email. I will review it. Ref1323
spam,You have been selected for an exclusive gift card. Ref2688
ham,Let's discuss the requirements in today's call. Ref4041
spam,Congratulations! You have won a cash prize. Claim now. Ref2209
ham,Let's discuss the requirements in today's call. Ref1439
ham,"Hi, can we schedule a meeting for tomorrow? Ref1170"
spam,Urgent: Verify your account and win a bonus. Ref3662
spam,Limited time offer! Get free rewards today. Ref1966
ham,Thank you for your email. I will review it. Ref4905
ham,Thank you for your email. I will review it. Ref1535
ham,Let's discuss the requirements in today's call. Ref610
ham,Please find the project update attached. Ref3461
spam,Limited time offer! Get free rewards today. Ref1409
spam,Limited time offer! Get free rewards today. Ref4000
spam,Limited time offer! Get free rewards today. Ref1474
ham,Reminder: team meeting at 3 PM today. Ref3885
ham,Thank you for your email. I will review it. Ref3746
spam,Earn money fast from home. Click here now. Ref4380
ham,Thank you for your email. I will review it. Ref4350
ham,Let's discuss the requirements in today's call. Ref2955
spam,Earn money fast from home. Click here now. Ref2033
spam,You have been selected for an exclusive gift card. Ref1693
ham,"Hi, can we schedule a meeting for tomorrow? Ref4204"
spam,Congratulations! You have won a cash prize. Claim now. Ref4033
ham,Reminder: team meeting at 3 PM today. Ref3742
spam,Urgent: Verify your account and win a bonus. Ref4850
ham,"Hi, can we schedule a meeting for tomorrow? Ref1650"
ham,Reminder: team meeting at 3 PM today. Ref4003
ham,Reminder: team meeting at 3 PM today. Ref3584
spam,Congratulations! You have won a cash prize. Claim now. Ref2806
ham,"Hi, can we schedule a meeting for tomorrow? Ref3612"
spam,Limited time offer! Get free rewards today. Ref1406
ham,Thank you for your email. I will review it. Ref4669
spam,Limited time offer! Get free rewards today. Ref3003
ham,Please find the project update attached. Ref2737
ham,Thank you for your email. I will review it. Ref3510
spam,Congratulations! You have won a cash prize. Claim now. Ref902
spam,Congratulations! You have won a cash prize. Claim now. Ref1209
spam,Congratulations! You have won a cash prize. Claim now. Ref2985
spam,Urgent: Verify your account and win a bonus. Ref1123
ham,Reminder: team meeting at 3 PM today. Ref3440
spam,Earn money fast from home. Click here now. Ref3931
ham,Thank you for your email. I will review it. Ref2238
ham,Please find the project update attached. Ref2028
ham,Reminder: team meeting at 3 PM today. Ref4248
ham,Reminder: team meeting at 3 PM today. Ref4304
spam,Earn money fast from home. Click here now. Ref2717
spam,Congratulations! You have won a cash prize. Claim now. Ref1939
ham,Thank you for your email. I will review it. Ref4067
spam,Urgent: Verify your account and win a bonus. Ref4593
spam,Congratulations! You have won a cash prize. Claim now. Ref4913
spam,Urgent: Verify your account and win a bonus. Ref3263
ham,Thank you for your email. I will review it. Ref1768
spam,Congratulations! You have won a cash prize. Claim now. Ref1160
ham,"Hi, can we schedule a meeting for tomorrow? Ref2575"
spam,Congratulations! You have won a cash prize. Claim now. Ref440
spam,Congratulations! You have won a cash prize. Claim now. Ref4574
ham,Reminder: team meeting at 3 PM today. Ref4338
ham,Thank you for your email. I will review it. Ref4952
spam,Urgent: Verify your account and win a bonus. Ref2542
spam,Limited time offer! Get free rewards today. Ref4754
ham,Let's discuss the requirements in today's call. Ref3616
ham,Thank you for your email. I will review it. Ref4231
spam,Urgent: Verify your account and win a bonus. Ref4422
ham,Thank you for your email. I will review it. Ref3938
spam,You have been selected for an exclusive gift card. Ref2690
spam,Limited time offer! Get free rewards today. Ref178
spam,Earn money fast from home. Click here now. Ref3758
ham,Let's discuss the requirements in today's call. Ref4191
ham,Please find the project update attached. Ref4380
spam,Congratulations! You have won a cash prize. Claim now. Ref2078
spam,Limited time offer! Get free rewards today. Ref693
ham,Please find the project update attached. Ref2469
ham,"Hi, can we schedule a meeting for tomorrow? Ref3022"
spam,You have been selected for an exclusive gift card. Ref2860
ham,"Hi, can we schedule a meeting for tomorrow? Ref998"
spam,You have been selected for an exclusive gift card. Ref355
spam,Urgent: Verify your account and win a bonus. Ref2372
ham,"Hi, can we schedule a meeting for tomorrow? Ref3111"
spam,Congratulations! You have won a cash prize. Claim now. Ref2359
spam,Urgent: Verify your account and win a bonus. Ref4598
ham,"Hi, can we schedule a meeting for tomorrow? Ref1383"
spam,Earn money fast from home. Click here now. Ref3469
spam,Urgent: Verify your account and win a bonus. Ref560
spam,Limited time offer! Get free rewards today. Ref4953
spam,Limited time offer! Get free rewards today. Ref579
ham,Thank you for your email. I will review it. Ref1041
spam,Congratulations! You have won a cash prize. Claim now. Ref1464
ham,Reminder: team meeting at 3 PM today. Ref2260
ham,"Hi, can we schedule a meeting for tomorrow? Ref4899"
ham,Please find the project update attached. Ref3713
spam,Earn money fast from home. Click here now. Ref4047
ham,"Hi, can we schedule a meeting for tomorrow? Ref4507"
spam,Urgent: Verify your account and win a bonus. Ref1085
spam,You have been selected for an exclusive gift card. Ref680
spam,You have been selected for an exclusive gift card. Ref222
spam,You have been selected for an exclusive gift card. Ref3302
spam,Limited time offer! Get free rewards today. Ref4483
spam,Limited time offer! Get free rewards today. Ref2327
ham,Reminder: team meeting at 3 PM today. Ref4404
ham,Thank you for your email. I will review it. Ref834
spam,Congratulations! You have won a cash prize. Claim now. Ref832
ham,"Hi, can we schedule a meeting for tomorrow? Ref4632"
spam,You have been selected for an exclusive gift card. Ref4366
ham,Please find the project update attached. Ref415
ham,Thank you for your email. I will review it. Ref252
ham,Let's discuss the requirements in today's call. Ref1000
spam,Limited time offer! Get free rewards today. Ref2733
spam,Limited time offer! Get free rewards today. Ref4410
spam,Limited time offer! Get free rewards today. Ref2514
ham,Please find the project update attached. Ref596
ham,Please find the project update attached. Ref4639
spam,Limited time offer! Get free rewards today. Ref4452
ham,Thank you for your email. I will review it. Ref4418
ham,Let's discuss the requirements in today's call. Ref2139
ham,Thank you for your email. I will review it. Ref242
spam,Limited time offer! Get free rewards today. Ref486
ham,"Hi, can we schedule a meeting for tomorrow? Ref2902"
spam,You have been selected for an exclusive gift card. Ref542
spam,Limited time offer! Get free rewards today. Ref3186
ham,"Hi, can we schedule a meeting for tomorrow? Ref4951"
ham,"Hi, can we schedule a meeting for tomorrow? Ref3626"
ham,Thank you for your email. I will review it. Ref3010
spam,Congratulations! You have won a cash prize. Claim now. Ref1860
ham,Thank you for your email. I will review it. Ref1256
ham,Please find the project update attached. Ref2263
spam,Congratulations! You have won a cash prize. Claim now. Ref3577
ham,Let's discuss the requirements in today's call. Ref4848
ham,Please find the project update attached. Ref4056
spam,Congratulations! You have won a cash prize. Claim now. Ref1157
ham,Reminder: team meeting at 3 PM today. Ref3757
ham,Please find the project update attached. Ref939
ham,"Hi, can we schedule a meeting for tomorrow? Ref1141"
spam,You have been selected for an exclusive gift card. Ref86
spam,Earn money fast from home. Click here now. Ref3447
spam,Congratulations! You have won a cash prize. Claim now. Ref351
spam,Congratulations! You have won a cash prize. Claim now. Ref4749
ham,Reminder: team meeting at 3 PM today. Ref3349
ham,Let's discuss the requirements in today's call. Ref2298
ham,Please find the project update attached. Ref2586
ham,"Hi, can we schedule a meeting for tomorrow? Ref3045"
ham,Let's discuss the requirements in today's call. Ref2605
spam,You have been selected for an exclusive gift card. Ref2997
ham,Please find the project update attached. Ref3807
spam,Congratulations! You have won a cash prize. Claim now. Ref3201
ham,"Hi, can we schedule a meeting for tomorrow? Ref373"
spam,Earn money fast from home. Click here now. Ref1106
spam,Congratulations! You have won a cash prize. Claim now. Ref4783
ham,"Hi, can we schedule a meeting for tomorrow? Ref4351"
ham,Thank you for your email. I will review it. Ref849
spam,Congratulations! You have won a cash prize. Claim now. Ref4791
spam,Congratulations! You have won a cash prize. Claim now. Ref3248
spam,Earn money fast from home. Click here now. Ref3671
spam,Earn money fast from home. Click here now. Ref2821
spam,Limited time offer! Get free rewards today. Ref1891
spam,You have been selected for an exclusive gift card. Ref3673
ham,"Hi, can we schedule a meeting for tomorrow? Ref3952"
ham,Let's discuss the requirements in today's call. Ref4806
ham,Let's discuss the requirements in today's call. Ref4221
spam,Limited time offer! Get free rewards today. Ref1356
ham,Let's discuss the requirements in today's call. Ref2133
spam,Congratulations! You have won a cash prize. Claim now. Ref3771
ham,Reminder: team meeting at 3 PM today. Ref882
spam,Urgent: Verify your account and win a bonus. Ref4240
ham,Reminder: team meeting at 3 PM today. Ref1146
spam,Limited time offer! Get free rewards today. Ref3006
spam,You have been selected for an exclusive gift card. Ref851
spam,Urgent: Verify your account and win a bonus. Ref3288
ham,"Hi, can we schedule a meeting for tomorrow? Ref4138"
spam,Urgent: Verify your account and win a bonus. Ref2710
ham,Thank you for your email. I will review it. Ref426
spam,Limited time offer! Get free rewards today. Ref2810
ham,"Hi, can we schedule a meeting for tomorrow? Ref2531"
ham,Thank you for your email. I will review it. Ref328
spam,You have been selected for an exclusive gift card. Ref4902
spam,Congratulations! You have won a cash prize. Claim now. Ref2718
ham,Please find the project update attached. Ref3157
spam,Congratulations! You have won a cash prize. Claim now. Ref3499
ham,Please find the project update attached. Ref1233
ham,Reminder: team meeting at 3 PM today. Ref3610
ham,Let's discuss the requirements in today's call. Ref2384
ham,Please find the project update attached. Ref728
spam,Limited time offer! Get free rewards today. Ref954
ham,"Hi, can we schedule a meeting for tomorrow? Ref2512"
ham,Let's discuss the requirements in today's call. Ref2761
spam,Limited time offer! Get free rewards today. Ref924
spam,Congratulations! You have won a cash prize. Claim now. Ref2673
ham,Reminder: team meeting at 3 PM today. Ref639
ham,Let's discuss the requirements in today's call. Ref3631
ham,Let's discuss the requirements in today's call. Ref2306
ham,Let's discuss the requirements in today's call. Ref4340
ham,Thank you for your email. I will review it. Ref1719
ham,Please find the project update attached. Ref4428
spam,Earn money fast from home. Click here now. Ref3432
spam,Limited time offer! Get free rewards today. Ref1664
spam,Limited time offer! Get free rewards today. Ref140
spam,Limited time offer! Get free rewards today. Ref1398
spam,Limited time offer! Get free rewards today. Ref4313
spam,You have been selected for an exclusive gift card. Ref3224
spam,Earn money fast from home. Click here now. Ref95
ham,Please find the project update attached. Ref4503
spam,Limited time offer! Get free rewards today. Ref3157
ham,"Hi, can we schedule a meeting for tomorrow? Ref2868"
ham,"Hi, can we schedule a meeting for tomorrow? Ref4966"
ham,Please find the project update attached. Ref2867
spam,Congratulations! You have won a cash prize. Claim now. Ref972
spam,Limited time offer! Get free rewards today. Ref3406
ham,Let's discuss the requirements in today's call. Ref2836
spam,Congratulations! You have won a cash prize. Claim now. Ref2122
ham,Thank you for your email. I will review it. Ref2925
ham,Please find the project update attached. Ref314
spam,Earn money fast from home. Click here now. Ref2269
spam,Urgent: Verify your account and win a bonus. Ref836
spam,Urgent: Verify your account and win a bonus. Ref4021
spam,You have been selected for an exclusive gift card. Ref4028
spam,Congratulations! You have won a cash prize. Claim now. Ref2603
spam,Limited time offer! Get free rewards today. Ref760
spam,You have been selected for an exclusive gift card. Ref1111
spam,Urgent: Verify your account and win a bonus. Ref4155
ham,Let's discuss the requirements in today's call. Ref2097
spam,You have been selected for an exclusive gift card. Ref2167
spam,You have been selected for an exclusive gift card. Ref4617
spam,You have been selected for an exclusive gift card. Ref502
spam,Earn money fast from home. Click here now. Ref1700
ham,Please find the project update attached. Ref354
ham,Please find the project update attached. Ref4142
ham,Thank you for your email. I will review it. Ref1884
spam,Urgent: Verify your account and win a bonus. Ref45
spam,Limited time offer! Get free rewards today. Ref4474
ham,Please find the project update attached. Ref2075
spam,Congratulations! You have won a cash prize. Claim now. Ref263
ham,Thank you for your email. I will review it. Ref1151
ham,Let's discuss the requirements in today's call. Ref4368
spam,Congratulations! You have won a cash prize. Claim now. Ref2427
spam,Congratulations! You have won a cash prize. Claim now. Ref3646
ham,Let's discuss the requirements in today's call. Ref3193
spam,You have been selected for an exclusive gift card. Ref4886
spam,Congratulations! You have won a cash prize. Claim now. Ref4937
ham,Thank you for your email. I will review it. Ref3460
ham,Let's discuss the requirements in today's call. Ref1747
spam,You have been selected for an exclusive gift card. Ref67
spam,You have been selected for an exclusive gift card. Ref2716
ham,Thank you for your email. I will review it. Ref3777
spam,Earn money fast from home. Click here now. Ref4572
spam,Earn money fast from home. Click here now. Ref1941
ham,Let's discuss the requirements in today's call. Ref1771
ham,Please find the project update attached. Ref703
ham,Let's discuss the requirements in today's call. Ref4604
ham,Thank you for your email. I will review it. Ref2872
ham,Let's discuss the requirements in today's call. Ref4034
spam,Congratulations! You have won a cash prize. Claim now. Ref784
ham,"Hi, can we schedule a meeting for tomorrow? Ref1436"
spam,Earn money fast from home. Click here now. Ref3605
spam,Urgent: Verify your account and win a bonus. Ref2595
spam,Limited time offer! Get free rewards today. Ref1056
spam,Limited time offer! Get free rewards today. Ref4943
ham,Thank you for your email. I will review it. Ref1496
ham,"Hi, can we schedule a meeting for tomorrow? Ref4896"
spam,Earn money fast from home. Click here now. Ref238
ham,Reminder: team meeting at 3 PM today. Ref696
ham,"Hi, can we schedule a meeting for tomorrow? Ref929"
ham,"Hi, can we schedule a meeting for tomorrow? Ref3624"
ham,Please find the project update attached. Ref2962
spam,Earn money fast from home. Click here now. Ref2987
ham,Let's discuss the requirements in today's call. Ref3289
ham,Let's discuss the requirements in today's call. Ref3658
spam,You have been selected for an exclusive gift card. Ref1637
spam,Congratulations! You have won a cash prize. Claim now. Ref3164
ham,Let's discuss the requirements in today's call. Ref4115
ham,Please find the project update attached. Ref1416
spam,You have been selected for an exclusive gift card. Ref4368
spam,Earn money fast from home. Click here now. Ref3087
ham,"Hi, can we schedule a meeting for tomorrow? Ref4081"
spam,Earn money fast from home. Click here now. Ref4538
ham,Reminder: team meeting at 3 PM today. Ref1978
ham,Let's discuss the requirements in today's call. Ref322
ham,Thank you for your email. I will review it. Ref327
ham,Let's discuss the requirements in today's call. Ref3937
spam,Urgent: Verify your account and win a bonus. Ref4223
ham,Reminder: team meeting at 3 PM today. Ref1699
spam,Limited time offer! Get free rewards today. Ref3002
ham,Please find the project update attached. Ref1532
ham,Please find the project update attached. Ref3659
ham,"Hi, can we schedule a meeting for tomorrow? Ref4199"
spam,Urgent: Verify your account and win a bonus. Ref1882
ham,"Hi, can we schedule a meeting for tomorrow? Ref532"
spam,Earn money fast from home. Click here now. Ref2032
spam,Limited time offer! Get free rewards today. Ref2713
spam,You have been selected for an exclusive gift card. Ref4761
ham,Please find the project update attached. Ref3639
ham,"Hi, can we schedule a meeting for tomorrow? Ref4178"
ham,Please find the project update attached. Ref4598
ham,Reminder: team meeting at 3 PM today. Ref1941
spam,Urgent: Verify your account and win a bonus. Ref3900
spam,You have been selected for an exclusive gift card. Ref1114
spam,Limited time offer! Get free rewards today. Ref4963
ham,Thank you for your email. I will review it. Ref2882
ham,"Hi, can we schedule a meeting for tomorrow? Ref663"
spam,Congratulations! You have won a cash prize. Claim now. Ref1592
spam,Urgent: Verify your account and win a bonus. Ref4718
ham,Reminder: team meeting at 3 PM today. Ref82
spam,You have been selected for an exclusive gift card. Ref2776
ham,Thank you for your email. I will review it. Ref3506
spam,Congratulations! You have won a cash prize. Claim now. Ref2400
spam,You have been selected for an exclusive gift card. Ref1848
ham,Reminder: team meeting at 3 PM today. Ref4002
spam,Congratulations! You have won a cash prize. Claim now. Ref393
spam,Limited time offer! Get free rewards today. Ref4736
spam,Limited time offer! Get free rewards today. Ref2006
spam,Earn money fast from home. Click here now. Ref2336
spam,Congratulations! You have won a cash prize. Claim now. Ref845
ham,Please find the project update attached. Ref2301
ham,"Hi, can we schedule a meeting for tomorrow? Ref1136"
spam,Urgent: Verify your account and win a bonus. Ref345
spam,Earn money fast from home. Click here now. Ref1262
spam,Limited time offer! Get free rewards today. Ref3551
spam,Limited time offer! Get free rewards today. Ref2276
ham,Let's discuss the requirements in today's call. Ref4020
ham,Thank you for your email. I will review it. Ref1922
spam,Limited time offer! Get free rewards today. Ref3932
ham,Please find the project update attached. Ref3651
ham,Thank you for your email. I will review it. Ref3300
spam,Urgent: Verify your account and win a bonus. Ref1815
ham,Reminder: team meeting at 3 PM today. Ref860
spam,You have been selected for an exclusive gift card. Ref2339
ham,Thank you for your email. I will review it. Ref408
spam,Congratulations! You have won a cash prize. Claim now. Ref2442
spam,You have been selected for an exclusive gift card. Ref2801
spam,You have been selected for an exclusive gift card. Ref2728
ham,Reminder: team meeting at 3 PM today. Ref1175
spam,Congratulations! You have won a cash prize. Claim now. Ref1711
ham,"Hi, can we schedule a meeting for tomorrow? Ref1814"
spam,Limited time offer! Get free rewards today. Ref1906
ham,Thank you for your email. I will review it. Ref2813
spam,You have been selected for an exclusive gift card. Ref3078
ham,Let's discuss the requirements in today's call. Ref480
spam,Urgent: Verify your account and win a bonus. Ref3700
ham,Please find the project update attached. Ref1763
ham,"Hi, can we schedule a meeting for tomorrow? Ref4561"
ham,"Hi, can we schedule a meeting for tomorrow? Ref1261"
spam,Earn money fast from home. Click here now. Ref1195
ham,Reminder: team meeting at 3 PM today. Ref244
spam,Earn money fast from home. Click here now. Ref3122
ham,Reminder: team meeting at 3 PM today. Ref4880
spam,Earn money fast from home. Click here now. Ref803
spam,Congratulations! You have won a cash prize. Claim now. Ref4490
spam,You have been selected for an exclusive gift card. Ref3441
spam,Urgent: Verify your account and win a bonus. Ref3052
ham,Thank you for your email. I will review it. Ref605
ham,Reminder: team meeting at 3 PM today. Ref3366
ham,Please find the project update attached. Ref4926
spam,Limited time offer! Get free rewards today. Ref1656
ham,"Hi, can we schedule a meeting for tomorrow? Ref23"
ham,Please find the project update attached. Ref1376
ham,Please find the project update attached. Ref2708
ham,Please find the project update attached. Ref3660
spam,Limited time offer! Get free rewards today. Ref1204
ham,Reminder: team meeting at 3 PM today. Ref3681
ham,Let's discuss the requirements in today's call. Ref2915
ham,Thank you for your email. I will review it. Ref1340
ham,Let's discuss the requirements in today's call. Ref650
spam,Limited time offer! Get free rewards today. Ref348
spam,You have been selected for an exclusive gift card. Ref3510
spam,Limited time offer! Get free rewards today. Ref4277
spam,Limited time offer! Get free rewards today. Ref4350
ham,"Hi, can we schedule a meeting for tomorrow? Ref952"
spam,Earn money fast from home. Click here now. Ref2158
spam,Earn money fast from home. Click here now. Ref3995
ham,Reminder: team meeting at 3 PM today. Ref1393
spam,Limited time offer! Get free rewards today. Ref647
ham,Please find the project update attached. Ref804
ham,Please find the project update attached. Ref2865
ham,Thank you for your email. I will review it. Ref2670
ham,Reminder: team meeting at 3 PM today. Ref1752
ham,Please find the project update attached. Ref2285
ham,Let's discuss the requirements in today's call. Ref226
ham,Reminder: team meeting at 3 PM today. Ref1107
spam,You have been selected for an exclusive gift card. Ref4658
ham,Thank you for your email. I will review it. Ref1371
ham,"Hi, can we schedule a meeting for tomorrow? Ref1897"
ham,"Hi, can we schedule a meeting for tomorrow? Ref3856"
ham,Let's discuss the requirements in today's call. Ref1304
ham,Please find the project update attached. Ref127
ham,Thank you for your email. I will review it. Ref2908
ham,Please find the project update attached. Ref182
spam,You have been selected for an exclusive gift card. Ref3869
spam,You have been selected for an exclusive gift card. Ref895
spam,Limited time offer! Get free rewards today. Ref24
spam,Earn money fast from home. Click here now. Ref3385
ham,Reminder: team meeting at 3 PM today. Ref531
ham,Thank you for your email. I will review it. Ref25
spam,Earn money fast from home. Click here now. Ref823
ham,Please find the project update attached. Ref4219
ham,Reminder: team meeting at 3 PM today. Ref4218
ham,Let's discuss the requirements in today's call. Ref4303
spam,Urgent: Verify your account and win a bonus. Ref3017
spam,You have been selected for an exclusive gift card. Ref3004
spam,You have been selected for an exclusive gift card. Ref4114
spam,Congratulations! You have won a cash prize. Claim now. Ref2526
spam,Urgent: Verify your account and win a bonus. Ref515
ham,Please find the project update attached. Ref1687
spam,You have been selected for an exclusive gift card. Ref429
ham,Reminder: team meeting at 3 PM today. Ref4166
ham,Thank you for your email. I will review it. Ref3518
spam,Limited time offer! Get free rewards today. Ref4729
ham,Thank you for your email. I will review it. Ref3683
spam,Earn money fast from home. Click here now. Ref723
ham,Let's discuss the requirements in today's call. Ref3999
ham,Let's discuss the requirements in today's call. Ref686
spam,Urgent: Verify your account and win a bonus. Ref2608
ham,Let's discuss the requirements in today's call. Ref1204
spam,Congratulations! You have won a cash prize. Claim now. Ref4003
spam,You have been selected for an exclusive gift card. Ref4260
ham,Please find the project update attached. Ref1977
spam,Limited time offer! Get free rewards today. Ref191
spam,Limited time offer! Get free rewards today. Ref4771
spam,You have been selected for an exclusive gift card. Ref1717
spam,Congratulations! You have won a cash prize. Claim now. Ref2162
spam,Congratulations! You have won a cash prize. Claim now. Ref1772
spam,Urgent: Verify your account and win a bonus. Ref1011
ham,Thank you for your email. I will review it. Ref4349
spam,Congratulations! You have won a cash prize. Claim now. Ref702
ham,Thank you for your email. I will review it. Ref1056
spam,Earn money fast from home. Click here now. Ref4685
ham,Reminder: team meeting at 3 PM today. Ref2914
ham,Please find the project update attached. Ref1434
ham,Please find the project update attached. Ref1042
ham,Reminder: team meeting at 3 PM today. Ref2208
spam,Urgent: Verify your account and win a bonus. Ref32
ham,Reminder: team meeting at 3 PM today. Ref365
spam,Urgent: Verify your account and win a bonus. Ref97
spam,Urgent: Verify your account and win a bonus. Ref1590
ham,Let's discuss the requirements in today's call. Ref3068
ham,"Hi, can we schedule a meeting for tomorrow? Ref1081"
ham,"Hi, can we schedule a meeting for tomorrow? Ref1623"
spam,Earn money fast from home. Click here now. Ref4489
spam,Earn money fast from home. Click here now. Ref3874
spam,Earn money fast from home. Click here now. Ref99
spam,You have been selected for an exclusive gift card. Ref130
ham,"Hi, can we schedule a meeting for tomorrow? Ref3155"
ham,Please find the project update attached. Ref4616
spam,Limited time offer! Get free rewards today. Ref2210
spam,Earn money fast from home. Click here now. Ref3600
ham,Reminder: team meeting at 3 PM today. Ref3917
spam,Congratulations! You have won a cash prize. Claim now. Ref1937
spam,Earn money fast from home. Click here now. Ref2390
spam,Earn money fast from home. Click here now. Ref2106
spam,Urgent: Verify your account and win a bonus. Ref2737
ham,Please find the project update attached. Ref1929
spam,Urgent: Verify your account and win a bonus. Ref4831
spam,Urgent: Verify your account and win a bonus. Ref1423
spam,You have been selected for an exclusive gift card. Ref4991
spam,You have been selected for an exclusive gift card. Ref4874
spam,Urgent: Verify your account and win a bonus. Ref198
spam,Earn money fast from home. Click here now. Ref1537
spam,Congratulations! You have won a cash prize. Claim now. Ref872
spam,Urgent: Verify your account and win a bonus. Ref780
spam,Limited time offer! Get free rewards today. Ref1019
spam,You have been selected for an exclusive gift card. Ref2744
spam,Limited time offer! Get free rewards today. Ref2571
spam,You have been selected for an exclusive gift card. Ref3691
ham,"Hi, can we schedule a meeting for tomorrow? Ref3672"
ham,Reminder: team meeting at 3 PM today. Ref81
spam,Congratulations! You have won a cash prize. Claim now. Ref3129
ham,Let's discuss the requirements in today's call. Ref270
ham,Thank you for your email. I will review it. Ref4862
spam,Urgent: Verify your account and win a bonus. Ref682
spam,Congratulations! You have won a cash prize. Claim now. Ref3024
ham,Let's discuss the requirements in today's call. Ref445
ham,Thank you for your email. I will review it. Ref4902
spam,Earn money fast from home. Click here now. Ref2150
ham,"Hi, can we schedule a meeting for tomorrow? Ref1550"
spam,Congratulations! You have won a cash prize. Claim now. Ref4760
ham,Reminder: team meeting at 3 PM today. Ref4551
ham,Reminder: team meeting at 3 PM today. Ref4752
spam,Congratulations! You have won a cash prize. Claim now. Ref2016
spam,Urgent: Verify your account and win a bonus. Ref3920
ham,Please find the project update attached. Ref750
spam,Urgent: Verify your account and win a bonus. Ref1885
spam,You have been selected for an exclusive gift card. Ref3824
spam,Limited time offer! Get free rewards today. Ref1864
spam,Urgent: Verify your account and win a bonus. Ref3043
ham,Let's discuss the requirements in today's call. Ref1102
ham,Please find the project update attached. Ref2591
spam,Urgent: Verify your account and win a bonus. Ref2345
ham,Reminder: team meeting at 3 PM today. Ref1057
spam,Limited time offer! Get free rewards today. Ref727
ham,Let's discuss the requirements in today's call. Ref329
spam,Earn money fast from home. Click here now. Ref3229
spam,Earn money fast from home. Click here now. Ref4267
spam,Congratulations! You have won a cash prize. Claim now. Ref3756
spam,Congratulations! You have won a cash prize. Claim now. Ref3180
ham,Please find the project update attached. Ref1003
ham,Reminder: team meeting at 3 PM today. Ref3834
ham,Let's discuss the requirements in today's call. Ref3983
ham,Reminder: team meeting at 3 PM today. Ref3496
spam,Limited time offer! Get free rewards today. Ref4642
ham,Thank you for your email. I will review it. Ref4720
ham,Let's discuss the requirements in today's call. Ref1672
ham,"Hi, can we schedule a meeting for tomorrow? Ref4920"
ham,Thank you for your email. I will review it. Ref2977
spam,Earn money fast from home. Click here now. Ref4303
spam,Congratulations! You have won a cash prize. Claim now. Ref508
ham,Reminder: team meeting at 3 PM today. Ref3912
spam,Congratulations! You have won a cash prize. Claim now. Ref3232
spam,Earn money fast from home. Click here now. Ref1689
spam,Congratulations! You have won a cash prize. Claim now. Ref1521
ham,Thank you for your email. I will review it. Ref814
ham,Please find the project update attached. Ref1457
spam,Limited time offer! Get free rewards today. Ref3514
spam,Limited time offer! Get free rewards today. Ref4983
ham,"Hi, can we schedule a meeting for tomorrow? Ref1626"
ham,Reminder: team meeting at 3 PM today. Ref807
ham,Thank you for your email. I will review it. Ref3994
spam,Earn money fast from home. Click here now. Ref4890
ham,"Hi, can we schedule a meeting for tomorrow? Ref10"
spam,Limited time offer! Get free rewards today. Ref4788
spam,Congratulations! You have won a cash prize. Claim now. Ref4242
spam,Urgent: Verify your account and win a bonus. Ref4204
spam,You have been selected for an exclusive gift card. Ref3427
ham,Please find the project update attached. Ref199
ham,"Hi, can we schedule a meeting for tomorrow? Ref89"
spam,Earn money fast from home. Click here now. Ref3007
ham,Let's discuss the requirements in today's call. Ref1722
ham,Thank you for your email. I will review it. Ref3356
ham,Reminder: team meeting at 3 PM today. Ref4096
ham,Let's discuss the requirements in today's call. Ref3811
ham,Let's discuss the requirements in today's call. Ref2845
ham,Thank you for your email. I will review it. Ref4370
ham,Please find the project update attached. Ref993
ham,Thank you for your email. I will review it. Ref4333
ham,Please find the project update attached. Ref218
spam,You have been selected for an exclusive gift card. Ref3834
spam,Urgent: Verify your account and win a bonus. Ref4148
spam,Urgent: Verify your account and win a bonus. Ref2373
ham,"Hi, can we schedule a meeting for tomorrow? Ref4659"
ham,"Hi, can we schedule a meeting for tomorrow? Ref1512"
ham,Let's discuss the requirements in today's call. Ref4588
spam,You have been selected for an exclusive gift card. Ref354
spam,Congratulations! You have won a cash prize. Claim now. Ref3016
spam,Earn money fast from home. Click here now. Ref4416
spam,Congratulations! You have won a cash prize. Claim now. Ref830
spam,Earn money fast from home. Click here now. Ref4124
spam,Limited time offer! Get free rewards today. Ref4454
ham,"Hi, can we schedule a meeting for tomorrow? Ref4620"
ham,Thank you for your email. I will review it. Ref4506
spam,Congratulations! You have won a cash prize. Claim now. Ref1944
spam,Congratulations! You have won a cash prize. Claim now. Ref2240
spam,You have been selected for an exclusive gift card. Ref215
spam,You have been selected for an exclusive gift card. Ref4436
ham,Please find the project update attached. Ref315
ham,"Hi, can we schedule a meeting for tomorrow? Ref217"
spam,Urgent: Verify your account and win a bonus. Ref4688
ham,Let's discuss the requirements in today's call. Ref4195
spam,You have been selected for an exclusive gift card. Ref1861
spam,Congratulations! You have won a cash prize. Claim now. Ref1753
spam,Limited time offer! Get free rewards today. Ref2000
spam,Limited time offer! Get free rewards today. Ref2628
ham,Please find the project update attached. Ref1790
spam,Limited time offer! Get free rewards today. Ref2454
ham,Please find the project update attached. Ref4957
ham,Please find the project update attached. Ref891
spam,Earn money fast from home. Click here now. Ref521
spam,Congratulations! You have won a cash prize. Claim now. Ref3036
spam,Earn money fast from home. Click here now. Ref478
ham,Thank you for your email. I will review it. Ref2995
ham,"Hi, can we schedule a meeting for tomorrow? Ref2652"
spam,You have been selected for an exclusive gift card. Ref2304
ham,Please find the project update attached. Ref890
spam,Congratulations! You have won a cash prize. Claim now. Ref2699
spam,Limited time offer! Get free rewards today. Ref4288
ham,Reminder: team meeting at 3 PM today. Ref1177
ham,Let's discuss the requirements in today's call. Ref2408
ham,"Hi, can we schedule a meeting for tomorrow? Ref746"
ham,Thank you for your email. I will review it. Ref1930
spam,Earn money fast from home. Click here now. Ref4211
ham,Reminder: team meeting at 3 PM today. Ref3796
spam,Earn money fast from home. Click here now. Ref4621
spam,Urgent: Verify your account and win a bonus. Ref3585
spam,Congratulations! You have won a cash prize. Claim now. Ref3858
ham,"Hi, can we schedule a meeting for tomorrow? Ref4442"
spam,Limited time offer! Get free rewards today. Ref1907
ham,Thank you for your email. I will review it. Ref3911
ham,"Hi, can we schedule a meeting for tomorrow? Ref4771"
spam,You have been selected for an exclusive gift card. Ref456
ham,Please find the project update attached. Ref2968
spam,Congratulations! You have won a cash prize. Claim now. Ref1375
ham,Please find the project update attached. Ref2473
spam,You have been selected for an exclusive gift card. Ref1712
ham,Let's discuss the requirements in today's call. Ref3394
spam,You have been selected for an exclusive gift card. Ref3622
ham,Thank you for your email. I will review it. Ref2679
spam,Urgent: Verify your account and win a bonus. Ref4275
ham,Reminder: team meeting at 3 PM today. Ref483
ham,"Hi, can we schedule a meeting for tomorrow? Ref2456"
ham,Please find the project update attached. Ref959
ham,Let's discuss the requirements in today's call. Ref1074
ham,Reminder: team meeting at 3 PM today. Ref3560
ham,Reminder: team meeting at 3 PM today. Ref2911
spam,Urgent: Verify your account and win a bonus. Ref890
ham,Reminder: team meeting at 3 PM today. Ref2303
ham,Reminder: team meeting at 3 PM today. Ref1652
ham,Let's discuss the requirements in today's call. Ref4835
spam,Earn money fast from home. Click here now. Ref4492
spam,Earn money fast from home. Click here now. Ref29
ham,"Hi, can we schedule a meeting for tomorrow? Ref364"
ham,Reminder: team meeting at 3 PM today. Ref3147
ham,Reminder: team meeting at 3 PM today. Ref1096
ham,"Hi, can we schedule a meeting for tomorrow? Ref3453"
ham,Reminder: team meeting at 3 PM today. Ref2685
spam,You have been selected for an exclusive gift card. Ref2307
ham,Let's discuss the requirements in today's call. Ref3866
ham,Thank you for your email. I will review it. Ref282
ham,Reminder: team meeting at 3 PM today. Ref4297
spam,You have been selected for an exclusive gift card. Ref301
ham,Thank you for your email. I will review it. Ref4829
ham,Please find the project update attached. Ref4155
ham,Reminder: team meeting at 3 PM today. Ref3307
ham,Thank you for your email. I will review it. Ref2485
ham,Please find the project update attached. Ref3618
ham,Reminder: team meeting at 3 PM today. Ref3895
spam,Earn money fast from home. Click here now. Ref1260
ham,Thank you for your email. I will review it. Ref149
spam,Congratulations! You have won a cash prize. Claim now. Ref1065
spam,Congratulations! You have won a cash prize. Claim now. Ref3820
spam,Urgent: Verify your account and win a bonus. Ref1216
ham,"Hi, can we schedule a meeting for tomorrow? Ref1169"
spam,Urgent: Verify your account and win a bonus. Ref3202
spam,Earn money fast from home. Click here now. Ref4887
ham,Reminder: team meeting at 3 PM today. Ref2701
spam,Urgent: Verify your account and win a bonus. Ref56
spam,Earn money fast from home. Click here now. Ref4551
spam,You have been selected for an exclusive gift card. Ref1060
ham,Please find the project update attached. Ref2428
spam,Urgent: Verify your account and win a bonus. Ref531
spam,Congratulations! You have won a cash prize. Claim now. Ref4800
ham,Reminder: team meeting at 3 PM today. Ref846
spam,Limited time offer! Get free rewards today. Ref4110
ham,Please find the project update attached. Ref2000
spam,Congratulations! You have won a cash prize. Claim now. Ref2559
ham,Thank you for your email. I will review it. Ref511
spam,Congratulations! You have won a cash prize. Claim now. Ref4770
ham,"Hi, can we schedule a meeting for tomorrow? Ref4559"
ham,Please find the project update attached. Ref44
ham,Please find the project update attached. Ref2225
spam,Congratulations! You have won a cash prize. Claim now. Ref4805
ham,Let's discuss the requirements in today's call. Ref2311
spam,Congratulations! You have won a cash prize. Claim now. Ref2563
ham,"Hi, can we schedule a meeting for tomorrow? Ref4038"
ham,Let's discuss the requirements in today's call. Ref3470
spam,Earn money fast from home. Click here now. Ref979
spam,Earn money fast from home. Click here now. Ref4977
spam,Congratulations! You have won a cash prize. Claim now. Ref2314
ham,Reminder: team meeting at 3 PM today. Ref3233
spam,You have been selected for an exclusive gift card. Ref4146
spam,Limited time offer! Get free rewards today. Ref2258
spam,You have been selected for an exclusive gift card. Ref544
ham,Please find the project update attached. Ref1677
ham,"Hi, can we schedule a meeting for tomorrow? Ref2196"
ham,Please find the project update attached. Ref1218
ham,Please find the project update attached. Ref1730
ham,Reminder: team meeting at 3 PM today. Ref2467
spam,Earn money fast from home. Click here now. Ref4429
spam,Urgent: Verify your account and win a bonus. Ref374
spam,You have been selected for an exclusive gift card. Ref1246
spam,Limited time offer! Get free rewards today. Ref3886
ham,"Hi, can we schedule a meeting for tomorrow? Ref3017"
spam,Limited time offer! Get free rewards today. Ref2990
spam,Congratulations! You have won a cash prize. Claim now. Ref1194
spam,Earn money fast from home. Click here now. Ref729
spam,You have been selected for an exclusive gift card. Ref2625
spam,Urgent: Verify your account and win a bonus. Ref3443
ham,Please find the project update attached. Ref865
ham,"Hi, can we schedule a meeting for tomorrow? Ref871"
ham,Reminder: team meeting at 3 PM today. Ref4337
ham,Thank you for your email. I will review it. Ref2926
ham,Let's discuss the requirements in today's call. Ref1078
spam,Urgent: Verify your account and win a bonus. Ref117
spam,You have been selected for an exclusive gift card. Ref1740
spam,Limited time offer! Get free rewards today. Ref3128
spam,Earn money fast from home. Click here now. Ref948
ham,"Hi, can we schedule a meeting for tomorrow? Ref903"
ham,Reminder: team meeting at 3 PM today. Ref42
ham,Let's discuss the requirements in today's call. Ref128
spam,Congratulations! You have won a cash prize. Claim now. Ref3176
spam,Earn money fast from home. Click here now. Ref2305
spam,Congratulations! You have won a cash prize. Claim now. Ref4892
spam,Earn money fast from home. Click here now. Ref3698
ham,Reminder: team meeting at 3 PM today. Ref1894
ham,Thank you for your email. I will review it. Ref1586
ham,"Hi, can we schedule a meeting for tomorrow? Ref175"
ham,Reminder: team meeting at 3 PM today. Ref2489
spam,Urgent: Verify your account and win a bonus. Ref4765
spam,You have been selected for an exclusive gift card. Ref3518
spam,Urgent: Verify your account and win a bonus. Ref1020
ham,Reminder: team meeting at 3 PM today. Ref850
ham,Thank you for your email. I will review it. Ref2334
ham,Let's discuss the requirements in today's call. Ref1577
ham,Please find the project update attached. Ref1500
ham,Thank you for your email. I will review it. Ref1426
ham,Let's discuss the requirements in today's call. Ref4455
spam,Earn money fast from home. Click here now. Ref4071
spam,You have been selected for an exclusive gift card. Ref1839
spam,Congratulations! You have won a cash prize. Claim now. Ref363
spam,Congratulations! You have won a cash prize. Claim now. Ref38
spam,Urgent: Verify your account and win a bonus. Ref4113
ham,Let's discuss the requirements in today's call. Ref1440
ham,Please find the project update attached. Ref2653
spam,Earn money fast from home. Click here now. Ref4221
spam,Earn money fast from home. Click here now. Ref3138
ham,Reminder: team meeting at 3 PM today. Ref720
ham,Please find the project update attached. Ref2854
spam,You have been selected for an exclusive gift card. Ref4780
ham,Let's discuss the requirements in today's call. Ref2930
ham,Thank you for your email. I will review it. Ref4479
spam,You have been selected for an exclusive gift card. Ref471
ham,Please find the project update attached. Ref2068
ham,Let's discuss the requirements in today's call. Ref262
ham,Thank you for your email. I will review it. Ref694
ham,Thank you for your email. I will review it. Ref2960
spam,You have been selected for an exclusive gift card. Ref3037
ham,Reminder: team meeting at 3 PM today. Ref1837
ham,"Hi, can we schedule a meeting for tomorrow? Ref478"
spam,Limited time offer! Get free rewards today. Ref329
spam,Congratulations! You have won a cash prize. Claim now. Ref3033
ham,"Hi, can we schedule a meeting for tomorrow? Ref4810"
spam,Congratulations! You have won a cash prize. Claim now. Ref1696
spam,You have been selected for an exclusive gift card. Ref587
ham,Thank you for your email. I will review it. Ref320
ham,"Hi, can we schedule a meeting for tomorrow? Ref4755"
spam,Limited time offer! Get free rewards today. Ref2479
spam,Limited time offer! Get free rewards today. Ref1536
ham,Please find the project update attached. Ref131
spam,Urgent: Verify your account and win a bonus. Ref4548
ham,Please find the project update attached. Ref3958
spam,Limited time offer! Get free rewards today. Ref3436
ham,Reminder: team meeting at 3 PM today. Ref4267
spam,Congratulations! You have won a cash prize. Claim now. Ref4757
spam,Limited time offer! Get free rewards today. Ref3231
ham,"Hi, can we schedule a meeting for tomorrow? Ref2322"
ham,Let's discuss the requirements in today's call. Ref1756
ham,Reminder: team meeting at 3 PM today. Ref3243
ham,Thank you for your email. I will review it. Ref405
ham,Please find the project update attached. Ref4011
spam,You have been selected for an exclusive gift card. Ref600
ham,Thank you for your email. I will review it. Ref2274
ham,Thank you for your email. I will review it. Ref105
ham,Thank you for your email. I will review it. Ref1850
spam,Earn money fast from home. Click here now. Ref4468
ham,Reminder: team meeting at 3 PM today. Ref4572
spam,Limited time offer! Get free rewards today. Ref2984
spam,Limited time offer! Get free rewards today. Ref626
ham,Reminder: team meeting at 3 PM today. Ref1212
spam,Limited time offer! Get free rewards today. Ref2524
ham,Reminder: team meeting at 3 PM today. Ref816
spam,Congratulations! You have won a cash prize. Claim now. Ref901
ham,Let's discuss the requirements in today's call. Ref424
ham,Let's discuss the requirements in today's call. Ref2381
spam,Earn money fast from home. Click here now. Ref2865
ham,Let's discuss the requirements in today's call. Ref1505
ham,Thank you for your email. I will review it. Ref2201
ham,Please find the project update attached. Ref1391
ham,Reminder: team meeting at 3 PM today. Ref4029
spam,Limited time offer! Get free rewards today. Ref3339
spam,Earn money fast from home. Click here now. Ref530
ham,Reminder: team meeting at 3 PM today. Ref748
spam,You have been selected for an exclusive gift card. Ref4109
spam,Congratulations! You have won a cash prize. Claim now. Ref4605
ham,Let's discuss the requirements in today's call. Ref3936
ham,"Hi, can we schedule a meeting for tomorrow? Ref204"
spam,Urgent: Verify your account and win a bonus. Ref4297
ham,Reminder: team meeting at 3 PM today. Ref621
spam,Congratulations! You have won a cash prize. Claim now. Ref3819
spam,You have been selected for an exclusive gift card. Ref370
spam,Earn money fast from home. Click here now. Ref3328
ham,Thank you for your email. I will review it. Ref3799
ham,"Hi, can we schedule a meeting for tomorrow? Ref3942"
ham,Reminder: team meeting at 3 PM today. Ref1460
spam,Earn money fast from home. Click here now. Ref2342
spam,Urgent: Verify your account and win a bonus. Ref4268
ham,"Hi, can we schedule a meeting for tomorrow? Ref4394"
spam,Earn money fast from home. Click here now. Ref1938
spam,Congratulations! You have won a cash prize. Claim now. Ref869
spam,Earn money fast from home. Click here now. Ref2503
spam,You have been selected for an exclusive gift card. Ref3851
ham,Please find the project update attached. Ref264
ham,Let's discuss the requirements in today's call. Ref4006
spam,Urgent: Verify your account and win a bonus. Ref30
ham,Let's discuss the requirements in today's call. Ref2963
spam,Urgent: Verify your account and win a bonus. Ref3455
spam,Urgent: Verify your account and win a bonus. Ref996
spam,Urgent: Verify your account and win a bonus. Ref1667
ham,Thank you for your email. I will review it. Ref1510
ham,Let's discuss the requirements in today's call. Ref1646
spam,Congratulations! You have won a cash prize. Claim now. Ref4839
spam,Earn money fast from home. Click here now. Ref3903
ham,"Hi, can we schedule a meeting for tomorrow? Ref4661"
ham,Reminder: team meeting at 3 PM today. Ref4317
ham,Reminder: team meeting at 3 PM today. Ref288
ham,Reminder: team meeting at 3 PM today. Ref4836
ham,"Hi, can we schedule a meeting for tomorrow? Ref733"
ham,Please find the project update attached. Ref143
spam,Earn money fast from home. Click here now. Ref1025
spam,Limited time offer! Get free rewards today. Ref4895
ham,Reminder: team meeting at 3 PM today. Ref1084
spam,Urgent: Verify your account and win a bonus. Ref507
spam,Urgent: Verify your account and win a bonus. Ref4590
spam,You have been selected for an exclusive gift card. Ref3446
spam,Urgent: Verify your account and win a bonus. Ref615
ham,"Hi, can we schedule a meeting for tomorrow? Ref1173"
ham,Thank you for your email. I will review it. Ref202
ham,Reminder: team meeting at 3 PM today. Ref4184
spam,You have been selected for an exclusive gift card. Ref2861
spam,You have been selected for an exclusive gift card. Ref3379
spam,You have been selected for an exclusive gift card. Ref3488
ham,"Hi, can we schedule a meeting for tomorrow? Ref4947"
spam,Limited time offer! Get free rewards today. Ref4013
ham,Thank you for your email. I will review it. Ref339
ham,Please find the project update attached. Ref3722
ham,"Hi, can we schedule a meeting for tomorrow? Ref2606"
spam,Earn money fast from home. Click here now. Ref4851
ham,Please find the project update attached. Ref2154
ham,Please find the project update attached. Ref2913
ham,"Hi, can we schedule a meeting for tomorrow? Ref459"
spam,Limited time offer! Get free rewards today. Ref283
spam,Urgent: Verify your account and win a bonus. Ref1191
ham,Let's discuss the requirements in today's call. Ref2267
spam,Limited time offer! Get free rewards today. Ref4031
spam,Congratulations! You have won a cash prize. Claim now. Ref207
ham,"Hi, can we schedule a meeting for tomorrow? Ref3674"
spam,Urgent: Verify your account and win a bonus. Ref2841
spam,Earn money fast from home. Click here now. Ref910
ham,Reminder: team meeting at 3 PM today. Ref2935
ham,Thank you for your email. I will review it. Ref656
ham,Reminder: team meeting at 3 PM today. Ref123
spam,You have been selected for an exclusive gift card. Ref808
ham,Please find the project update attached. Ref2574
spam,You have been selected for an exclusive gift card. Ref2388
spam,You have been selected for an exclusive gift card. Ref4954
spam,You have been selected for an exclusive gift card. Ref2279
ham,Reminder: team meeting at 3 PM today. Ref4945
spam,Earn money fast from home. Click here now. Ref2277
ham,Reminder: team meeting at 3 PM today. Ref4402
ham,Thank you for your email. I will review it. Ref4737
ham,Reminder: team meeting at 3 PM today. Ref2784
ham,Reminder: team meeting at 3 PM today. Ref3164
spam,You have been selected for an exclusive gift card. Ref4005
ham,Reminder: team meeting at 3 PM today. Ref3708
ham,Thank you for your email. I will review it. Ref1695
ham,Reminder: team meeting at 3 PM today. Ref3412
ham,Please find the project update attached. Ref3687
spam,Limited time offer! Get free rewards today. Ref4048
ham,Reminder: team meeting at 3 PM today. Ref2696
ham,"Hi, can we schedule a meeting for tomorrow? Ref2929"
spam,You have been selected for an exclusive gift card. Ref2225
ham,Let's discuss the requirements in today's call. Ref486
spam,Earn money fast from home. Click here now. Ref1072
ham,Reminder: team meeting at 3 PM today. Ref2852
ham,Let's discuss the requirements in today's call. Ref187
spam,You have been selected for an exclusive gift card. Ref4704
ham,Reminder: team meeting at 3 PM today. Ref4352
ham,Thank you for your email. I will review it. Ref4890
spam,Congratulations! You have won a cash prize. Claim now. Ref1154
spam,Earn money fast from home. Click here now. Ref4581
spam,Urgent: Verify your account and win a bonus. Ref3032
ham,Thank you for your email. I will review it. Ref303
ham,Thank you for your email. I will review it. Ref872
ham,Please find the project update attached. Ref3614
ham,Let's discuss the requirements in today's call. Ref272
ham,Let's discuss the requirements in today's call. Ref627
spam,Earn money fast from home. Click here now. Ref1323
spam,Earn money fast from home. Click here now. Ref1817
spam,Urgent: Verify your account and win a bonus. Ref3260
ham,"Hi, can we schedule a meeting for tomorrow? Ref2325"
ham,Please find the project update attached. Ref101
ham,"Hi, can we schedule a meeting for tomorrow? Ref3812"
spam,Limited time offer! Get free rewards today. Ref889
spam,Limited time offer! Get free rewards today. Ref1708
spam,Limited time offer! Get free rewards today. Ref527
spam,Limited time offer! Get free rewards today. Ref4257
spam,Urgent: Verify your account and win a bonus. Ref2470
ham,Please find the project update attached. Ref909
spam,Earn money fast from home. Click here now. Ref3142
ham,Let's discuss the requirements in today's call. Ref1704
ham,"Hi, can we schedule a meeting for tomorrow? Ref3877"
spam,Earn money fast from home. Click here now. Ref2172
ham,"Hi, can we schedule a meeting for tomorrow? Ref1001"
spam,Limited time offer! Get free rewards today. Ref2922
spam,Earn money fast from home. Click here now. Ref57
spam,Congratulations! You have won a cash prize. Claim now. Ref3852
spam,Urgent: Verify your account and win a bonus. Ref3182
ham,Let's discuss the requirements in today's call. Ref2160
spam,Congratulations! You have won a cash prize. Claim now. Ref535
ham,"Hi, can we schedule a meeting for tomorrow? Ref936"
spam,You have been selected for an exclusive gift card. Ref3710
ham,Let's discuss the requirements in today's call. Ref418
ham,Let's discuss the requirements in today's call. Ref809
ham,Thank you for your email. I will review it. Ref4925
ham,Let's discuss the requirements in today's call. Ref3194
ham,"Hi, can we schedule a meeting for tomorrow? Ref4102"
ham,Reminder: team meeting at 3 PM today. Ref3736
ham,"Hi, can we schedule a meeting for tomorrow? Ref2159"
spam,Congratulations! You have won a cash prize. Claim now. Ref2903
ham,Please find the project update attached. Ref2
spam,Urgent: Verify your account and win a bonus. Ref1408
spam,Limited time offer! Get free rewards today. Ref734
ham,Reminder: team meeting at 3 PM today. Ref863
ham,"Hi, can we schedule a meeting for tomorrow? Ref3816"
spam,Congratulations! You have won a cash prize. Claim now. Ref3295
ham,Thank you for your email. I will review it. Ref575
spam,Congratulations! You have won a cash prize. Claim now. Ref4203
ham,"Hi, can we schedule a meeting for tomorrow? Ref2448"
spam,Congratulations! You have won a cash prize. Claim now. Ref3906
ham,"Hi, can we schedule a meeting for tomorrow? Ref1259"
spam,Congratulations! You have won a cash prize. Claim now. Ref349
ham,Reminder: team meeting at 3 PM today. Ref3229
spam,You have been selected for an exclusive gift card. Ref4923
ham,"Hi, can we schedule a meeting for tomorrow? Ref2500"
spam,Urgent: Verify your account and win a bonus. Ref2384
spam,Congratulations! You have won a cash prize. Claim now. Ref3970
spam,Earn money fast from home. Click here now. Ref1421
ham,"Hi, can we schedule a meeting for tomorrow? Ref4299"
ham,Reminder: team meeting at 3 PM today. Ref3989
spam,You have been selected for an exclusive gift card. Ref3476
spam,Limited time offer! Get free rewards today. Ref3532
ham,Reminder: team meeting at 3 PM today. Ref2519
spam,Congratulations! You have won a cash prize. Claim now. Ref1745
ham,Thank you for your email. I will review it. Ref1015
spam,Congratulations! You have won a cash prize. Claim now. Ref4049
ham,"Hi, can we schedule a meeting for tomorrow? Ref3825"
ham,Thank you for your email. I will review it. Ref2099
spam,Urgent: Verify your account and win a bonus. Ref2170
ham,Please find the project update attached. Ref1965
spam,Limited time offer! Get free rewards today. Ref3140
spam,Congratulations! You have won a cash prize. Claim now. Ref1869
ham,Thank you for your email. I will review it. Ref2610
ham,Please find the project update attached. Ref4261
spam,Urgent: Verify your account and win a bonus. Ref295
spam,Congratulations! You have won a cash prize. Claim now. Ref4397
ham,Please find the project update attached. Ref2365
ham,Reminder: team meeting at 3 PM today. Ref2475
spam,Congratulations! You have won a cash prize. Claim now. Ref80
spam,You have been selected for an exclusive gift card. Ref3823
spam,You have been selected for an exclusive gift card. Ref3787
ham,Please find the project update attached. Ref2065
ham,Let's discuss the requirements in today's call. Ref2344
spam,Limited time offer! Get free rewards today. Ref903
ham,Reminder: team meeting at 3 PM today. Ref1843
spam,Congratulations! You have won a cash prize. Claim now. Ref4185
spam,Urgent: Verify your account and win a bonus. Ref72
ham,Let's discuss the requirements in today's call. Ref2406
ham,Reminder: team meeting at 3 PM today. Ref4691
spam,Earn money fast from home. Click here now. Ref1324
ham,Thank you for your email. I will review it. Ref983
ham,Let's discuss the requirements in today's call. Ref3765
spam,Limited time offer! Get free rewards today. Ref2008
ham,Let's discuss the requirements in today's call. Ref784
spam,Congratulations! You have won a cash prize. Claim now. Ref2685
ham,"Hi, can we schedule a meeting for tomorrow? Ref4865"
spam,You have been selected for an exclusive gift card. Ref857
spam,Urgent: Verify your account and win a bonus. Ref3237
spam,Limited time offer! Get free rewards today. Ref2387
ham,Reminder: team meeting at 3 PM today. Ref52
spam,Earn money fast from home. Click here now. Ref671
spam,Congratulations! You have won a cash prize. Claim now. Ref2475
ham,"Hi, can we schedule a meeting for tomorrow? Ref3387"
ham,Thank you for your email. I will review it. Ref1932
spam,Urgent: Verify your account and win a bonus. Ref4060
ham,"Hi, can we schedule a meeting for tomorrow? Ref323"
spam,Limited time offer! Get free rewards today. Ref104
ham,Let's discuss the requirements in today's call. Ref1823
ham,Thank you for your email. I will review it. Ref3957
ham,Let's discuss the requirements in today's call. Ref2577
ham,"Hi, can we schedule a meeting for tomorrow? Ref900"
spam,Urgent: Verify your account and win a bonus. Ref769
ham,"Hi, can we schedule a meeting for tomorrow? Ref1377"
spam,Congratulations! You have won a cash prize. Claim now. Ref1369
ham,Thank you for your email. I will review it. Ref469
ham,Let's discuss the requirements in today's call. Ref1473
spam,You have been selected for an exclusive gift card. Ref4775
spam,Limited time offer! Get free rewards today. Ref1833
spam,Limited time offer! Get free rewards today. Ref1281
spam,Earn money fast from home. Click here now. Ref2321
ham,"Hi, can we schedule a meeting for tomorrow? Ref966"
spam,Urgent: Verify your account and win a bonus. Ref4804
spam,You have been selected for an exclusive gift card. Ref167
ham,Please find the project update attached. Ref171
spam,Limited time offer! Get free rewards today. Ref4920
ham,Thank you for your email. I will review it. Ref3090
ham,Let's discuss the requirements in today's call. Ref4403
ham,Thank you for your email. I will review it. Ref222
ham,Thank you for your email. I will review it. Ref3059
ham,Please find the project update attached. Ref3768
spam,You have been selected for an exclusive gift card. Ref4778
ham,Reminder: team meeting at 3 PM today. Ref4182
spam,Urgent: Verify your account and win a bonus. Ref1733
spam,Urgent: Verify your account and win a bonus. Ref2356
ham,Thank you for your email. I will review it. Ref567
ham,Thank you for your email. I will review it. Ref139
spam,Urgent: Verify your account and win a bonus. Ref3887
ham,"Hi, can we schedule a meeting for tomorrow? Ref2341"
ham,Thank you for your email. I will review it. Ref847
spam,Limited time offer! Get free rewards today. Ref2260
ham,Reminder: team meeting at 3 PM today. Ref37
spam,Earn money fast from home. Click here now. Ref3827
spam,Earn money fast from home. Click here now. Ref3837
ham,Reminder: team meeting at 3 PM today. Ref2118
ham,Reminder: team meeting at 3 PM today. Ref332
ham,"Hi, can we schedule a meeting for tomorrow? Ref3622"
ham,Please find the project update attached. Ref4997
ham,Let's discuss the requirements in today's call. Ref2307
spam,Urgent: Verify your account and win a bonus. Ref239
ham,Thank you for your email. I will review it. Ref2045
spam,Limited time offer! Get free rewards today. Ref2320
ham,"Hi, can we schedule a meeting for tomorrow? Ref3655"
spam,Earn money fast from home. Click here now. Ref1547
ham,Let's discuss the requirements in today's call. Ref2380
ham,Thank you for your email. I will review it. Ref15
ham,Let's discuss the requirements in today's call. Ref3909
ham,Thank you for your email. I will review it. Ref3144
spam,Limited time offer! Get free rewards today. Ref3394
spam,Earn money fast from home. Click here now. Ref3547
ham,Please find the project update attached. Ref4662
ham,Thank you for your email. I will review it. Ref3312
ham,Reminder: team meeting at 3 PM today. Ref1179
spam,Earn money fast from home. Click here now. Ref871
spam,Urgent: Verify your account and win a bonus. Ref2726
spam,You have been selected for an exclusive gift card. Ref4518
spam,Congratulations! You have won a cash prize. Claim now. Ref3280
ham,Reminder: team meeting at 3 PM today. Ref3089
ham,Please find the project update attached. Ref1938
spam,Limited time offer! Get free rewards today. Ref4681
ham,"Hi, can we schedule a meeting for tomorrow? Ref1552"
ham,Thank you for your email. I will review it. Ref881
ham,Reminder: team meeting at 3 PM today. Ref2310
spam,Congratulations! You have won a cash prize. Claim now. Ref2672
ham,Let's discuss the requirements in today's call. Ref893
ham,Thank you for your email. I will review it. Ref2954
ham,Let's discuss the requirements in today's call. Ref1497
ham,Please find the project update attached. Ref2979
spam,Urgent: Verify your account and win a bonus. Ref1336
spam,Urgent: Verify your account and win a bonus. Ref1050
ham,Let's discuss the requirements in today's call. Ref2671
ham,Reminder: team meeting at 3 PM today. Ref667
ham,Thank you for your email. I will review it. Ref3731
ham,Reminder: team meeting at 3 PM today. Ref1095
spam,You have been selected for an exclusive gift card. Ref2161
spam,Earn money fast from home. Click here now. Ref4443
ham,Let's discuss the requirements in today's call. Ref3004
ham,"Hi, can we schedule a meeting for tomorrow? Ref305"
ham,Please find the project update attached. Ref2172
spam,Congratulations! You have won a cash prize. Claim now. Ref203
ham,Please find the project update attached. Ref588
spam,Limited time offer! Get free rewards today. Ref3338
ham,Reminder: team meeting at 3 PM today. Ref1665
ham,"Hi, can we schedule a meeting for tomorrow? Ref1917"
spam,Limited time offer! Get free rewards today. Ref3398
spam,Urgent: Verify your account and win a bonus. Ref3736
ham,Thank you for your email. I will review it. Ref284
spam,You have been selected for an exclusive gift card. Ref2643
spam,Limited time offer! Get free rewards today. Ref4044
spam,Limited time offer! Get free rewards today. Ref2901
spam,Earn money fast from home. Click here now. Ref799
spam,You have been selected for an exclusive gift card. Ref1579
ham,Let's discuss the requirements in today's call. Ref2012
ham,Please find the project update attached. Ref391
spam,You have been selected for an exclusive gift card. Ref2609
spam,You have been selected for an exclusive gift card. Ref4461
spam,Congratulations! You have won a cash prize. Claim now. Ref2349
spam,Congratulations! You have won a cash prize. Claim now. Ref308
ham,"Hi, can we schedule a meeting for tomorrow? Ref988"
spam,Earn money fast from home. Click here now. Ref4567
spam,Urgent: Verify your account and win a bonus. Ref2393
spam,Urgent: Verify your account and win a bonus. Ref2156
ham,Let's discuss the requirements in today's call. Ref1673
spam,Urgent: Verify your account and win a bonus. Ref3239
spam,Earn money fast from home. Click here now. Ref3160
ham,Please find the project update attached. Ref4600
spam,Congratulations! You have won a cash prize. Claim now. Ref1459
ham,Thank you for your email. I will review it. Ref3613
spam,Earn money fast from home. Click here now. Ref131
ham,Thank you for your email. I will review it. Ref975
spam,Urgent: Verify your account and win a bonus. Ref3463
spam,Limited time offer! Get free rewards today. Ref783
